suite,family,scale,split,time_limit,solver_seeds,path,relative_path,instance,method,seed,training_seed,run_label,warm_start,started_at,status,solving_time,end_to_end_time,cutsel_callback_calls,cutsel_callback_time,cutsel_feature_time,cutsel_device_transfer_time,cutsel_policy_inference_time,cutsel_structure_rerank_time,cutsel_root_calls,cutsel_nonroot_calls,nodes,gap,primal_dual_integral,best_objective,schedule_total_wait,schedule_max_wait,schedule_cadence_cv,schedule_cadence_deviation_sum,n_solutions,has_incumbent,solution_file,solution_write_error,acs_weights,acs_weight_source,policy_model,feature_dim,structure_rerank,decode_type,error
cie_core_nominal,dual_source_cluster_tool,8_to_32_wafers_nominal_processing,test,600.0,[],D:\git\git\RDMCT-A3C\cie\data\core\pure41\cie_core_n008_f008_m000_proc100.lp,pure41\cie_core_n008_f008_m000_proc100.lp,cie_core_n008_f008_m000_proc100.lp,hem,3,2,trainseed_2,auto,2026-07-23T04:35:10,optimal,1.0,0.3398910000032629,1,0.27312849999725586,0.0049991607666015625,0.0,0.2666511535644531,0.0,1,0,1,0.0,2.622950819672131,610.0,424.0,58.0,0.0,0.0,1,True,D:\git\git\RDMCT-A3C\cie\results\main\cie_main_600s_compact_final_v1\seed3\solutions\cie_core_nominal__cie_core_n008_f008_m000_proc100__hem__solverseed_3__trainseed_2__trainseed_2.sol,,,,D:\git\git\RDMCT-A3C\cie\models\hem\seed_2\itr_60.pkl,13,False,greedy,
cie_core_nominal,dual_source_cluster_tool,8_to_32_wafers_nominal_processing,test,600.0,[],D:\git\git\RDMCT-A3C\cie\data\core\pure41\cie_core_n008_f008_m000_proc100.lp,pure41\cie_core_n008_f008_m000_proc100.lp,cie_core_n008_f008_m000_proc100.lp,rdmct_feature_only,3,2,trainseed_2,auto,2026-07-23T04:35:11,optimal,0.0,0.0997815000009723,1,0.03280240000458434,0.010000467300415039,0.0,0.021140098571777344,0.0,1,0,1,0.0,0.0,610.0,424.0,58.0,0.0,0.0,1,True,D:\git\git\RDMCT-A3C\cie\results\main\cie_main_600s_compact_final_v1\seed3\solutions\cie_core_nominal__cie_core_n008_f008_m000_proc100__rdmct_feature_only__solverseed_3__trainseed_2__trainseed_2.sol,,,,D:\git\git\RDMCT-A3C\cie\models\feature_only\seed_2\itr_60.pkl,23,False,greedy,
cie_core_nominal,dual_source_cluster_tool,8_to_32_wafers_nominal_processing,test,600.0,[],D:\git\git\RDMCT-A3C\cie\data\core\pure41\cie_core_n008_f008_m000_proc100.lp,pure41\cie_core_n008_f008_m000_proc100.lp,cie_core_n008_f008_m000_proc100.lp,hem_beam,3,2,trainseed_2,auto,2026-07-23T04:35:11,optimal,0.0,0.21205969999573426,1,0.1460949000029359,0.005000591278076172,0.0,0.13949918746948242,0.0,1,0,1,0.0,0.0,610.0,424.0,58.0,0.0,0.0,1,True,D:\git\git\RDMCT-A3C\cie\results\main\cie_main_600s_compact_final_v1\seed3\solutions\cie_core_nominal__cie_core_n008_f008_m000_proc100__hem_beam__solverseed_3__trainseed_2__trainseed_2.sol,,,,D:\git\git\RDMCT-A3C\cie\models\hem\seed_2\itr_60.pkl,13,False,beam_search,
cie_core_nominal,dual_source_cluster_tool,8_to_32_wafers_nominal_processing,test,600.0,[],D:\git\git\RDMCT-A3C\cie\data\core\pure41\cie_core_n008_f008_m000_proc100.lp,pure41\cie_core_n008_f008_m000_proc100.lp,cie_core_n008_f008_m000_proc100.lp,hem_structure,3,2,trainseed_2,auto,2026-07-23T04:35:11,optimal,0.0,0.08447619999788003,1,0.019686500003444962,0.011135578155517578,0.0,0.0049991607666015625,0.0031080245971679688,1,0,1,0.0,0.0,610.0,424.0,58.0,0.0,0.0,1,True,D:\git\git\RDMCT-A3C\cie\results\main\cie_main_600s_compact_final_v1\seed3\solutions\cie_core_nominal__cie_core_n008_f008_m000_proc100__hem_structure__solverseed_3__trainseed_2__trainseed_2.sol,,,,D:\git\git\RDMCT-A3C\cie\models\proposed\seed_2\itr_60.pkl,23,True,greedy,
cie_core_nominal,dual_source_cluster_tool,8_to_32_wafers_nominal_processing,test,600.0,[],D:\git\git\RDMCT-A3C\cie\data\core\pure41\cie_core_n008_f008_m000_proc100.lp,pure41\cie_core_n008_f008_m000_proc100.lp,cie_core_n008_f008_m000_proc100.lp,proposed,3,2,trainseed_2,auto,2026-07-23T04:35:11,optimal,0.0,0.08404929999960586,1,0.020143500005360693,0.009000301361083984,0.0,0.0069997310638427734,0.0030002593994140625,1,0,1,0.0,0.0,610.0,424.0,58.0,0.0,0.0,1,True,D:\git\git\RDMCT-A3C\cie\results\main\cie_main_600s_compact_final_v1\seed3\solutions\cie_core_nominal__cie_core_n008_f008_m000_proc100__proposed__solverseed_3__trainseed_2__trainseed_2.sol,,,,D:\git\git\RDMCT-A3C\cie\models\proposed\seed_2\itr_60.pkl,23,True,beam_search,
cie_core_nominal,dual_source_cluster_tool,8_to_32_wafers_nominal_processing,test,600.0,[],D:\git\git\RDMCT-A3C\cie\data\core\pure41\cie_core_n016_f016_m000_proc100.lp,pure41\cie_core_n016_f016_m000_proc100.lp,cie_core_n016_f016_m000_proc100.lp,rdmct_feature_only,3,2,trainseed_2,auto,2026-07-23T04:35:11,optimal,1.0,0.41857940000045346,1,0.03374020000046585,0.01225137710571289,0.0,0.019073009490966797,0.0,1,0,1,0.0,100.0,944.0,21178.0,10000.0,0.012121212121212121,0.0,3,True,D:\git\git\RDMCT-A3C\cie\results\main\cie_main_600s_compact_final_v1\seed3\solutions\cie_core_nominal__cie_core_n016_f016_m000_proc100__rdmct_feature_only__solverseed_3__trainseed_2__trainseed_2.sol,,,,D:\git\git\RDMCT-A3C\cie\models\feature_only\seed_2\itr_60.pkl,23,False,greedy,
cie_core_nominal,dual_source_cluster_tool,8_to_32_wafers_nominal_processing,test,600.0,[],D:\git\git\RDMCT-A3C\cie\data\core\pure41\cie_core_n016_f016_m000_proc100.lp,pure41\cie_core_n016_f016_m000_proc100.lp,cie_core_n016_f016_m000_proc100.lp,hem_beam,3,2,trainseed_2,auto,2026-07-23T04:35:12,optimal,0.0,0.4418424999967101,1,0.048593899999104906,0.006999969482421875,0.0,0.03949260711669922,0.0010292530059814453,1,0,1,0.0,0.0,944.0,21076.0,10000.0,0.012121212121212121,0.0,3,True,D:\git\git\RDMCT-A3C\cie\results\main\cie_main_600s_compact_final_v1\seed3\solutions\cie_core_nominal__cie_core_n016_f016_m000_proc100__hem_beam__solverseed_3__trainseed_2__trainseed_2.sol,,,,D:\git\git\RDMCT-A3C\cie\models\hem\seed_2\itr_60.pkl,13,False,beam_search,
cie_core_nominal,dual_source_cluster_tool,8_to_32_wafers_nominal_processing,test,600.0,[],D:\git\git\RDMCT-A3C\cie\data\core\pure41\cie_core_n016_f016_m000_proc100.lp,pure41\cie_core_n016_f016_m000_proc100.lp,cie_core_n016_f016_m000_proc100.lp,hem_structure,3,2,trainseed_2,auto,2026-07-23T04:35:12,optimal,1.0,0.4232138000006671,1,0.04155420000461163,0.01217794418334961,0.0,0.003997325897216797,0.0030007362365722656,1,0,1,0.0,12.796208530805687,944.0,21082.0,10000.0,0.012121212121212121,0.0,3,True,D:\git\git\RDMCT-A3C\cie\results\main\cie_main_600s_compact_final_v1\seed3\solutions\cie_core_nominal__cie_core_n016_f016_m000_proc100__hem_structure__solverseed_3__trainseed_2__trainseed_2.sol,,,,D:\git\git\RDMCT-A3C\cie\models\proposed\seed_2\itr_60.pkl,23,True,greedy,
cie_core_nominal,dual_source_cluster_tool,8_to_32_wafers_nominal_processing,test,600.0,[],D:\git\git\RDMCT-A3C\cie\data\core\pure41\cie_core_n016_f016_m000_proc100.lp,pure41\cie_core_n016_f016_m000_proc100.lp,cie_core_n016_f016_m000_proc100.lp,proposed,3,2,trainseed_2,auto,2026-07-23T04:35:13,optimal,0.0,0.41741370000090683,1,0.02781420000246726,0.01531529426574707,0.0,0.007000446319580078,0.0030908584594726562,1,0,1,0.0,0.0,944.0,21082.0,10000.0,0.012121212121212121,0.0,3,True,D:\git\git\RDMCT-A3C\cie\results\main\cie_main_600s_compact_final_v1\seed3\solutions\cie_core_nominal__cie_core_n016_f016_m000_proc100__proposed__solverseed_3__trainseed_2__trainseed_2.sol,,,,D:\git\git\RDMCT-A3C\cie\models\proposed\seed_2\itr_60.pkl,23,True,beam_search,
cie_core_nominal,dual_source_cluster_tool,8_to_32_wafers_nominal_processing,test,600.0,[],D:\git\git\RDMCT-A3C\cie\data\core\pure41\cie_core_n016_f016_m000_proc100.lp,pure41\cie_core_n016_f016_m000_proc100.lp,cie_core_n016_f016_m000_proc100.lp,hem,3,2,trainseed_2,auto,2026-07-23T04:35:13,optimal,0.0,0.4304654000006849,1,0.02800559999741381,0.006242513656616211,0.0010006427764892578,0.016999244689941406,0.0,1,0,1,0.0,0.0,944.0,21076.0,10000.0,0.012121212121212121,0.0,3,True,D:\git\git\RDMCT-A3C\cie\results\main\cie_main_600s_compact_final_v1\seed3\solutions\cie_core_nominal__cie_core_n016_f016_m000_proc100__hem__solverseed_3__trainseed_2__trainseed_2.sol,,,,D:\git\git\RDMCT-A3C\cie\models\hem\seed_2\itr_60.pkl,13,False,greedy,
cie_core_nominal,dual_source_cluster_tool,8_to_32_wafers_nominal_processing,test,600.0,[],D:\git\git\RDMCT-A3C\cie\data\core\pure41\cie_core_n024_f024_m000_proc100.lp,pure41\cie_core_n024_f024_m000_proc100.lp,cie_core_n024_f024_m000_proc100.lp,hem_beam,3,2,trainseed_2,auto,2026-07-23T04:35:13,optimal,3.0,3.0290408000000753,0,0.0,0.0,0.0,0.0,0.0,0,0,1,0.0,300.0,1268.0,40784.0,10000.0,0.0132622573320741,10.0,1,True,D:\git\git\RDMCT-A3C\cie\results\main\cie_main_600s_compact_final_v1\seed3\solutions\cie_core_nominal__cie_core_n024_f024_m000_proc100__hem_beam__solverseed_3__trainseed_2__trainseed_2.sol,,,,D:\git\git\RDMCT-A3C\cie\models\hem\seed_2\itr_60.pkl,13,False,beam_search,
cie_core_nominal,dual_source_cluster_tool,8_to_32_wafers_nominal_processing,test,600.0,[],D:\git\git\RDMCT-A3C\cie\data\core\pure41\cie_core_n024_f024_m000_proc100.lp,pure41\cie_core_n024_f024_m000_proc100.lp,cie_core_n024_f024_m000_proc100.lp,hem_structure,3,2,trainseed_2,auto,2026-07-23T04:35:16,optimal,3.0,3.4173363000008976,0,0.0,0.0,0.0,0.0,0.0,0,0,1,0.0,300.0,1268.0,40784.0,10000.0,0.0132622573320741,10.0,1,True,D:\git\git\RDMCT-A3C\cie\results\main\cie_main_600s_compact_final_v1\seed3\solutions\cie_core_nominal__cie_core_n024_f024_m000_proc100__hem_structure__solverseed_3__trainseed_2__trainseed_2.sol,,,,D:\git\git\RDMCT-A3C\cie\models\proposed\seed_2\itr_60.pkl,23,True,greedy,
cie_core_nominal,dual_source_cluster_tool,8_to_32_wafers_nominal_processing,test,600.0,[],D:\git\git\RDMCT-A3C\cie\data\core\pure41\cie_core_n024_f024_m000_proc100.lp,pure41\cie_core_n024_f024_m000_proc100.lp,cie_core_n024_f024_m000_proc100.lp,proposed,3,2,trainseed_2,auto,2026-07-23T04:35:20,optimal,3.0,3.341158799994446,0,0.0,0.0,0.0,0.0,0.0,0,0,1,0.0,300.0,1268.0,40784.0,10000.0,0.0132622573320741,10.0,1,True,D:\git\git\RDMCT-A3C\cie\results\main\cie_main_600s_compact_final_v1\seed3\solutions\cie_core_nominal__cie_core_n024_f024_m000_proc100__proposed__solverseed_3__trainseed_2__trainseed_2.sol,,,,D:\git\git\RDMCT-A3C\cie\models\proposed\seed_2\itr_60.pkl,23,True,beam_search,
cie_core_nominal,dual_source_cluster_tool,8_to_32_wafers_nominal_processing,test,600.0,[],D:\git\git\RDMCT-A3C\cie\data\core\pure41\cie_core_n024_f024_m000_proc100.lp,pure41\cie_core_n024_f024_m000_proc100.lp,cie_core_n024_f024_m000_proc100.lp,hem,3,2,trainseed_2,auto,2026-07-23T04:35:23,optimal,4.0,3.520834200004174,0,0.0,0.0,0.0,0.0,0.0,0,0,1,0.0,400.0,1268.0,40784.0,10000.0,0.0132622573320741,10.0,1,True,D:\git\git\RDMCT-A3C\cie\results\main\cie_main_600s_compact_final_v1\seed3\solutions\cie_core_nominal__cie_core_n024_f024_m000_proc100__hem__solverseed_3__trainseed_2__trainseed_2.sol,,,,D:\git\git\RDMCT-A3C\cie\models\hem\seed_2\itr_60.pkl,13,False,greedy,
cie_core_nominal,dual_source_cluster_tool,8_to_32_wafers_nominal_processing,test,600.0,[],D:\git\git\RDMCT-A3C\cie\data\core\pure41\cie_core_n024_f024_m000_proc100.lp,pure41\cie_core_n024_f024_m000_proc100.lp,cie_core_n024_f024_m000_proc100.lp,rdmct_feature_only,3,2,trainseed_2,auto,2026-07-23T04:35:27,optimal,3.0,3.211076100000355,0,0.0,0.0,0.0,0.0,0.0,0,0,1,0.0,300.0,1268.0,40784.0,10000.0,0.0132622573320741,10.0,1,True,D:\git\git\RDMCT-A3C\cie\results\main\cie_main_600s_compact_final_v1\seed3\solutions\cie_core_nominal__cie_core_n024_f024_m000_proc100__rdmct_feature_only__solverseed_3__trainseed_2__trainseed_2.sol,,,,D:\git\git\RDMCT-A3C\cie\models\feature_only\seed_2\itr_60.pkl,23,False,greedy,
cie_core_nominal,dual_source_cluster_tool,8_to_32_wafers_nominal_processing,test,600.0,[],D:\git\git\RDMCT-A3C\cie\data\core\pure41\cie_core_n032_f032_m000_proc100.lp,pure41\cie_core_n032_f032_m000_proc100.lp,cie_core_n032_f032_m000_proc100.lp,hem_structure,3,2,trainseed_2,auto,2026-07-23T04:35:30,optimal,11.0,11.158445199995185,1,0.077617700000701,0.019114971160888672,0.0,0.02100062370300293,0.002999544143676758,1,0,1,0.0,1100.0,1592.0,59419.0,10000.0,0.0,0.0,2,True,D:\git\git\RDMCT-A3C\cie\results\main\cie_main_600s_compact_final_v1\seed3\solutions\cie_core_nominal__cie_core_n032_f032_m000_proc100__hem_structure__solverseed_3__trainseed_2__trainseed_2.sol,,,,D:\git\git\RDMCT-A3C\cie\models\proposed\seed_2\itr_60.pkl,23,True,greedy,
cie_core_nominal,dual_source_cluster_tool,8_to_32_wafers_nominal_processing,test,600.0,[],D:\git\git\RDMCT-A3C\cie\data\core\pure41\cie_core_n032_f032_m000_proc100.lp,pure41\cie_core_n032_f032_m000_proc100.lp,cie_core_n032_f032_m000_proc100.lp,proposed,3,2,trainseed_2,auto,2026-07-23T04:35:41,optimal,12.0,11.712936399999307,1,0.09512959999847226,0.01809406280517578,0.00099945068359375,0.037194252014160156,0.002999544143676758,1,0,1,0.0,1184.46,1592.0,59419.0,10000.0,0.0,0.0,2,True,D:\git\git\RDMCT-A3C\cie\results\main\cie_main_600s_compact_final_v1\seed3\solutions\cie_core_nominal__cie_core_n032_f032_m000_proc100__proposed__solverseed_3__trainseed_2__trainseed_2.sol,,,,D:\git\git\RDMCT-A3C\cie\models\proposed\seed_2\itr_60.pkl,23,True,beam_search,
cie_core_nominal,dual_source_cluster_tool,8_to_32_wafers_nominal_processing,test,600.0,[],D:\git\git\RDMCT-A3C\cie\data\core\pure41\cie_core_n032_f032_m000_proc100.lp,pure41\cie_core_n032_f032_m000_proc100.lp,cie_core_n032_f032_m000_proc100.lp,hem,3,2,trainseed_2,auto,2026-07-23T04:35:53,optimal,9.0,9.41636369999469,1,0.07241179999982705,0.014784812927246094,0.0009999275207519531,0.019700288772583008,0.0,1,0,1,0.0,900.0,1592.0,59445.0,10000.0,0.011443541338279375,10.0,2,True,D:\git\git\RDMCT-A3C\cie\results\main\cie_main_600s_compact_final_v1\seed3\solutions\cie_core_nominal__cie_core_n032_f032_m000_proc100__hem__solverseed_3__trainseed_2__trainseed_2.sol,,,,D:\git\git\RDMCT-A3C\cie\models\hem\seed_2\itr_60.pkl,13,False,greedy,
cie_core_nominal,dual_source_cluster_tool,8_to_32_wafers_nominal_processing,test,600.0,[],D:\git\git\RDMCT-A3C\cie\data\core\pure41\cie_core_n032_f032_m000_proc100.lp,pure41\cie_core_n032_f032_m000_proc100.lp,cie_core_n032_f032_m000_proc100.lp,rdmct_feature_only,3,2,trainseed_2,auto,2026-07-23T04:36:02,optimal,11.0,11.319591400002537,1,0.04382840000471333,0.0192105770111084,0.0010001659393310547,0.020612001419067383,0.0,1,0,1,0.0,1100.0,1592.0,59445.0,10000.0,0.011443541338279375,10.0,2,True,D:\git\git\RDMCT-A3C\cie\results\main\cie_main_600s_compact_final_v1\seed3\solutions\cie_core_nominal__cie_core_n032_f032_m000_proc100__rdmct_feature_only__solverseed_3__trainseed_2__trainseed_2.sol,,,,D:\git\git\RDMCT-A3C\cie\models\feature_only\seed_2\itr_60.pkl,23,False,greedy,
cie_core_nominal,dual_source_cluster_tool,8_to_32_wafers_nominal_processing,test,600.0,[],D:\git\git\RDMCT-A3C\cie\data\core\pure41\cie_core_n032_f032_m000_proc100.lp,pure41\cie_core_n032_f032_m000_proc100.lp,cie_core_n032_f032_m000_proc100.lp,hem_beam,3,2,trainseed_2,auto,2026-07-23T04:36:14,optimal,12.0,12.769185699995433,1,0.09312969999882625,0.015251398086547852,0.0,0.04219317436218262,0.0,1,0,1,0.0,1200.0,1592.0,59445.0,10000.0,0.011443541338279375,10.0,2,True,D:\git\git\RDMCT-A3C\cie\results\main\cie_main_600s_compact_final_v1\seed3\solutions\cie_core_nominal__cie_core_n032_f032_m000_proc100__hem_beam__solverseed_3__trainseed_2__trainseed_2.sol,,,,D:\git\git\RDMCT-A3C\cie\models\hem\seed_2\itr_60.pkl,13,False,beam_search,
cie_core_nominal,dual_source_cluster_tool,8_to_32_wafers_nominal_processing,test,600.0,[],D:\git\git\RDMCT-A3C\cie\data\core\spbs\cie_core_n008_f000_m008_proc100.lp,spbs\cie_core_n008_f000_m008_proc100.lp,cie_core_n008_f000_m008_proc100.lp,proposed,3,2,trainseed_2,auto,2026-07-23T04:36:26,optimal,1.0,0.6457060999964597,1,0.042182299999694806,0.024265050888061523,0.004004001617431641,0.008999347686767578,0.0029997825622558594,1,0,1424,0.0,44.50867052023121,768.0,60284.0,10000.0,0.0,0.0,6,True,D:\git\git\RDMCT-A3C\cie\results\main\cie_main_600s_compact_final_v1\seed3\solutions\cie_core_nominal__cie_core_n008_f000_m008_proc100__proposed__solverseed_3__trainseed_2__trainseed_2.sol,,,,D:\git\git\RDMCT-A3C\cie\models\proposed\seed_2\itr_60.pkl,23,True,beam_search,
cie_core_nominal,dual_source_cluster_tool,8_to_32_wafers_nominal_processing,test,600.0,[],D:\git\git\RDMCT-A3C\cie\data\core\spbs\cie_core_n008_f000_m008_proc100.lp,spbs\cie_core_n008_f000_m008_proc100.lp,cie_core_n008_f000_m008_proc100.lp,hem,3,2,trainseed_2,auto,2026-07-23T04:36:27,optimal,0.0,0.31831160000001546,1,0.02794690000155242,0.00532221794128418,0.0009999275207519531,0.02057957649230957,0.0,1,0,523,0.0,0.0,768.0,60164.0,10000.0,0.0,0.0,3,True,D:\git\git\RDMCT-A3C\cie\results\main\cie_main_600s_compact_final_v1\seed3\solutions\cie_core_nominal__cie_core_n008_f000_m008_proc100__hem__solverseed_3__trainseed_2__trainseed_2.sol,,,,D:\git\git\RDMCT-A3C\cie\models\hem\seed_2\itr_60.pkl,13,False,greedy,
cie_core_nominal,dual_source_cluster_tool,8_to_32_wafers_nominal_processing,test,600.0,[],D:\git\git\RDMCT-A3C\cie\data\core\spbs\cie_core_n008_f000_m008_proc100.lp,spbs\cie_core_n008_f000_m008_proc100.lp,cie_core_n008_f000_m008_proc100.lp,rdmct_feature_only,3,2,trainseed_2,auto,2026-07-23T04:36:27,optimal,1.0,0.42182060000050114,1,0.03253509999922244,0.010276079177856445,0.0,0.021216392517089844,0.0,1,0,611,0.0,44.260581780177674,768.0,60212.0,10000.0,0.0,0.0,3,True,D:\git\git\RDMCT-A3C\cie\results\main\cie_main_600s_compact_final_v1\seed3\solutions\cie_core_nominal__cie_core_n008_f000_m008_proc100__rdmct_feature_only__solverseed_3__trainseed_2__trainseed_2.sol,,,,D:\git\git\RDMCT-A3C\cie\models\feature_only\seed_2\itr_60.pkl,23,False,greedy,
cie_core_nominal,dual_source_cluster_tool,8_to_32_wafers_nominal_processing,test,600.0,[],D:\git\git\RDMCT-A3C\cie\data\core\spbs\cie_core_n008_f000_m008_proc100.lp,spbs\cie_core_n008_f000_m008_proc100.lp,cie_core_n008_f000_m008_proc100.lp,hem_beam,3,2,trainseed_2,auto,2026-07-23T04:36:28,optimal,0.0,0.3430045999994036,1,0.05145160000392934,0.004999876022338867,0.0009996891021728516,0.044328927993774414,0.0,1,0,523,0.0,0.0,768.0,60164.0,10000.0,0.0,0.0,3,True,D:\git\git\RDMCT-A3C\cie\results\main\cie_main_600s_compact_final_v1\seed3\solutions\cie_core_nominal__cie_core_n008_f000_m008_proc100__hem_beam__solverseed_3__trainseed_2__trainseed_2.sol,,,,D:\git\git\RDMCT-A3C\cie\models\hem\seed_2\itr_60.pkl,13,False,beam_search,
cie_core_nominal,dual_source_cluster_tool,8_to_32_wafers_nominal_processing,test,600.0,[],D:\git\git\RDMCT-A3C\cie\data\core\spbs\cie_core_n008_f000_m008_proc100.lp,spbs\cie_core_n008_f000_m008_proc100.lp,cie_core_n008_f000_m008_proc100.lp,hem_structure,3,2,trainseed_2,auto,2026-07-23T04:36:28,optimal,1.0,0.6351797000024817,1,0.021633500000461936,0.010790824890136719,0.0,0.005995988845825195,0.0031135082244873047,1,0,1424,0.0,17.77301927194861,768.0,60284.0,10000.0,0.0,0.0,6,True,D:\git\git\RDMCT-A3C\cie\results\main\cie_main_600s_compact_final_v1\seed3\solutions\cie_core_nominal__cie_core_n008_f000_m008_proc100__hem_structure__solverseed_3__trainseed_2__trainseed_2.sol,,,,D:\git\git\RDMCT-A3C\cie\models\proposed\seed_2\itr_60.pkl,23,True,greedy,
cie_core_nominal,dual_source_cluster_tool,8_to_32_wafers_nominal_processing,test,600.0,[],D:\git\git\RDMCT-A3C\cie\data\core\spbs\cie_core_n008_f002_m006_proc100.lp,spbs\cie_core_n008_f002_m006_proc100.lp,cie_core_n008_f002_m006_proc100.lp,hem,3,2,trainseed_2,auto,2026-07-23T04:36:29,optimal,0.0,0.3607216000018525,1,0.027527699996426236,0.00599980354309082,0.0,0.020190715789794922,0.00099945068359375,1,0,489,0.0,0.0,900.0,60792.0,10000.0,0.0,0.0,3,True,D:\git\git\RDMCT-A3C\cie\results\main\cie_main_600s_compact_final_v1\seed3\solutions\cie_core_nominal__cie_core_n008_f002_m006_proc100__hem__solverseed_3__trainseed_2__trainseed_2.sol,,,,D:\git\git\RDMCT-A3C\cie\models\hem\seed_2\itr_60.pkl,13,False,greedy,
cie_core_nominal,dual_source_cluster_tool,8_to_32_wafers_nominal_processing,test,600.0,[],D:\git\git\RDMCT-A3C\cie\data\core\spbs\cie_core_n008_f002_m006_proc100.lp,spbs\cie_core_n008_f002_m006_proc100.lp,cie_core_n008_f002_m006_proc100.lp,rdmct_feature_only,3,2,trainseed_2,auto,2026-07-23T04:36:29,optimal,1.0,0.5074362000013934,1,0.03174579999904381,0.009000539779663086,0.00099945068359375,0.02021932601928711,0.0,1,0,1070,0.0,36.07954545454545,900.0,61258.0,10000.0,0.1510325163699422,0.0,2,True,D:\git\git\RDMCT-A3C\cie\results\main\cie_main_600s_compact_final_v1\seed3\solutions\cie_core_nominal__cie_core_n008_f002_m006_proc100__rdmct_feature_only__solverseed_3__trainseed_2__trainseed_2.sol,,,,D:\git\git\RDMCT-A3C\cie\models\feature_only\seed_2\itr_60.pkl,23,False,greedy,
cie_core_nominal,dual_source_cluster_tool,8_to_32_wafers_nominal_processing,test,600.0,[],D:\git\git\RDMCT-A3C\cie\data\core\spbs\cie_core_n008_f002_m006_proc100.lp,spbs\cie_core_n008_f002_m006_proc100.lp,cie_core_n008_f002_m006_proc100.lp,hem_beam,3,2,trainseed_2,auto,2026-07-23T04:36:30,optimal,0.0,0.37992300000041723,1,0.049007699999492615,0.004999876022338867,0.0009999275207519531,0.04122114181518555,0.0,1,0,489,0.0,0.0,900.0,60792.0,10000.0,0.0,0.0,3,True,D:\git\git\RDMCT-A3C\cie\results\main\cie_main_600s_compact_final_v1\seed3\solutions\cie_core_nominal__cie_core_n008_f002_m006_proc100__hem_beam__solverseed_3__trainseed_2__trainseed_2.sol,,,,D:\git\git\RDMCT-A3C\cie\models\hem\seed_2\itr_60.pkl,13,False,beam_search,
cie_core_nominal,dual_source_cluster_tool,8_to_32_wafers_nominal_processing,test,600.0,[],D:\git\git\RDMCT-A3C\cie\data\core\spbs\cie_core_n008_f002_m006_proc100.lp,spbs\cie_core_n008_f002_m006_proc100.lp,cie_core_n008_f002_m006_proc100.lp,hem_structure,3,2,trainseed_2,auto,2026-07-23T04:36:30,optimal,0.0,0.23622189999878174,1,0.02063829999679001,0.010007381439208984,0.0,0.006110191345214844,0.0032472610473632812,1,0,170,0.0,0.0,900.0,60766.0,10000.0,0.16717540513675566,0.0,3,True,D:\git\git\RDMCT-A3C\cie\results\main\cie_main_600s_compact_final_v1\seed3\solutions\cie_core_nominal__cie_core_n008_f002_m006_proc100__hem_structure__solverseed_3__trainseed_2__trainseed_2.sol,,,,D:\git\git\RDMCT-A3C\cie\models\proposed\seed_2\itr_60.pkl,23,True,greedy,
cie_core_nominal,dual_source_cluster_tool,8_to_32_wafers_nominal_processing,test,600.0,[],D:\git\git\RDMCT-A3C\cie\data\core\spbs\cie_core_n008_f002_m006_proc100.lp,spbs\cie_core_n008_f002_m006_proc100.lp,cie_core_n008_f002_m006_proc100.lp,proposed,3,2,trainseed_2,auto,2026-07-23T04:36:30,optimal,0.0,0.23850979999406263,1,0.02345200000127079,0.008263826370239258,0.0009989738464355469,0.009000539779663086,0.0030083656311035156,1,0,170,0.0,0.0,900.0,60766.0,10000.0,0.16717540513675566,0.0,3,True,D:\git\git\RDMCT-A3C\cie\results\main\cie_main_600s_compact_final_v1\seed3\solutions\cie_core_nominal__cie_core_n008_f002_m006_proc100__proposed__solverseed_3__trainseed_2__trainseed_2.sol,,,,D:\git\git\RDMCT-A3C\cie\models\proposed\seed_2\itr_60.pkl,23,True,beam_search,
cie_core_nominal,dual_source_cluster_tool,8_to_32_wafers_nominal_processing,test,600.0,[],D:\git\git\RDMCT-A3C\cie\data\core\spbs\cie_core_n008_f004_m004_proc100.lp,spbs\cie_core_n008_f004_m004_proc100.lp,cie_core_n008_f004_m004_proc100.lp,rdmct_feature_only,3,2,trainseed_2,auto,2026-07-23T04:36:30,optimal,1.0,0.37368830000195885,1,0.03178349999507191,0.009124755859375,0.0,0.021117210388183594,0.0,1,0,578,0.0,39.81964215003642,833.9999999999945,50469.99999999998,10000.0,0.0,0.0,5,True,D:\git\git\RDMCT-A3C\cie\results\main\cie_main_600s_compact_final_v1\seed3\solutions\cie_core_nominal__cie_core_n008_f004_m004_proc100__rdmct_feature_only__solverseed_3__trainseed_2__trainseed_2.sol,,,,D:\git\git\RDMCT-A3C\cie\models\feature_only\seed_2\itr_60.pkl,23,False,greedy,
cie_core_nominal,dual_source_cluster_tool,8_to_32_wafers_nominal_processing,test,600.0,[],D:\git\git\RDMCT-A3C\cie\data\core\spbs\cie_core_n008_f004_m004_proc100.lp,spbs\cie_core_n008_f004_m004_proc100.lp,cie_core_n008_f004_m004_proc100.lp,hem_beam,3,2,trainseed_2,auto,2026-07-23T04:36:31,optimal,0.0,0.2837629999994533,1,0.05073339999944437,0.0062863826751708984,0.0019998550415039062,0.04121088981628418,0.0,1,0,292,0.0,0.0,833.9999999999945,50687.99999999997,10000.0,0.23333333333332462,0.0,3,True,D:\git\git\RDMCT-A3C\cie\results\main\cie_main_600s_compact_final_v1\seed3\solutions\cie_core_nominal__cie_core_n008_f004_m004_proc100__hem_beam__solverseed_3__trainseed_2__trainseed_2.sol,,,,D:\git\git\RDMCT-A3C\cie\models\hem\seed_2\itr_60.pkl,13,False,beam_search,
cie_core_nominal,dual_source_cluster_tool,8_to_32_wafers_nominal_processing,test,600.0,[],D:\git\git\RDMCT-A3C\cie\data\core\spbs\cie_core_n008_f004_m004_proc100.lp,spbs\cie_core_n008_f004_m004_proc100.lp,cie_core_n008_f004_m004_proc100.lp,hem_structure,3,2,trainseed_2,auto,2026-07-23T04:36:31,optimal,0.0,0.30871810000098776,1,0.01964179999777116,0.00930166244506836,0.0,0.005997896194458008,0.003000497817993164,1,0,493,0.0,0.0,834.0,50534.0,10000.0,0.0,0.0,2,True,D:\git\git\RDMCT-A3C\cie\results\main\cie_main_600s_compact_final_v1\seed3\solutions\cie_core_nominal__cie_core_n008_f004_m004_proc100__hem_structure__solverseed_3__trainseed_2__trainseed_2.sol,,,,D:\git\git\RDMCT-A3C\cie\models\proposed\seed_2\itr_60.pkl,23,True,greedy,
cie_core_nominal,dual_source_cluster_tool,8_to_32_wafers_nominal_processing,test,600.0,[],D:\git\git\RDMCT-A3C\cie\data\core\spbs\cie_core_n008_f004_m004_proc100.lp,spbs\cie_core_n008_f004_m004_proc100.lp,cie_core_n008_f004_m004_proc100.lp,proposed,3,2,trainseed_2,auto,2026-07-23T04:36:31,optimal,1.0,0.32432169999810867,1,0.02694599999813363,0.009000062942504883,0.003167390823364258,0.01000356674194336,0.0030014514923095703,1,0,493,0.0,39.81964215003642,834.0,50534.0,10000.0,0.0,0.0,2,True,D:\git\git\RDMCT-A3C\cie\results\main\cie_main_600s_compact_final_v1\seed3\solutions\cie_core_nominal__cie_core_n008_f004_m004_proc100__proposed__solverseed_3__trainseed_2__trainseed_2.sol,,,,D:\git\git\RDMCT-A3C\cie\models\proposed\seed_2\itr_60.pkl,23,True,beam_search,
cie_core_nominal,dual_source_cluster_tool,8_to_32_wafers_nominal_processing,test,600.0,[],D:\git\git\RDMCT-A3C\cie\data\core\spbs\cie_core_n008_f004_m004_proc100.lp,spbs\cie_core_n008_f004_m004_proc100.lp,cie_core_n008_f004_m004_proc100.lp,hem,3,2,trainseed_2,auto,2026-07-23T04:36:32,optimal,0.0,0.2638493999984348,1,0.02932969999528723,0.005000114440917969,0.002000570297241211,0.02019023895263672,0.0,1,0,292,0.0,0.0,833.9999999999945,50687.99999999997,10000.0,0.23333333333332462,0.0,3,True,D:\git\git\RDMCT-A3C\cie\results\main\cie_main_600s_compact_final_v1\seed3\solutions\cie_core_nominal__cie_core_n008_f004_m004_proc100__hem__solverseed_3__trainseed_2__trainseed_2.sol,,,,D:\git\git\RDMCT-A3C\cie\models\hem\seed_2\itr_60.pkl,13,False,greedy,
cie_core_nominal,dual_source_cluster_tool,8_to_32_wafers_nominal_processing,test,600.0,[],D:\git\git\RDMCT-A3C\cie\data\core\spbs\cie_core_n008_f006_m002_proc100.lp,spbs\cie_core_n008_f006_m002_proc100.lp,cie_core_n008_f006_m002_proc100.lp,hem_beam,3,2,trainseed_2,auto,2026-07-23T04:36:32,optimal,0.0,0.2807247000018833,1,0.051427799997327384,0.005997180938720703,0.0010039806365966797,0.04233670234680176,0.0,1,0,270,0.0,0.0,834.0,30856.0,10000.0,0.0,0.0,6,True,D:\git\git\RDMCT-A3C\cie\results\main\cie_main_600s_compact_final_v1\seed3\solutions\cie_core_nominal__cie_core_n008_f006_m002_proc100__hem_beam__solverseed_3__trainseed_2__trainseed_2.sol,,,,D:\git\git\RDMCT-A3C\cie\models\hem\seed_2\itr_60.pkl,13,False,beam_search,
cie_core_nominal,dual_source_cluster_tool,8_to_32_wafers_nominal_processing,test,600.0,[],D:\git\git\RDMCT-A3C\cie\data\core\spbs\cie_core_n008_f006_m002_proc100.lp,spbs\cie_core_n008_f006_m002_proc100.lp,cie_core_n008_f006_m002_proc100.lp,hem_structure,3,2,trainseed_2,auto,2026-07-23T04:36:32,optimal,0.0,0.19660569999541622,1,0.019842800000333227,0.009000539779663086,0.0010004043579101562,0.0051076412200927734,0.0030066967010498047,1,0,172,0.0,0.0,834.0,30682.0,10000.0,0.0,0.0,4,True,D:\git\git\RDMCT-A3C\cie\results\main\cie_main_600s_compact_final_v1\seed3\solutions\cie_core_nominal__cie_core_n008_f006_m002_proc100__hem_structure__solverseed_3__trainseed_2__trainseed_2.sol,,,,D:\git\git\RDMCT-A3C\cie\models\proposed\seed_2\itr_60.pkl,23,True,greedy,
cie_core_nominal,dual_source_cluster_tool,8_to_32_wafers_nominal_processing,test,600.0,[],D:\git\git\RDMCT-A3C\cie\data\core\spbs\cie_core_n008_f006_m002_proc100.lp,spbs\cie_core_n008_f006_m002_proc100.lp,cie_core_n008_f006_m002_proc100.lp,proposed,3,2,trainseed_2,auto,2026-07-23T04:36:32,optimal,1.0,0.20264500000484986,1,0.024464399997668806,0.009288787841796875,0.00099945068359375,0.009999990463256836,0.0030002593994140625,1,0,172,0.0,100.0,834.0,30682.0,10000.0,0.0,0.0,4,True,D:\git\git\RDMCT-A3C\cie\results\main\cie_main_600s_compact_final_v1\seed3\solutions\cie_core_nominal__cie_core_n008_f006_m002_proc100__proposed__solverseed_3__trainseed_2__trainseed_2.sol,,,,D:\git\git\RDMCT-A3C\cie\models\proposed\seed_2\itr_60.pkl,23,True,beam_search,
cie_core_nominal,dual_source_cluster_tool,8_to_32_wafers_nominal_processing,test,600.0,[],D:\git\git\RDMCT-A3C\cie\data\core\spbs\cie_core_n008_f006_m002_proc100.lp,spbs\cie_core_n008_f006_m002_proc100.lp,cie_core_n008_f006_m002_proc100.lp,hem,3,2,trainseed_2,auto,2026-07-23T04:36:33,optimal,0.0,0.2544643000001088,1,0.027572600003622938,0.006000041961669922,0.0,0.02029561996459961,0.0,1,0,270,0.0,0.0,834.0,30856.0,10000.0,0.0,0.0,6,True,D:\git\git\RDMCT-A3C\cie\results\main\cie_main_600s_compact_final_v1\seed3\solutions\cie_core_nominal__cie_core_n008_f006_m002_proc100__hem__solverseed_3__trainseed_2__trainseed_2.sol,,,,D:\git\git\RDMCT-A3C\cie\models\hem\seed_2\itr_60.pkl,13,False,greedy,
cie_core_nominal,dual_source_cluster_tool,8_to_32_wafers_nominal_processing,test,600.0,[],D:\git\git\RDMCT-A3C\cie\data\core\spbs\cie_core_n008_f006_m002_proc100.lp,spbs\cie_core_n008_f006_m002_proc100.lp,cie_core_n008_f006_m002_proc100.lp,rdmct_feature_only,3,2,trainseed_2,auto,2026-07-23T04:36:33,optimal,0.0,0.21875249999720836,1,0.03452169999945909,0.010999679565429688,0.00099945068359375,0.021008014678955078,0.0,1,0,182,0.0,0.0,834.0,30384.0,10000.0,0.0,0.0,8,True,D:\git\git\RDMCT-A3C\cie\results\main\cie_main_600s_compact_final_v1\seed3\solutions\cie_core_nominal__cie_core_n008_f006_m002_proc100__rdmct_feature_only__solverseed_3__trainseed_2__trainseed_2.sol,,,,D:\git\git\RDMCT-A3C\cie\models\feature_only\seed_2\itr_60.pkl,23,False,greedy,
cie_core_nominal,dual_source_cluster_tool,8_to_32_wafers_nominal_processing,test,600.0,[],D:\git\git\RDMCT-A3C\cie\data\core\spbs\cie_core_n016_f000_m016_proc100.lp,spbs\cie_core_n016_f000_m016_proc100.lp,cie_core_n016_f000_m016_proc100.lp,hem_structure,3,2,trainseed_2,auto,2026-07-23T04:36:33,optimal,11.0,10.441240400003153,1,0.021680000005289912,0.0111846923828125,0.0,0.005999326705932617,0.0030007362365722656,1,0,8301,0.0,384.73605646211155,1136.0,100250.0,10000.0,0.02109561563154592,26.0,5,True,D:\git\git\RDMCT-A3C\cie\results\main\cie_main_600s_compact_final_v1\seed3\solutions\cie_core_nominal__cie_core_n016_f000_m016_proc100__hem_structure__solverseed_3__trainseed_2__trainseed_2.sol,,,,D:\git\git\RDMCT-A3C\cie\models\proposed\seed_2\itr_60.pkl,23,True,greedy,
cie_core_nominal,dual_source_cluster_tool,8_to_32_wafers_nominal_processing,test,600.0,[],D:\git\git\RDMCT-A3C\cie\data\core\spbs\cie_core_n016_f000_m016_proc100.lp,spbs\cie_core_n016_f000_m016_proc100.lp,cie_core_n016_f000_m016_proc100.lp,proposed,3,2,trainseed_2,auto,2026-07-23T04:36:44,optimal,10.0,10.55951730000379,1,0.07262119999359129,0.01022648811340332,0.0010001659393310547,0.011127710342407227,0.003000020980834961,1,0,8301,0.0,337.4387612914333,1136.0,100250.0,10000.0,0.02109561563154592,26.0,5,True,D:\git\git\RDMCT-A3C\cie\results\main\cie_main_600s_compact_final_v1\seed3\solutions\cie_core_nominal__cie_core_n016_f000_m016_proc100__proposed__solverseed_3__trainseed_2__trainseed_2.sol,,,,D:\git\git\RDMCT-A3C\cie\models\proposed\seed_2\itr_60.pkl,23,True,beam_search,
cie_core_nominal,dual_source_cluster_tool,8_to_32_wafers_nominal_processing,test,600.0,[],D:\git\git\RDMCT-A3C\cie\data\core\spbs\cie_core_n016_f000_m016_proc100.lp,spbs\cie_core_n016_f000_m016_proc100.lp,cie_core_n016_f000_m016_proc100.lp,hem,3,2,trainseed_2,auto,2026-07-23T04:36:54,optimal,113.0,113.27584020000359,1,0.026578999997582287,0.005297183990478516,0.0009968280792236328,0.01900005340576172,0.0010020732879638672,1,0,94686,0.0,5077.628032345013,1136.0,100332.0,10000.0,0.0,0.0,4,True,D:\git\git\RDMCT-A3C\cie\results\main\cie_main_600s_compact_final_v1\seed3\solutions\cie_core_nominal__cie_core_n016_f000_m016_proc100__hem__solverseed_3__trainseed_2__trainseed_2.sol,,,,D:\git\git\RDMCT-A3C\cie\models\hem\seed_2\itr_60.pkl,13,False,greedy,
cie_core_nominal,dual_source_cluster_tool,8_to_32_wafers_nominal_processing,test,600.0,[],D:\git\git\RDMCT-A3C\cie\data\core\spbs\cie_core_n016_f000_m016_proc100.lp,spbs\cie_core_n016_f000_m016_proc100.lp,cie_core_n016_f000_m016_proc100.lp,rdmct_feature_only,3,2,trainseed_2,auto,2026-07-23T04:38:47,optimal,28.0,27.882254099997226,1,0.033394500002032146,0.01000523567199707,0.001001119613647461,0.01999974250793457,0.0,1,0,27181,0.0,1184.7978436657681,1136.0,100216.0,10000.0,0.0,0.0,4,True,D:\git\git\RDMCT-A3C\cie\results\main\cie_main_600s_compact_final_v1\seed3\solutions\cie_core_nominal__cie_core_n016_f000_m016_proc100__rdmct_feature_only__solverseed_3__trainseed_2__trainseed_2.sol,,,,D:\git\git\RDMCT-A3C\cie\models\feature_only\seed_2\itr_60.pkl,23,False,greedy,
cie_core_nominal,dual_source_cluster_tool,8_to_32_wafers_nominal_processing,test,600.0,[],D:\git\git\RDMCT-A3C\cie\data\core\spbs\cie_core_n016_f000_m016_proc100.lp,spbs\cie_core_n016_f000_m016_proc100.lp,cie_core_n016_f000_m016_proc100.lp,hem_beam,3,2,trainseed_2,auto,2026-07-23T04:39:15,optimal,114.0,113.65019410000241,1,0.04902960000617895,0.00599980354309082,0.0010006427764892578,0.039222002029418945,0.0,1,0,94686,0.0,5162.4618149146445,1136.0,100332.0,10000.0,0.0,0.0,4,True,D:\git\git\RDMCT-A3C\cie\results\main\cie_main_600s_compact_final_v1\seed3\solutions\cie_core_nominal__cie_core_n016_f000_m016_proc100__hem_beam__solverseed_3__trainseed_2__trainseed_2.sol,,,,D:\git\git\RDMCT-A3C\cie\models\hem\seed_2\itr_60.pkl,13,False,beam_search,
cie_core_nominal,dual_source_cluster_tool,8_to_32_wafers_nominal_processing,test,600.0,[],D:\git\git\RDMCT-A3C\cie\data\core\spbs\cie_core_n016_f004_m012_proc100.lp,spbs\cie_core_n016_f004_m012_proc100.lp,cie_core_n016_f004_m012_proc100.lp,proposed,3,2,trainseed_2,auto,2026-07-23T04:41:09,optimal,12.0,11.643400699998892,1,0.06586489999608602,0.012323141098022461,0.0009970664978027344,0.00899815559387207,0.0029997825622558594,1,0,12136,0.0,348.96267778847175,1202.0,90920.0,10000.0,0.11591914445681106,46.0,4,True,D:\git\git\RDMCT-A3C\cie\results\main\cie_main_600s_compact_final_v1\seed3\solutions\cie_core_nominal__cie_core_n016_f004_m012_proc100__proposed__solverseed_3__trainseed_2__trainseed_2.sol,,,,D:\git\git\RDMCT-A3C\cie\models\proposed\seed_2\itr_60.pkl,23,True,beam_search,
cie_core_nominal,dual_source_cluster_tool,8_to_32_wafers_nominal_processing,test,600.0,[],D:\git\git\RDMCT-A3C\cie\data\core\spbs\cie_core_n016_f004_m012_proc100.lp,spbs\cie_core_n016_f004_m012_proc100.lp,cie_core_n016_f004_m012_proc100.lp,hem,3,2,trainseed_2,auto,2026-07-23T04:41:21,optimal,26.0,26.233803900002385,1,0.061562799994135275,0.00600123405456543,0.0,0.020125865936279297,0.0,1,0,28462,0.0,890.4058071540994,1202.0,90674.0,10000.0,0.0,0.0,5,True,D:\git\git\RDMCT-A3C\cie\results\main\cie_main_600s_compact_final_v1\seed3\solutions\cie_core_nominal__cie_core_n016_f004_m012_proc100__hem__solverseed_3__trainseed_2__trainseed_2.sol,,,,D:\git\git\RDMCT-A3C\cie\models\hem\seed_2\itr_60.pkl,13,False,greedy,
cie_core_nominal,dual_source_cluster_tool,8_to_32_wafers_nominal_processing,test,600.0,[],D:\git\git\RDMCT-A3C\cie\data\core\spbs\cie_core_n016_f004_m012_proc100.lp,spbs\cie_core_n016_f004_m012_proc100.lp,cie_core_n016_f004_m012_proc100.lp,rdmct_feature_only,3,2,trainseed_2,auto,2026-07-23T04:41:47,optimal,29.0,29.199531600002956,1,0.03257830000075046,0.009997844696044922,0.0,0.020097970962524414,0.0,1,0,33229,0.0,823.9023027280969,1202.0,90642.0,10000.0,0.0,0.0,4,True,D:\git\git\RDMCT-A3C\cie\results\main\cie_main_600s_compact_final_v1\seed3\solutions\cie_core_nominal__cie_core_n016_f004_m012_proc100__rdmct_feature_only__solverseed_3__trainseed_2__trainseed_2.sol,,,,D:\git\git\RDMCT-A3C\cie\models\feature_only\seed_2\itr_60.pkl,23,False,greedy,
cie_core_nominal,dual_source_cluster_tool,8_to_32_wafers_nominal_processing,test,600.0,[],D:\git\git\RDMCT-A3C\cie\data\core\spbs\cie_core_n016_f004_m012_proc100.lp,spbs\cie_core_n016_f004_m012_proc100.lp,cie_core_n016_f004_m012_proc100.lp,hem_beam,3,2,trainseed_2,auto,2026-07-23T04:42:16,optimal,27.0,26.719209599999886,1,0.08132330000080401,0.006000995635986328,0.0009989738464355469,0.03822493553161621,0.0,1,0,28462,0.0,928.7603958441302,1202.0,90674.0,10000.0,0.0,0.0,5,True,D:\git\git\RDMCT-A3C\cie\results\main\cie_main_600s_compact_final_v1\seed3\solutions\cie_core_nominal__cie_core_n016_f004_m012_proc100__hem_beam__solverseed_3__trainseed_2__trainseed_2.sol,,,,D:\git\git\RDMCT-A3C\cie\models\hem\seed_2\itr_60.pkl,13,False,beam_search,
cie_core_nominal,dual_source_cluster_tool,8_to_32_wafers_nominal_processing,test,600.0,[],D:\git\git\RDMCT-A3C\cie\data\core\spbs\cie_core_n016_f004_m012_proc100.lp,spbs\cie_core_n016_f004_m012_proc100.lp,cie_core_n016_f004_m012_proc100.lp,hem_structure,3,2,trainseed_2,auto,2026-07-23T04:42:43,optimal,11.0,11.571032700005162,1,0.06795380000403384,0.012086868286132812,0.0,0.0049991607666015625,0.003000020980834961,1,0,12136,0.0,322.34485117064514,1202.0,90920.0,10000.0,0.11591914445681106,46.0,4,True,D:\git\git\RDMCT-A3C\cie\results\main\cie_main_600s_compact_final_v1\seed3\solutions\cie_core_nominal__cie_core_n016_f004_m012_proc100__hem_structure__solverseed_3__trainseed_2__trainseed_2.sol,,,,D:\git\git\RDMCT-A3C\cie\models\proposed\seed_2\itr_60.pkl,23,True,greedy,
cie_core_nominal,dual_source_cluster_tool,8_to_32_wafers_nominal_processing,test,600.0,[],D:\git\git\RDMCT-A3C\cie\data\core\spbs\cie_core_n016_f008_m008_proc100.lp,spbs\cie_core_n016_f008_m008_proc100.lp,cie_core_n016_f008_m008_proc100.lp,hem,3,2,trainseed_2,auto,2026-07-23T04:42:54,optimal,3.0,2.963230900000781,1,0.030514099998981692,0.00700068473815918,0.0,0.02052474021911621,0.0,1,0,2596,0.0,127.01067951989415,1170.0,80918.0,10000.0,0.09350402817209878,42.0,7,True,D:\git\git\RDMCT-A3C\cie\results\main\cie_main_600s_compact_final_v1\seed3\solutions\cie_core_nominal__cie_core_n016_f008_m008_proc100__hem__solverseed_3__trainseed_2__trainseed_2.sol,,,,D:\git\git\RDMCT-A3C\cie\models\hem\seed_2\itr_60.pkl,13,False,greedy,
cie_core_nominal,dual_source_cluster_tool,8_to_32_wafers_nominal_processing,test,600.0,[],D:\git\git\RDMCT-A3C\cie\data\core\spbs\cie_core_n016_f008_m008_proc100.lp,spbs\cie_core_n016_f008_m008_proc100.lp,cie_core_n016_f008_m008_proc100.lp,rdmct_feature_only,3,2,trainseed_2,auto,2026-07-23T04:42:57,optimal,7.0,6.946836700000858,1,0.034309499998926185,0.009999990463256836,0.001001596450805664,0.02099895477294922,0.0,1,0,9442,0.0,174.5483316733671,1170.0,81110.0,10000.0,0.09350402817209878,42.0,3,True,D:\git\git\RDMCT-A3C\cie\results\main\cie_main_600s_compact_final_v1\seed3\solutions\cie_core_nominal__cie_core_n016_f008_m008_proc100__rdmct_feature_only__solverseed_3__trainseed_2__trainseed_2.sol,,,,D:\git\git\RDMCT-A3C\cie\models\feature_only\seed_2\itr_60.pkl,23,False,greedy,
cie_core_nominal,dual_source_cluster_tool,8_to_32_wafers_nominal_processing,test,600.0,[],D:\git\git\RDMCT-A3C\cie\data\core\spbs\cie_core_n016_f008_m008_proc100.lp,spbs\cie_core_n016_f008_m008_proc100.lp,cie_core_n016_f008_m008_proc100.lp,hem_beam,3,2,trainseed_2,auto,2026-07-23T04:43:04,optimal,3.0,2.95533649999561,1,0.04679009999381378,0.007257223129272461,0.0,0.03737998008728027,0.0,1,0,2596,0.0,48.6059918722238,1170.0,80918.0,10000.0,0.09350402817209878,42.0,7,True,D:\git\git\RDMCT-A3C\cie\results\main\cie_main_600s_compact_final_v1\seed3\solutions\cie_core_nominal__cie_core_n016_f008_m008_proc100__hem_beam__solverseed_3__trainseed_2__trainseed_2.sol,,,,D:\git\git\RDMCT-A3C\cie\models\hem\seed_2\itr_60.pkl,13,False,beam_search,
cie_core_nominal,dual_source_cluster_tool,8_to_32_wafers_nominal_processing,test,600.0,[],D:\git\git\RDMCT-A3C\cie\data\core\spbs\cie_core_n016_f008_m008_proc100.lp,spbs\cie_core_n016_f008_m008_proc100.lp,cie_core_n016_f008_m008_proc100.lp,hem_structure,3,2,trainseed_2,auto,2026-07-23T04:43:07,optimal,3.0,3.3153917999952682,1,0.13791670000500744,0.12703371047973633,0.0,0.005998849868774414,0.0031762123107910156,1,0,2847,0.0,60.098289386636424,1170.0,80943.0,10000.0,0.06565944237842802,29.0,5,True,D:\git\git\RDMCT-A3C\cie\results\main\cie_main_600s_compact_final_v1\seed3\solutions\cie_core_nominal__cie_core_n016_f008_m008_proc100__hem_structure__solverseed_3__trainseed_2__trainseed_2.sol,,,,D:\git\git\RDMCT-A3C\cie\models\proposed\seed_2\itr_60.pkl,23,True,greedy,
cie_core_nominal,dual_source_cluster_tool,8_to_32_wafers_nominal_processing,test,600.0,[],D:\git\git\RDMCT-A3C\cie\data\core\spbs\cie_core_n016_f008_m008_proc100.lp,spbs\cie_core_n016_f008_m008_proc100.lp,cie_core_n016_f008_m008_proc100.lp,proposed,3,2,trainseed_2,auto,2026-07-23T04:43:11,optimal,3.0,3.281042200003867,1,0.024769199997535907,0.010000467300415039,0.0010004043579101562,0.008180379867553711,0.0029990673065185547,1,0,2847,0.0,40.725199256528995,1170.0,80943.0,10000.0,0.06565944237842802,29.0,5,True,D:\git\git\RDMCT-A3C\cie\results\main\cie_main_600s_compact_final_v1\seed3\solutions\cie_core_nominal__cie_core_n016_f008_m008_proc100__proposed__solverseed_3__trainseed_2__trainseed_2.sol,,,,D:\git\git\RDMCT-A3C\cie\models\proposed\seed_2\itr_60.pkl,23,True,beam_search,
cie_core_nominal,dual_source_cluster_tool,8_to_32_wafers_nominal_processing,test,600.0,[],D:\git\git\RDMCT-A3C\cie\data\core\spbs\cie_core_n016_f012_m004_proc100.lp,spbs\cie_core_n016_f012_m004_proc100.lp,cie_core_n016_f012_m004_proc100.lp,rdmct_feature_only,3,2,trainseed_2,auto,2026-07-23T04:43:14,optimal,71.0,71.27830400000676,1,0.03444370000215713,0.011276006698608398,0.0,0.021401643753051758,0.0,1,0,61313,0.0,2940.7232321471365,1158.0,61884.24562537146,10000.0,0.2861125704223025,0.0,3,True,D:\git\git\RDMCT-A3C\cie\results\main\cie_main_600s_compact_final_v1\seed3\solutions\cie_core_nominal__cie_core_n016_f012_m004_proc100__rdmct_feature_only__solverseed_3__trainseed_2__trainseed_2.sol,,,,D:\git\git\RDMCT-A3C\cie\models\feature_only\seed_2\itr_60.pkl,23,False,greedy,
cie_core_nominal,dual_source_cluster_tool,8_to_32_wafers_nominal_processing,test,600.0,[],D:\git\git\RDMCT-A3C\cie\data\core\spbs\cie_core_n016_f012_m004_proc100.lp,spbs\cie_core_n016_f012_m004_proc100.lp,cie_core_n016_f012_m004_proc100.lp,hem_beam,3,2,trainseed_2,auto,2026-07-23T04:44:25,optimal,164.0,163.53732420000597,1,0.06019189999642549,0.007165431976318359,0.0009965896606445312,0.04234027862548828,0.0,1,0,157856,0.0,6807.54072278993,1158.0,61806.24562537146,10000.0,0.2235339972278639,0.0,4,True,D:\git\git\RDMCT-A3C\cie\results\main\cie_main_600s_compact_final_v1\seed3\solutions\cie_core_nominal__cie_core_n016_f012_m004_proc100__hem_beam__solverseed_3__trainseed_2__trainseed_2.sol,,,,D:\git\git\RDMCT-A3C\cie\models\hem\seed_2\itr_60.pkl,13,False,beam_search,
cie_core_nominal,dual_source_cluster_tool,8_to_32_wafers_nominal_processing,test,600.0,[],D:\git\git\RDMCT-A3C\cie\data\core\spbs\cie_core_n016_f012_m004_proc100.lp,spbs\cie_core_n016_f012_m004_proc100.lp,cie_core_n016_f012_m004_proc100.lp,hem_structure,3,2,trainseed_2,auto,2026-07-23T04:47:09,optimal,185.0,185.05892299999687,1,0.026179799999226816,0.01499795913696289,0.0,0.006114482879638672,0.003000497817993164,1,0,169888,0.0,6360.571796465982,1158.0,62445.24562537146,10000.0,0.26393648826324756,0.0,2,True,D:\git\git\RDMCT-A3C\cie\results\main\cie_main_600s_compact_final_v1\seed3\solutions\cie_core_nominal__cie_core_n016_f012_m004_proc100__hem_structure__solverseed_3__trainseed_2__trainseed_2.sol,,,,D:\git\git\RDMCT-A3C\cie\models\proposed\seed_2\itr_60.pkl,23,True,greedy,
cie_core_nominal,dual_source_cluster_tool,8_to_32_wafers_nominal_processing,test,600.0,[],D:\git\git\RDMCT-A3C\cie\data\core\spbs\cie_core_n016_f012_m004_proc100.lp,spbs\cie_core_n016_f012_m004_proc100.lp,cie_core_n016_f012_m004_proc100.lp,proposed,3,2,trainseed_2,auto,2026-07-23T04:50:14,optimal,181.0,181.87184510000225,1,0.06080649999785237,0.011321783065795898,0.0,0.009998321533203125,0.002999544143676758,1,0,169888,0.0,6155.3137654160055,1158.0,62445.24562537146,10000.0,0.26393648826324756,0.0,2,True,D:\git\git\RDMCT-A3C\cie\results\main\cie_main_600s_compact_final_v1\seed3\solutions\cie_core_nominal__cie_core_n016_f012_m004_proc100__proposed__solverseed_3__trainseed_2__trainseed_2.sol,,,,D:\git\git\RDMCT-A3C\cie\models\proposed\seed_2\itr_60.pkl,23,True,beam_search,
cie_core_nominal,dual_source_cluster_tool,8_to_32_wafers_nominal_processing,test,600.0,[],D:\git\git\RDMCT-A3C\cie\data\core\spbs\cie_core_n016_f012_m004_proc100.lp,spbs\cie_core_n016_f012_m004_proc100.lp,cie_core_n016_f012_m004_proc100.lp,hem,3,2,trainseed_2,auto,2026-07-23T04:53:16,optimal,165.0,165.12876179999876,1,0.06438820000039414,0.007302761077880859,0.0009999275207519531,0.02020430564880371,0.0,1,0,157856,0.0,6793.546395583375,1158.0,61806.24562537146,10000.0,0.2235339972278639,0.0,4,True,D:\git\git\RDMCT-A3C\cie\results\main\cie_main_600s_compact_final_v1\seed3\solutions\cie_core_nominal__cie_core_n016_f012_m004_proc100__hem__solverseed_3__trainseed_2__trainseed_2.sol,,,,D:\git\git\RDMCT-A3C\cie\models\hem\seed_2\itr_60.pkl,13,False,greedy,
cie_core_nominal,dual_source_cluster_tool,8_to_32_wafers_nominal_processing,test,600.0,[],D:\git\git\RDMCT-A3C\cie\data\core\spbs\cie_core_n024_f000_m024_proc100.lp,spbs\cie_core_n024_f000_m024_proc100.lp,cie_core_n024_f000_m024_proc100.lp,hem_beam,3,2,trainseed_2,auto,2026-07-23T04:56:01,timelimit,600.0,599.9981115999981,1,0.05811589999939315,0.010999917984008789,0.00026869773864746094,0.04020237922668457,0.0,1,0,117897,0.9895366001356133,30012.54656253379,4412.79217910079,162956.85986160376,10000.0,0.01699912779427555,8.661976873561798,1,True,D:\git\git\RDMCT-A3C\cie\results\main\cie_main_600s_compact_final_v1\seed3\solutions\cie_core_nominal__cie_core_n024_f000_m024_proc100__hem_beam__solverseed_3__trainseed_2__trainseed_2.sol,,,,D:\git\git\RDMCT-A3C\cie\models\hem\seed_2\itr_60.pkl,13,False,beam_search,
cie_core_nominal,dual_source_cluster_tool,8_to_32_wafers_nominal_processing,test,600.0,[],D:\git\git\RDMCT-A3C\cie\data\core\spbs\cie_core_n024_f000_m024_proc100.lp,spbs\cie_core_n024_f000_m024_proc100.lp,cie_core_n024_f000_m024_proc100.lp,hem_structure,3,2,trainseed_2,auto,2026-07-23T05:06:01,timelimit,600.0,600.002959999998,1,0.03072750000137603,0.0196988582611084,0.001215219497680664,0.006043434143066406,0.003000020980834961,1,0,110169,0.9877442248201758,29950.454356764916,4412.79217910079,162956.85986160376,10000.0,0.01699912779427555,8.661976873561798,1,True,D:\git\git\RDMCT-A3C\cie\results\main\cie_main_600s_compact_final_v1\seed3\solutions\cie_core_nominal__cie_core_n024_f000_m024_proc100__hem_structure__solverseed_3__trainseed_2__trainseed_2.sol,,,,D:\git\git\RDMCT-A3C\cie\models\proposed\seed_2\itr_60.pkl,23,True,greedy,
cie_core_nominal,dual_source_cluster_tool,8_to_32_wafers_nominal_processing,test,600.0,[],D:\git\git\RDMCT-A3C\cie\data\core\spbs\cie_core_n024_f000_m024_proc100.lp,spbs\cie_core_n024_f000_m024_proc100.lp,cie_core_n024_f000_m024_proc100.lp,proposed,3,2,trainseed_2,auto,2026-07-23T05:16:01,timelimit,600.0,600.0045663000055,1,0.052828599997155834,0.013541936874389648,0.0,0.010998010635375977,0.003131866455078125,1,0,109390,0.9877442248201758,30000.94393138282,4412.79217910079,162956.85986160376,10000.0,0.01699912779427555,8.661976873561798,1,True,D:\git\git\RDMCT-A3C\cie\results\main\cie_main_600s_compact_final_v1\seed3\solutions\cie_core_nominal__cie_core_n024_f000_m024_proc100__proposed__solverseed_3__trainseed_2__trainseed_2.sol,,,,D:\git\git\RDMCT-A3C\cie\models\proposed\seed_2\itr_60.pkl,23,True,beam_search,
cie_core_nominal,dual_source_cluster_tool,8_to_32_wafers_nominal_processing,test,600.0,[],D:\git\git\RDMCT-A3C\cie\data\core\spbs\cie_core_n024_f000_m024_proc100.lp,spbs\cie_core_n024_f000_m024_proc100.lp,cie_core_n024_f000_m024_proc100.lp,hem,3,2,trainseed_2,auto,2026-07-23T05:26:01,timelimit,600.0,599.9671858000002,1,0.03178679999837186,0.010212898254394531,0.0,0.020133256912231445,0.0,1,0,118911,0.9895366001356133,29962.328924583493,4412.79217910079,162956.85986160376,10000.0,0.01699912779427555,8.661976873561798,1,True,D:\git\git\RDMCT-A3C\cie\results\main\cie_main_600s_compact_final_v1\seed3\solutions\cie_core_nominal__cie_core_n024_f000_m024_proc100__hem__solverseed_3__trainseed_2__trainseed_2.sol,,,,D:\git\git\RDMCT-A3C\cie\models\hem\seed_2\itr_60.pkl,13,False,greedy,
cie_core_nominal,dual_source_cluster_tool,8_to_32_wafers_nominal_processing,test,600.0,[],D:\git\git\RDMCT-A3C\cie\data\core\spbs\cie_core_n024_f000_m024_proc100.lp,spbs\cie_core_n024_f000_m024_proc100.lp,cie_core_n024_f000_m024_proc100.lp,rdmct_feature_only,3,2,trainseed_2,auto,2026-07-23T05:36:01,optimal,467.0,467.6411051000032,1,0.07143950000318,0.013995647430419922,0.0009987354278564453,0.021203041076660156,0.0,1,0,105893,0.0,23317.29902244661,2224.0,160810.0,10000.0,0.014953222679690712,10.0,3,True,D:\git\git\RDMCT-A3C\cie\results\main\cie_main_600s_compact_final_v1\seed3\solutions\cie_core_nominal__cie_core_n024_f000_m024_proc100__rdmct_feature_only__solverseed_3__trainseed_2__trainseed_2.sol,,,,D:\git\git\RDMCT-A3C\cie\models\feature_only\seed_2\itr_60.pkl,23,False,greedy,
cie_core_nominal,dual_source_cluster_tool,8_to_32_wafers_nominal_processing,test,600.0,[],D:\git\git\RDMCT-A3C\cie\data\core\spbs\cie_core_n024_f006_m018_proc100.lp,spbs\cie_core_n024_f006_m018_proc100.lp,cie_core_n024_f006_m018_proc100.lp,hem_structure,3,2,trainseed_2,auto,2026-07-23T05:43:48,optimal,426.0,426.01286529999925,1,0.042990400004782714,0.01600337028503418,0.0,0.015270471572875977,0.003000020980834961,1,0,152222,0.0,6227.128993021783,2290.0,153496.0,10000.0,0.0,0.0,8,True,D:\git\git\RDMCT-A3C\cie\results\main\cie_main_600s_compact_final_v1\seed3\solutions\cie_core_nominal__cie_core_n024_f006_m018_proc100__hem_structure__solverseed_3__trainseed_2__trainseed_2.sol,,,,D:\git\git\RDMCT-A3C\cie\models\proposed\seed_2\itr_60.pkl,23,True,greedy,
cie_core_nominal,dual_source_cluster_tool,8_to_32_wafers_nominal_processing,test,600.0,[],D:\git\git\RDMCT-A3C\cie\data\core\spbs\cie_core_n024_f006_m018_proc100.lp,spbs\cie_core_n024_f006_m018_proc100.lp,cie_core_n024_f006_m018_proc100.lp,proposed,3,2,trainseed_2,auto,2026-07-23T05:50:54,optimal,423.0,422.6016826999985,1,0.027943000000959728,0.014264822006225586,0.0010004043579101562,0.008000612258911133,0.0029997825622558594,1,0,152222,0.0,6136.068243845732,2290.0,153496.0,10000.0,0.0,0.0,8,True,D:\git\git\RDMCT-A3C\cie\results\main\cie_main_600s_compact_final_v1\seed3\solutions\cie_core_nominal__cie_core_n024_f006_m018_proc100__proposed__solverseed_3__trainseed_2__trainseed_2.sol,,,,D:\git\git\RDMCT-A3C\cie\models\proposed\seed_2\itr_60.pkl,23,True,beam_search,
cie_core_nominal,dual_source_cluster_tool,8_to_32_wafers_nominal_processing,test,600.0,[],D:\git\git\RDMCT-A3C\cie\data\core\spbs\cie_core_n024_f006_m018_proc100.lp,spbs\cie_core_n024_f006_m018_proc100.lp,cie_core_n024_f006_m018_proc100.lp,hem,3,2,trainseed_2,auto,2026-07-23T05:57:57,timelimit,600.0,599.775937499995,1,0.06778429999394575,0.010000228881835938,0.003000497817993164,0.018254756927490234,0.0,1,0,212818,0.06790123456790123,14762.765499263289,2422.0,153514.0,10000.0,0.21207673096552607,136.0,2,True,D:\git\git\RDMCT-A3C\cie\results\main\cie_main_600s_compact_final_v1\seed3\solutions\cie_core_nominal__cie_core_n024_f006_m018_proc100__hem__solverseed_3__trainseed_2__trainseed_2.sol,,,,D:\git\git\RDMCT-A3C\cie\models\hem\seed_2\itr_60.pkl,13,False,greedy,
cie_core_nominal,dual_source_cluster_tool,8_to_32_wafers_nominal_processing,test,600.0,[],D:\git\git\RDMCT-A3C\cie\data\core\spbs\cie_core_n024_f006_m018_proc100.lp,spbs\cie_core_n024_f006_m018_proc100.lp,cie_core_n024_f006_m018_proc100.lp,rdmct_feature_only,3,2,trainseed_2,auto,2026-07-23T06:07:57,optimal,578.0,578.2295532999997,1,0.07056910000392236,0.014121294021606445,0.0,0.020621061325073242,0.0,1,0,226024,0.0,7642.391358776841,2290.0,152932.0,10000.0,0.058494264380165785,70.0,10,True,D:\git\git\RDMCT-A3C\cie\results\main\cie_main_600s_compact_final_v1\seed3\solutions\cie_core_nominal__cie_core_n024_f006_m018_proc100__rdmct_feature_only__solverseed_3__trainseed_2__trainseed_2.sol,,,,D:\git\git\RDMCT-A3C\cie\models\feature_only\seed_2\itr_60.pkl,23,False,greedy,
cie_core_nominal,dual_source_cluster_tool,8_to_32_wafers_nominal_processing,test,600.0,[],D:\git\git\RDMCT-A3C\cie\data\core\spbs\cie_core_n024_f006_m018_proc100.lp,spbs\cie_core_n024_f006_m018_proc100.lp,cie_core_n024_f006_m018_proc100.lp,hem_beam,3,2,trainseed_2,auto,2026-07-23T06:17:35,timelimit,600.0,599.7724094000005,1,0.0692845999947167,0.019999980926513672,0.0,0.041269779205322266,0.0,1,0,204464,0.06790123456790123,15075.14904227587,2422.0,153514.0,10000.0,0.21207673096552607,136.0,2,True,D:\git\git\RDMCT-A3C\cie\results\main\cie_main_600s_compact_final_v1\seed3\solutions\cie_core_nominal__cie_core_n024_f006_m018_proc100__hem_beam__solverseed_3__trainseed_2__trainseed_2.sol,,,,D:\git\git\RDMCT-A3C\cie\models\hem\seed_2\itr_60.pkl,13,False,beam_search,
cie_core_nominal,dual_source_cluster_tool,8_to_32_wafers_nominal_processing,test,600.0,[],D:\git\git\RDMCT-A3C\cie\data\core\spbs\cie_core_n024_f012_m012_proc100.lp,spbs\cie_core_n024_f012_m012_proc100.lp,cie_core_n024_f012_m012_proc100.lp,proposed,3,2,trainseed_2,auto,2026-07-23T06:27:35,timelimit,600.0,599.9784848000054,1,0.03753169999981765,0.016258955001831055,0.0,0.010356903076171875,0.003000497817993164,1,0,145128,0.3857913669064748,16860.837118754054,3082.0,108282.0,9447.0,0.6342177124582453,0.0,1,True,D:\git\git\RDMCT-A3C\cie\results\main\cie_main_600s_compact_final_v1\seed3\solutions\cie_core_nominal__cie_core_n024_f012_m012_proc100__proposed__solverseed_3__trainseed_2__trainseed_2.sol,,,,D:\git\git\RDMCT-A3C\cie\models\proposed\seed_2\itr_60.pkl,23,True,beam_search,
cie_core_nominal,dual_source_cluster_tool,8_to_32_wafers_nominal_processing,test,600.0,[],D:\git\git\RDMCT-A3C\cie\data\core\spbs\cie_core_n024_f012_m012_proc100.lp,spbs\cie_core_n024_f012_m012_proc100.lp,cie_core_n024_f012_m012_proc100.lp,hem,3,2,trainseed_2,auto,2026-07-23T06:37:35,timelimit,600.0,599.9995156999939,1,0.06723169999895617,0.011126279830932617,0.0008785724639892578,0.020077943801879883,0.0,1,0,166288,0.19469424460431656,14296.698732645855,2657.0,122995.0,10000.0,0.5793398976707101,0.0,13,True,D:\git\git\RDMCT-A3C\cie\results\main\cie_main_600s_compact_final_v1\seed3\solutions\cie_core_nominal__cie_core_n024_f012_m012_proc100__hem__solverseed_3__trainseed_2__trainseed_2.sol,,,,D:\git\git\RDMCT-A3C\cie\models\hem\seed_2\itr_60.pkl,13,False,greedy,
cie_core_nominal,dual_source_cluster_tool,8_to_32_wafers_nominal_processing,test,600.0,[],D:\git\git\RDMCT-A3C\cie\data\core\spbs\cie_core_n024_f012_m012_proc100.lp,spbs\cie_core_n024_f012_m012_proc100.lp,cie_core_n024_f012_m012_proc100.lp,rdmct_feature_only,3,2,trainseed_2,auto,2026-07-23T06:47:35,timelimit,600.0,600.0302694999991,1,0.07256420000339858,0.01499485969543457,0.0,0.021420001983642578,0.0,1,0,170211,0.3857913669064748,16808.760545100584,3082.0,108282.0,9447.0,0.6342177124582453,0.0,1,True,D:\git\git\RDMCT-A3C\cie\results\main\cie_main_600s_compact_final_v1\seed3\solutions\cie_core_nominal__cie_core_n024_f012_m012_proc100__rdmct_feature_only__solverseed_3__trainseed_2__trainseed_2.sol,,,,D:\git\git\RDMCT-A3C\cie\models\feature_only\seed_2\itr_60.pkl,23,False,greedy,
cie_core_nominal,dual_source_cluster_tool,8_to_32_wafers_nominal_processing,test,600.0,[],D:\git\git\RDMCT-A3C\cie\data\core\spbs\cie_core_n024_f012_m012_proc100.lp,spbs\cie_core_n024_f012_m012_proc100.lp,cie_core_n024_f012_m012_proc100.lp,hem_beam,3,2,trainseed_2,auto,2026-07-23T06:57:35,timelimit,600.0,599.9818625000044,1,0.06814380000287201,0.01957416534423828,0.0009989738464355469,0.04198002815246582,0.0,1,0,171546,0.19469424460431656,14177.434266745091,2657.0,122995.0,10000.0,0.5793398976707101,0.0,13,True,D:\git\git\RDMCT-A3C\cie\results\main\cie_main_600s_compact_final_v1\seed3\solutions\cie_core_nominal__cie_core_n024_f012_m012_proc100__hem_beam__solverseed_3__trainseed_2__trainseed_2.sol,,,,D:\git\git\RDMCT-A3C\cie\models\hem\seed_2\itr_60.pkl,13,False,beam_search,
cie_core_nominal,dual_source_cluster_tool,8_to_32_wafers_nominal_processing,test,600.0,[],D:\git\git\RDMCT-A3C\cie\data\core\spbs\cie_core_n024_f012_m012_proc100.lp,spbs\cie_core_n024_f012_m012_proc100.lp,cie_core_n024_f012_m012_proc100.lp,hem_structure,3,2,trainseed_2,auto,2026-07-23T07:07:35,timelimit,600.0,599.986476500002,1,0.05888550000236137,0.015130758285522461,0.0009996891021728516,0.0050013065338134766,0.0030002593994140625,1,0,145062,0.3857913669064748,16861.972744970797,3082.0,108282.0,9447.0,0.6342177124582453,0.0,1,True,D:\git\git\RDMCT-A3C\cie\results\main\cie_main_600s_compact_final_v1\seed3\solutions\cie_core_nominal__cie_core_n024_f012_m012_proc100__hem_structure__solverseed_3__trainseed_2__trainseed_2.sol,,,,D:\git\git\RDMCT-A3C\cie\models\proposed\seed_2\itr_60.pkl,23,True,greedy,
cie_core_nominal,dual_source_cluster_tool,8_to_32_wafers_nominal_processing,test,600.0,[],D:\git\git\RDMCT-A3C\cie\data\core\spbs\cie_core_n024_f018_m006_proc100.lp,spbs\cie_core_n024_f018_m006_proc100.lp,cie_core_n024_f018_m006_proc100.lp,hem,3,2,trainseed_2,auto,2026-07-23T07:17:35,optimal,367.0,366.963276399998,1,0.07287959999666782,0.01611161231994629,0.0009992122650146484,0.01935434341430664,0.0,1,0,103080,0.0,5452.987804701333,2269.9999999999973,104932.82976885838,10000.0,0.2664175817238192,65.99999999999727,14,True,D:\git\git\RDMCT-A3C\cie\results\main\cie_main_600s_compact_final_v1\seed3\solutions\cie_core_nominal__cie_core_n024_f018_m006_proc100__hem__solverseed_3__trainseed_2__trainseed_2.sol,,,,D:\git\git\RDMCT-A3C\cie\models\hem\seed_2\itr_60.pkl,13,False,greedy,
cie_core_nominal,dual_source_cluster_tool,8_to_32_wafers_nominal_processing,test,600.0,[],D:\git\git\RDMCT-A3C\cie\data\core\spbs\cie_core_n024_f018_m006_proc100.lp,spbs\cie_core_n024_f018_m006_proc100.lp,cie_core_n024_f018_m006_proc100.lp,rdmct_feature_only,3,2,trainseed_2,auto,2026-07-23T07:23:42,timelimit,600.0,600.0491945999966,1,0.04032450000522658,0.018001079559326172,0.0,0.020000457763671875,0.0,1,0,126944,0.1147686832740214,16039.9170600836,2505.999999999999,104864.30976885838,10000.0,0.3581419016753717,161.9999999999991,12,True,D:\git\git\RDMCT-A3C\cie\results\main\cie_main_600s_compact_final_v1\seed3\solutions\cie_core_nominal__cie_core_n024_f018_m006_proc100__rdmct_feature_only__solverseed_3__trainseed_2__trainseed_2.sol,,,,D:\git\git\RDMCT-A3C\cie\models\feature_only\seed_2\itr_60.pkl,23,False,greedy,
cie_core_nominal,dual_source_cluster_tool,8_to_32_wafers_nominal_processing,test,600.0,[],D:\git\git\RDMCT-A3C\cie\data\core\spbs\cie_core_n024_f018_m006_proc100.lp,spbs\cie_core_n024_f018_m006_proc100.lp,cie_core_n024_f018_m006_proc100.lp,hem_beam,3,2,trainseed_2,auto,2026-07-23T07:33:42,timelimit,600.0,600.0166622999968,1,0.10191409999970347,0.026316404342651367,0.00099945068359375,0.03969717025756836,0.0,1,0,139029,0.01734875444839818,7991.998176133795,2286.999999999998,103987.82976885838,10000.0,0.4664494659331305,49.0,11,True,D:\git\git\RDMCT-A3C\cie\results\main\cie_main_600s_compact_final_v1\seed3\solutions\cie_core_nominal__cie_core_n024_f018_m006_proc100__hem_beam__solverseed_3__trainseed_2__trainseed_2.sol,,,,D:\git\git\RDMCT-A3C\cie\models\hem\seed_2\itr_60.pkl,13,False,beam_search,
cie_core_nominal,dual_source_cluster_tool,8_to_32_wafers_nominal_processing,test,600.0,[],D:\git\git\RDMCT-A3C\cie\data\core\spbs\cie_core_n024_f018_m006_proc100.lp,spbs\cie_core_n024_f018_m006_proc100.lp,cie_core_n024_f018_m006_proc100.lp,hem_structure,3,2,trainseed_2,auto,2026-07-23T07:43:42,optimal,430.0,429.99910100000125,1,0.06434829999489011,0.018001317977905273,0.002000093460083008,0.005999565124511719,0.002999544143676758,1,0,108793,0.0,10664.902037196123,2269.9999999999973,104657.82976885836,10000.0,0.26641758172382046,66.00000000000091,11,True,D:\git\git\RDMCT-A3C\cie\results\main\cie_main_600s_compact_final_v1\seed3\solutions\cie_core_nominal__cie_core_n024_f018_m006_proc100__hem_structure__solverseed_3__trainseed_2__trainseed_2.sol,,,,D:\git\git\RDMCT-A3C\cie\models\proposed\seed_2\itr_60.pkl,23,True,greedy,
cie_core_nominal,dual_source_cluster_tool,8_to_32_wafers_nominal_processing,test,600.0,[],D:\git\git\RDMCT-A3C\cie\data\core\spbs\cie_core_n024_f018_m006_proc100.lp,spbs\cie_core_n024_f018_m006_proc100.lp,cie_core_n024_f018_m006_proc100.lp,proposed,3,2,trainseed_2,auto,2026-07-23T07:50:52,optimal,439.0,439.7056273999988,1,0.06745139999839012,0.0191650390625,0.0,0.009999990463256836,0.003000020980834961,1,0,108793,0.0,10910.772595271288,2269.9999999999973,104657.82976885836,10000.0,0.26641758172382046,66.00000000000091,11,True,D:\git\git\RDMCT-A3C\cie\results\main\cie_main_600s_compact_final_v1\seed3\solutions\cie_core_nominal__cie_core_n024_f018_m006_proc100__proposed__solverseed_3__trainseed_2__trainseed_2.sol,,,,D:\git\git\RDMCT-A3C\cie\models\proposed\seed_2\itr_60.pkl,23,True,beam_search,
cie_core_nominal,dual_source_cluster_tool,8_to_32_wafers_nominal_processing,test,600.0,[],D:\git\git\RDMCT-A3C\cie\data\core\spbs\cie_core_n032_f000_m032_proc100.lp,spbs\cie_core_n032_f000_m032_proc100.lp,cie_core_n032_f000_m032_proc100.lp,rdmct_feature_only,3,2,trainseed_2,auto,2026-07-23T07:58:11,optimal,455.0,455.1427163999979,1,0.04964279999694554,0.0262908935546875,0.0,0.021414756774902344,0.0,1,0,148877,0.0,4995.8470612319525,2592.0,200654.0,10000.0,0.010495889827120372,16.0,10,True,D:\git\git\RDMCT-A3C\cie\results\main\cie_main_600s_compact_final_v1\seed3\solutions\cie_core_nominal__cie_core_n032_f000_m032_proc100__rdmct_feature_only__solverseed_3__trainseed_2__trainseed_2.sol,,,,D:\git\git\RDMCT-A3C\cie\models\feature_only\seed_2\itr_60.pkl,23,False,greedy,
cie_core_nominal,dual_source_cluster_tool,8_to_32_wafers_nominal_processing,test,600.0,[],D:\git\git\RDMCT-A3C\cie\data\core\spbs\cie_core_n032_f000_m032_proc100.lp,spbs\cie_core_n032_f000_m032_proc100.lp,cie_core_n032_f000_m032_proc100.lp,hem_beam,3,2,trainseed_2,auto,2026-07-23T08:05:47,optimal,206.0,206.4543279999998,1,0.055162800003017765,0.01223444938659668,0.0010399818420410156,0.040395498275756836,0.0,1,0,52958,0.0,2614.168063961643,2592.0,201356.0,10000.0,0.0,0.0,11,True,D:\git\git\RDMCT-A3C\cie\results\main\cie_main_600s_compact_final_v1\seed3\solutions\cie_core_nominal__cie_core_n032_f000_m032_proc100__hem_beam__solverseed_3__trainseed_2__trainseed_2.sol,,,,D:\git\git\RDMCT-A3C\cie\models\hem\seed_2\itr_60.pkl,13,False,beam_search,
cie_core_nominal,dual_source_cluster_tool,8_to_32_wafers_nominal_processing,test,600.0,[],D:\git\git\RDMCT-A3C\cie\data\core\spbs\cie_core_n032_f000_m032_proc100.lp,spbs\cie_core_n032_f000_m032_proc100.lp,cie_core_n032_f000_m032_proc100.lp,hem_structure,3,2,trainseed_2,auto,2026-07-23T08:09:13,optimal,465.0,465.0866348999989,1,0.06008369999472052,0.015281438827514648,0.0009975433349609375,0.004998922348022461,0.0030002593994140625,1,0,185598,0.0,5102.49708514003,2592.0,202930.0,10000.0,0.014777899141282438,18.0,5,True,D:\git\git\RDMCT-A3C\cie\results\main\cie_main_600s_compact_final_v1\seed3\solutions\cie_core_nominal__cie_core_n032_f000_m032_proc100__hem_structure__solverseed_3__trainseed_2__trainseed_2.sol,,,,D:\git\git\RDMCT-A3C\cie\models\proposed\seed_2\itr_60.pkl,23,True,greedy,
cie_core_nominal,dual_source_cluster_tool,8_to_32_wafers_nominal_processing,test,600.0,[],D:\git\git\RDMCT-A3C\cie\data\core\spbs\cie_core_n032_f000_m032_proc100.lp,spbs\cie_core_n032_f000_m032_proc100.lp,cie_core_n032_f000_m032_proc100.lp,proposed,3,2,trainseed_2,auto,2026-07-23T08:16:58,optimal,448.0,448.1572954000003,1,0.0579654000030132,0.010001897811889648,0.0009992122650146484,0.008137941360473633,0.0029959678649902344,1,0,185598,0.0,4919.645845470609,2592.0,202930.0,10000.0,0.014777899141282438,18.0,5,True,D:\git\git\RDMCT-A3C\cie\results\main\cie_main_600s_compact_final_v1\seed3\solutions\cie_core_nominal__cie_core_n032_f000_m032_proc100__proposed__solverseed_3__trainseed_2__trainseed_2.sol,,,,D:\git\git\RDMCT-A3C\cie\models\proposed\seed_2\itr_60.pkl,23,True,beam_search,
cie_core_nominal,dual_source_cluster_tool,8_to_32_wafers_nominal_processing,test,600.0,[],D:\git\git\RDMCT-A3C\cie\data\core\spbs\cie_core_n032_f000_m032_proc100.lp,spbs\cie_core_n032_f000_m032_proc100.lp,cie_core_n032_f000_m032_proc100.lp,hem,3,2,trainseed_2,auto,2026-07-23T08:24:26,optimal,206.0,206.37201780000032,1,0.07844150000164518,0.02251458168029785,0.0011105537414550781,0.0193941593170166,0.0,1,0,52958,0.0,2708.219882285351,2592.0,201356.0,10000.0,0.0,0.0,11,True,D:\git\git\RDMCT-A3C\cie\results\main\cie_main_600s_compact_final_v1\seed3\solutions\cie_core_nominal__cie_core_n032_f000_m032_proc100__hem__solverseed_3__trainseed_2__trainseed_2.sol,,,,D:\git\git\RDMCT-A3C\cie\models\hem\seed_2\itr_60.pkl,13,False,greedy,
cie_core_nominal,dual_source_cluster_tool,8_to_32_wafers_nominal_processing,test,600.0,[],D:\git\git\RDMCT-A3C\cie\data\core\spbs\cie_core_n032_f008_m024_proc100.lp,spbs\cie_core_n032_f008_m024_proc100.lp,cie_core_n032_f008_m024_proc100.lp,hem_beam,3,2,trainseed_2,auto,2026-07-23T08:27:53,timelimit,600.0,600.122512599999,1,0.09076370000548195,0.013006210327148438,0.0010001659393310547,0.040357351303100586,0.0,1,0,123147,0.10607225211375865,8005.697153431809,2878.0,183328.0,10000.0,0.0,0.0,3,True,D:\git\git\RDMCT-A3C\cie\results\main\cie_main_600s_compact_final_v1\seed3\solutions\cie_core_nominal__cie_core_n032_f008_m024_proc100__hem_beam__solverseed_3__trainseed_2__trainseed_2.sol,,,,D:\git\git\RDMCT-A3C\cie\models\hem\seed_2\itr_60.pkl,13,False,beam_search,
cie_core_nominal,dual_source_cluster_tool,8_to_32_wafers_nominal_processing,test,600.0,[],D:\git\git\RDMCT-A3C\cie\data\core\spbs\cie_core_n032_f008_m024_proc100.lp,spbs\cie_core_n032_f008_m024_proc100.lp,cie_core_n032_f008_m024_proc100.lp,hem_structure,3,2,trainseed_2,auto,2026-07-23T08:37:53,timelimit,600.0,599.993046800002,1,0.06444960000226274,0.018128633499145508,0.0,0.006334066390991211,0.002999544143676758,1,0,144704,0.10522273425499232,6712.662514655426,2878.0,183428.0,10000.0,0.06624417024677896,90.0,2,True,D:\git\git\RDMCT-A3C\cie\results\main\cie_main_600s_compact_final_v1\seed3\solutions\cie_core_nominal__cie_core_n032_f008_m024_proc100__hem_structure__solverseed_3__trainseed_2__trainseed_2.sol,,,,D:\git\git\RDMCT-A3C\cie\models\proposed\seed_2\itr_60.pkl,23,True,greedy,
cie_core_nominal,dual_source_cluster_tool,8_to_32_wafers_nominal_processing,test,600.0,[],D:\git\git\RDMCT-A3C\cie\data\core\spbs\cie_core_n032_f008_m024_proc100.lp,spbs\cie_core_n032_f008_m024_proc100.lp,cie_core_n032_f008_m024_proc100.lp,proposed,3,2,trainseed_2,auto,2026-07-23T08:47:53,timelimit,600.0,599.9765296000041,1,0.06627709999884246,0.017297983169555664,0.0009984970092773438,0.009999752044677734,0.0029997825622558594,1,0,144734,0.10522273425499232,6718.099558396792,2878.0,183428.0,10000.0,0.06624417024677896,90.0,2,True,D:\git\git\RDMCT-A3C\cie\results\main\cie_main_600s_compact_final_v1\seed3\solutions\cie_core_nominal__cie_core_n032_f008_m024_proc100__proposed__solverseed_3__trainseed_2__trainseed_2.sol,,,,D:\git\git\RDMCT-A3C\cie\models\proposed\seed_2\itr_60.pkl,23,True,beam_search,
cie_core_nominal,dual_source_cluster_tool,8_to_32_wafers_nominal_processing,test,600.0,[],D:\git\git\RDMCT-A3C\cie\data\core\spbs\cie_core_n032_f008_m024_proc100.lp,spbs\cie_core_n032_f008_m024_proc100.lp,cie_core_n032_f008_m024_proc100.lp,hem,3,2,trainseed_2,auto,2026-07-23T08:57:53,timelimit,600.0,600.0203391000032,1,0.06665359999897191,0.013099908828735352,0.0,0.018214941024780273,0.0,1,0,124423,0.10607225211375865,7966.393401325129,2878.0,183328.0,10000.0,0.0,0.0,3,True,D:\git\git\RDMCT-A3C\cie\results\main\cie_main_600s_compact_final_v1\seed3\solutions\cie_core_nominal__cie_core_n032_f008_m024_proc100__hem__solverseed_3__trainseed_2__trainseed_2.sol,,,,D:\git\git\RDMCT-A3C\cie\models\hem\seed_2\itr_60.pkl,13,False,greedy,
cie_core_nominal,dual_source_cluster_tool,8_to_32_wafers_nominal_processing,test,600.0,[],D:\git\git\RDMCT-A3C\cie\data\core\spbs\cie_core_n032_f008_m024_proc100.lp,spbs\cie_core_n032_f008_m024_proc100.lp,cie_core_n032_f008_m024_proc100.lp,rdmct_feature_only,3,2,trainseed_2,auto,2026-07-23T09:07:53,optimal,234.0,234.08279600000242,1,0.07274160000088159,0.016368389129638672,0.0,0.02105712890625,0.0,1,0,79448,0.0,1413.5240119349858,2626.0,182761.0,10000.0,0.03419200814799382,23.0,7,True,D:\git\git\RDMCT-A3C\cie\results\main\cie_main_600s_compact_final_v1\seed3\solutions\cie_core_nominal__cie_core_n032_f008_m024_proc100__rdmct_feature_only__solverseed_3__trainseed_2__trainseed_2.sol,,,,D:\git\git\RDMCT-A3C\cie\models\feature_only\seed_2\itr_60.pkl,23,False,greedy,
cie_core_nominal,dual_source_cluster_tool,8_to_32_wafers_nominal_processing,test,600.0,[],D:\git\git\RDMCT-A3C\cie\data\core\spbs\cie_core_n032_f016_m016_proc100.lp,spbs\cie_core_n032_f016_m016_proc100.lp,cie_core_n032_f016_m016_proc100.lp,hem_structure,3,2,trainseed_2,auto,2026-07-23T09:11:47,timelimit,600.0,599.8564697999973,1,0.05931319999945117,0.031160831451416016,0.0010755062103271484,0.00392603874206543,0.0031702518463134766,1,0,33601,3.045307443365696,45642.88,10000.0,192542.0,10000.0,0.7103546114337526,6.0,1,True,D:\git\git\RDMCT-A3C\cie\results\main\cie_main_600s_compact_final_v1\seed3\solutions\cie_core_nominal__cie_core_n032_f016_m016_proc100__hem_structure__solverseed_3__trainseed_2__trainseed_2.sol,,,,D:\git\git\RDMCT-A3C\cie\models\proposed\seed_2\itr_60.pkl,23,True,greedy,
cie_core_nominal,dual_source_cluster_tool,8_to_32_wafers_nominal_processing,test,600.0,[],D:\git\git\RDMCT-A3C\cie\data\core\spbs\cie_core_n032_f016_m016_proc100.lp,spbs\cie_core_n032_f016_m016_proc100.lp,cie_core_n032_f016_m016_proc100.lp,proposed,3,2,trainseed_2,auto,2026-07-23T09:21:47,timelimit,600.0,599.9952787000002,1,0.33503420000488404,0.28267741203308105,0.0,0.007000923156738281,0.003000020980834961,1,0,34117,3.045307443365696,45666.52,10000.0,192542.0,10000.0,0.7103546114337526,6.0,1,True,D:\git\git\RDMCT-A3C\cie\results\main\cie_main_600s_compact_final_v1\seed3\solutions\cie_core_nominal__cie_core_n032_f016_m016_proc100__proposed__solverseed_3__trainseed_2__trainseed_2.sol,,,,D:\git\git\RDMCT-A3C\cie\models\proposed\seed_2\itr_60.pkl,23,True,beam_search,
cie_core_nominal,dual_source_cluster_tool,8_to_32_wafers_nominal_processing,test,600.0,[],D:\git\git\RDMCT-A3C\cie\data\core\spbs\cie_core_n032_f016_m016_proc100.lp,spbs\cie_core_n032_f016_m016_proc100.lp,cie_core_n032_f016_m016_proc100.lp,hem,3,2,trainseed_2,auto,2026-07-23T09:31:47,timelimit,600.0,600.0086607999983,1,0.05059210000035819,0.017151832580566406,0.0009989738464355469,0.018256187438964844,0.0,1,0,41366,3.048582995951417,45641.67999999999,10000.0,192542.0,10000.0,0.7103546114337526,6.0,1,True,D:\git\git\RDMCT-A3C\cie\results\main\cie_main_600s_compact_final_v1\seed3\solutions\cie_core_nominal__cie_core_n032_f016_m016_proc100__hem__solverseed_3__trainseed_2__trainseed_2.sol,,,,D:\git\git\RDMCT-A3C\cie\models\hem\seed_2\itr_60.pkl,13,False,greedy,
cie_core_nominal,dual_source_cluster_tool,8_to_32_wafers_nominal_processing,test,600.0,[],D:\git\git\RDMCT-A3C\cie\data\core\spbs\cie_core_n032_f016_m016_proc100.lp,spbs\cie_core_n032_f016_m016_proc100.lp,cie_core_n032_f016_m016_proc100.lp,rdmct_feature_only,3,2,trainseed_2,auto,2026-07-23T09:41:47,timelimit,600.0,600.0097983000014,1,0.09740949999832083,0.03421950340270996,0.0010018348693847656,0.019641876220703125,0.0,1,0,53299,3.048582995951417,45639.439999999995,10000.0,192542.0,10000.0,0.7103546114337526,6.0,1,True,D:\git\git\RDMCT-A3C\cie\results\main\cie_main_600s_compact_final_v1\seed3\solutions\cie_core_nominal__cie_core_n032_f016_m016_proc100__rdmct_feature_only__solverseed_3__trainseed_2__trainseed_2.sol,,,,D:\git\git\RDMCT-A3C\cie\models\feature_only\seed_2\itr_60.pkl,23,False,greedy,
cie_core_nominal,dual_source_cluster_tool,8_to_32_wafers_nominal_processing,test,600.0,[],D:\git\git\RDMCT-A3C\cie\data\core\spbs\cie_core_n032_f016_m016_proc100.lp,spbs\cie_core_n032_f016_m016_proc100.lp,cie_core_n032_f016_m016_proc100.lp,hem_beam,3,2,trainseed_2,auto,2026-07-23T09:51:47,timelimit,600.0,599.9771894000005,1,0.10392940000019735,0.016196250915527344,0.0,0.04030871391296387,0.0,1,0,27440,3.0518638573743924,45663.799999999996,10000.0,192542.0,10000.0,0.7103546114337526,6.0,1,True,D:\git\git\RDMCT-A3C\cie\results\main\cie_main_600s_compact_final_v1\seed3\solutions\cie_core_nominal__cie_core_n032_f016_m016_proc100__hem_beam__solverseed_3__trainseed_2__trainseed_2.sol,,,,D:\git\git\RDMCT-A3C\cie\models\hem\seed_2\itr_60.pkl,13,False,beam_search,
cie_core_nominal,dual_source_cluster_tool,8_to_32_wafers_nominal_processing,test,600.0,[],D:\git\git\RDMCT-A3C\cie\data\core\spbs\cie_core_n032_f024_m008_proc100.lp,spbs\cie_core_n032_f024_m008_proc100.lp,cie_core_n032_f024_m008_proc100.lp,proposed,3,2,trainseed_2,auto,2026-07-23T10:01:47,timelimit,600.0,600.0446695999999,1,0.08223549999820534,0.03119349479675293,0.0039980411529541016,0.009241580963134766,0.0030007362365722656,1,0,44747,0.6200245783139484,24095.83478350522,3959.34006939929,142645.95834699017,10000.0,0.6570863853867019,369.5226088123127,1,True,D:\git\git\RDMCT-A3C\cie\results\main\cie_main_600s_compact_final_v1\seed3\solutions\cie_core_nominal__cie_core_n032_f024_m008_proc100__proposed__solverseed_3__trainseed_2__trainseed_2.sol,,,,D:\git\git\RDMCT-A3C\cie\models\proposed\seed_2\itr_60.pkl,23,True,beam_search,
cie_core_nominal,dual_source_cluster_tool,8_to_32_wafers_nominal_processing,test,600.0,[],D:\git\git\RDMCT-A3C\cie\data\core\spbs\cie_core_n032_f024_m008_proc100.lp,spbs\cie_core_n032_f024_m008_proc100.lp,cie_core_n032_f024_m008_proc100.lp,hem,3,2,trainseed_2,auto,2026-07-23T10:11:47,timelimit,600.0,599.9874334000051,1,0.07839750000130152,0.0202486515045166,0.001003265380859375,0.021388769149780273,0.0,1,0,43830,0.578684238197484,23364.879637124202,3959.34006939929,142645.95834699017,10000.0,0.6570863853867019,369.5226088123127,1,True,D:\git\git\RDMCT-A3C\cie\results\main\cie_main_600s_compact_final_v1\seed3\solutions\cie_core_nominal__cie_core_n032_f024_m008_proc100__hem__solverseed_3__trainseed_2__trainseed_2.sol,,,,D:\git\git\RDMCT-A3C\cie\models\hem\seed_2\itr_60.pkl,13,False,greedy,
cie_core_nominal,dual_source_cluster_tool,8_to_32_wafers_nominal_processing,test,600.0,[],D:\git\git\RDMCT-A3C\cie\data\core\spbs\cie_core_n032_f024_m008_proc100.lp,spbs\cie_core_n032_f024_m008_proc100.lp,cie_core_n032_f024_m008_proc100.lp,rdmct_feature_only,3,2,trainseed_2,auto,2026-07-23T10:21:47,timelimit,600.0,599.9538835999992,1,0.04576860000088345,0.023000478744506836,0.0009984970092773438,0.019309520721435547,0.0,1,0,38901,0.6193619915743517,24172.23640465869,3959.34006939929,142645.95834699017,10000.0,0.6570863853867019,369.5226088123127,1,True,D:\git\git\RDMCT-A3C\cie\results\main\cie_main_600s_compact_final_v1\seed3\solutions\cie_core_nominal__cie_core_n032_f024_m008_proc100__rdmct_feature_only__solverseed_3__trainseed_2__trainseed_2.sol,,,,D:\git\git\RDMCT-A3C\cie\models\feature_only\seed_2\itr_60.pkl,23,False,greedy,
cie_core_nominal,dual_source_cluster_tool,8_to_32_wafers_nominal_processing,test,600.0,[],D:\git\git\RDMCT-A3C\cie\data\core\spbs\cie_core_n032_f024_m008_proc100.lp,spbs\cie_core_n032_f024_m008_proc100.lp,cie_core_n032_f024_m008_proc100.lp,hem_beam,3,2,trainseed_2,auto,2026-07-23T10:31:47,timelimit,600.0,600.0638342999955,1,0.09802539999509463,0.019999027252197266,0.0,0.04199957847595215,0.0,1,0,43180,0.578684238197484,23382.786661718514,3959.34006939929,142645.95834699017,10000.0,0.6570863853867019,369.5226088123127,1,True,D:\git\git\RDMCT-A3C\cie\results\main\cie_main_600s_compact_final_v1\seed3\solutions\cie_core_nominal__cie_core_n032_f024_m008_proc100__hem_beam__solverseed_3__trainseed_2__trainseed_2.sol,,,,D:\git\git\RDMCT-A3C\cie\models\hem\seed_2\itr_60.pkl,13,False,beam_search,
cie_core_nominal,dual_source_cluster_tool,8_to_32_wafers_nominal_processing,test,600.0,[],D:\git\git\RDMCT-A3C\cie\data\core\spbs\cie_core_n032_f024_m008_proc100.lp,spbs\cie_core_n032_f024_m008_proc100.lp,cie_core_n032_f024_m008_proc100.lp,hem_structure,3,2,trainseed_2,auto,2026-07-23T10:41:47,timelimit,600.0,599.9950138999993,1,0.056208499998319894,0.04583406448364258,0.0,0.006172657012939453,0.003000020980834961,1,0,45036,0.6200245783139484,24098.916105085624,3959.34006939929,142645.95834699017,10000.0,0.6570863853867019,369.5226088123127,1,True,D:\git\git\RDMCT-A3C\cie\results\main\cie_main_600s_compact_final_v1\seed3\solutions\cie_core_nominal__cie_core_n032_f024_m008_proc100__hem_structure__solverseed_3__trainseed_2__trainseed_2.sol,,,,D:\git\git\RDMCT-A3C\cie\models\proposed\seed_2\itr_60.pkl,23,True,greedy,
