train 1th process seed,evaluate 1th process seed,pos_1_entropy,Epoch,training/Neg Reward Mean,training/Neg Reward Std,training/Neg Reward Max,training/Neg Reward Min,training/Neg Advantage,training/logprobs Mean,training/logprobs Std,training/logprobs Max,training/logprobs Min,training/raw_logprobs Mean,training/raw_logprobs Std,training/raw_logprobs Max,training/raw_logprobs Min,training/reinforce loss,training/Critic Value,training/len cuts Mean,training/len cuts Std,training/len cuts Max,training/len cuts Min,training/cut 1 th feature Mean,training/cut 1 th feature Std,training/cut 1 th feature Max,training/cut 1 th feature Min,training/cut 2 th feature Mean,training/cut 2 th feature Std,training/cut 2 th feature Max,training/cut 2 th feature Min,training/cut 3 th feature Mean,training/cut 3 th feature Std,training/cut 3 th feature Max,training/cut 3 th feature Min,training/cut 4 th feature Mean,training/cut 4 th feature Std,training/cut 4 th feature Max,training/cut 4 th feature Min,training/cut 5 th feature Mean,training/cut 5 th feature Std,training/cut 5 th feature Max,training/cut 5 th feature Min,training/cut 6 th feature Mean,training/cut 6 th feature Std,training/cut 6 th feature Max,training/cut 6 th feature Min,training/cut 7 th feature Mean,training/cut 7 th feature Std,training/cut 7 th feature Max,training/cut 7 th feature Min,training/cut 8 th feature Mean,training/cut 8 th feature Std,training/cut 8 th feature Max,training/cut 8 th feature Min,training/cut 9 th feature Mean,training/cut 9 th feature Std,training/cut 9 th feature Max,training/cut 9 th feature Min,training/cut 10 th feature Mean,training/cut 10 th feature Std,training/cut 10 th feature Max,training/cut 10 th feature Min,training/cut 11 th feature Mean,training/cut 11 th feature Std,training/cut 11 th feature Max,training/cut 11 th feature Min,training/cut 12 th feature Mean,training/cut 12 th feature Std,training/cut 12 th feature Max,training/cut 12 th feature Min,training/cut 13 th feature Mean,training/cut 13 th feature Std,training/cut 13 th feature Max,training/cut 13 th feature Min,training/sel cuts num Mean,training/sel cuts num Std,training/sel cuts num Max,training/sel cuts num Min,training/solving_time Mean,training/solving_time Std,training/solving_time Max,training/solving_time Min,training/ntotal_nodes Mean,training/ntotal_nodes Std,training/ntotal_nodes Max,training/ntotal_nodes Min,training/primal_dual_gap Mean,training/primal_dual_gap Std,training/primal_dual_gap Max,training/primal_dual_gap Min,training/primaldualintegral Mean,training/primaldualintegral Std,training/primaldualintegral Max,training/primaldualintegral Min,training/schedule_wait_penalty Mean,training/schedule_wait_penalty Std,training/schedule_wait_penalty Max,training/schedule_wait_penalty Min,time/evaluating (s),time/online_testing (s),time/sampling data (s),time/training (s),time/epoch (s),time/total (s)
717354021,1061650667,4.825467586517334,56,731.9885146105544,1746.7364895204764,5409.009830615613,0.03764000000000001,658.7896728515625,-4.7682495,0.06883628,-4.5877037,-4.872328,-63.62882,21.844488,-9.175407,-77.957245,-3154.48583984375,73.1988525390625,128.0,0.0,128,128,0.0003727191811402392,0.0034693217584872865,0.04993761694389223,0.0,1.240412441138674,0.8410152073967304,7.280784013176501,0.0020282940947281215,0.0320960881244422,0.023726719556098314,0.13725221074096586,0.003072191901394929,0.6641925197593884,0.2291572463414801,0.9523356030665205,0.0,6.328438233039794,115.44673811503132,2614.519850902108,0.004510999320008622,-159.18269860170022,454.3867710550183,163.5,-2366.5,104.85398860007993,243.34281868903295,1038.0,-1.0,-498.9466926150819,1081.9277252959496,-0.0030487804878048764,-4732.0,224.9578714066367,471.32272373570066,2365.5,0.25908400405079257,0.001046412465955774,0.00032150778836801086,0.0014619883040935672,0.0004520795660036166,1.0,0.0,1.0,1.0,0.0,0.0,0.0,0.0,0.031895678899169146,0.00528013136294742,0.038207995161906365,0.021257356140160482,13.3125,4.5376033046091635,16,2,8.3125,19.566293561888518,60.0,0.0,7006.3125,16170.281037750821,51102,4,0.04470900301356123,0.12031683790942624,0.4198895027624343,0.0,707.3319617834605,1712.017235958764,5346.373196994789,0.0,24.65655282709379,40.637095430864235,171.26065000000239,0.03764000000000001,1.7999991541728377e-06,0.0016346000047633424,136.89040979999118,2.1022491000039736,138.99429529999907,138.99443659999815
946286476,784077896,1130.4739960845277,1623.596366753644,4343.522146712302,0.03988,-3.0517578125e-05,-0.3218307,0.8732328,1.9671001,-1.3858153,-0.3916222956031561,0.6647093054049246,0.9495280981063843,-0.9945516586303711,-173.88790893554688,1130.4739960845277,-1.6841631531715393,0.38172659847293006,-1.3491108417510986,-2.5548324584960938,-0.5100228302180767,0.03050983563285562,-0.464796781539917,-0.532425582408905,1.5608339309692383,0.019032919362478494,1.583541750907898,1.533503532409668,1.8640840351581573,0.012240017366619215,1.8786025047302246,1.8464934825897217,4.801547050476074,57,1130.4739960845277,1623.596366753644,4343.522146712302,0.03988,951.5477294921875,-4.7655745,0.057411082,-4.6274815,-4.853759,-61.47862,22.96858,-9.254963,-77.35242,-4561.16064453125,178.92636108398438,128.0,0.0,128,128,0.0003741987443959966,0.0036498413043259143,0.04993761694389223,0.0,1.3012698403153038,0.9439090809617136,7.280784013176501,0.0020282940947281215,0.030543637966858696,0.025973049391301784,0.13725221074096586,0.003072191901394929,0.6717393178091489,0.23666581324437352,0.9523356030665205,0.0,7.680148176405373,129.03793364804588,2614.519850902108,0.004510999320008622,-102.97951201165235,330.4469685800032,163.5,-2366.5,106.40819640217211,236.0668038495022,1038.0,-1.0,-375.20143217510235,846.9679969294136,-0.0030487804878048764,-4732.0,168.9936660792226,348.95634253356025,2365.5,0.25908400405079257,0.0009745897779006504,0.00038482423220204505,0.0014619883040935672,0.0004520795660036166,1.0,0.0,1.0,1.0,0.0,0.0,0.0,0.0,0.030556475231545553,0.006308223553403504,0.038207995161906365,0.021257356140160482,12.875,4.794202227691277,16,2,17.3125,25.16376052481028,60.0,0.0,18505.125,26959.004290948415,69360,2,0.06020575635311998,0.15916502827021758,0.6326164874551972,0.0,1095.5404238722303,1591.7898437114375,4307.740936363773,0.0,34.93357221229725,69.38651747248184,301.83683,0.03988,1.5999976312741637e-06,0.0076367000001482666,281.81350940000266,1.7320776999986265,283.55322539999906,422.5533685999835
491263,550290313,1130.4739960845277,1623.596366753644,4343.522146712302,0.03988,-3.0517578125e-05,-0.3218307,0.8732328,1.9671001,-1.3858153,-0.3916222956031561,0.6647093054049246,0.9495280981063843,-0.9945516586303711,-173.88790893554688,1130.4739960845277,-1.6841631531715393,0.38172659847293006,-1.3491108417510986,-2.5548324584960938,-0.5100228302180767,0.03050983563285562,-0.464796781539917,-0.532425582408905,1.5608339309692383,0.019032919362478494,1.583541750907898,1.533503532409668,1.8640840351581573,0.012240017366619215,1.8786025047302246,1.8464934825897217,4.834157466888428,58,1769.349497663568,2018.986448682983,4925.369363167602,0.03764000000000001,1431.3807373046875,-4.785116,0.053843915,-4.7235494,-4.891919,-67.604485,17.67038,-9.518698,-78.270706,-6853.8466796875,337.96868896484375,128.0,0.0,128,128,0.00011410886990038892,0.0014346340635824106,0.027767067240353285,0.0,1.5033050200571165,0.9644440465531173,7.280784013176501,0.9612787609284225,0.020564658681127113,0.01418549911103271,0.07499937500520829,0.003072191901394929,0.7016807484463565,0.2558687066347291,0.9523356030665205,0.0,0.9319108964304827,0.18743461150906596,1.0714966648383728,0.10293766840213878,-203.41387839311855,450.83012871600846,92.74632289611941,-2366.5,99.40243215451953,282.2057006341179,1038.0,-1.0,-615.275390625,1097.172696576582,-1.0,-4732.0,253.26447144837005,478.8484012130566,2365.5,0.25908400405079257,0.0007902422035066552,0.00028267024440272115,0.001152073732718894,0.0004520795660036166,1.0,0.0,1.0,1.0,0.0,0.0,0.0,0.0,0.027634143898211578,0.005088409310611453,0.03392265406528907,0.021257356140160482,14.125,3.6890886408434267,16,2,25.3125,27.635391145232592,60.0,0.0,26652.875,28501.67853143697,73250,30,0.12010240224487043,0.19920216984513073,0.5614973262032086,0.0,1700.1795407240893,1933.1400134565647,4635.4015431676025,0.0,69.16995693947847,111.02266326197474,375.61665,0.03764000000000001,1.3999961083754897e-06,0.007162199995946139,408.81178910000017,1.2804562999954214,410.09940899998765,832.662516899989
224766667,1069620869,1709.0291452672664,2130.923373404681,5361.597227956778,0.03764000000000001,520.69970703125,0.20059963,1.3792005,2.457067,-1.4148077,-0.5420415196567774,0.5603688791524382,0.8623178601264954,-0.9986811280250549,128.36257934570312,1188.3295110028016,-1.9114994555711746,0.662919343744299,-1.308632254600525,-3.4810404777526855,-0.5290552824735641,0.029233956787928353,-0.47844642400741577,-0.547629177570343,1.4948084503412247,0.0157902088192692,1.5096465349197388,1.4687678813934326,1.8208804950118065,0.010611577347827826,1.8308141231536865,1.8033623695373535,4.78905725479126,59,1709.0291452672664,2130.923373404681,5361.597227956778,0.03764000000000001,1233.9544677734375,-4.7683873,0.099045046,-4.5921497,-5.0523167,-52.470085,29.253534,-9.184299,-78.03701,-5872.39306640625,475.07470703125,128.0,0.0,128,128,0.0002885514561923059,0.003230937773099524,0.04993761694389223,0.0,1.4077406747893515,1.0307760528923533,7.280784013176501,0.0020282940947281215,0.02721184799436846,0.0242884972514332,0.13725221074096586,0.003072191901394929,0.6845411647902038,0.24449535629077365,0.9523356030665205,0.0,6.315462309910121,115.44734826592565,2614.519850902108,0.004510999320008622,-91.66734768698356,267.1540944299611,163.5,-2366.5,156.38794672151653,310.22127065263686,1038.0,-1.0,-392.1664191775819,769.1850726511826,-0.0030487804878048764,-4732.0,170.3487119358042,303.78368411443034,2365.5,0.25908400405079257,0.0008783900675234873,0.0003913296782450718,0.0014619883040935672,0.0004520795660036166,1.0,0.0,1.0,1.0,0.0,0.0,0.0,0.0,0.028884246496177934,0.006570058130924002,0.038207995161906365,0.021257356140160482,11.0,6.123724356957945,16,2,23.1875,28.533354933305688,60.0,0.0,22907.0,28523.59431242844,84241,2,0.15297053980262787,0.2520844419619841,0.850909090909091,0.0,1647.50325009174,2067.4523477444804,5087.524557956778,0.0,61.52589517552654,78.19528599302971,274.07267,0.03764000000000001,1.7999991541728377e-06,0.007770900003379211,374.4305936000019,1.433036299989908,375.8714025999943,1208.5425880999974
630311759,1013994432,1709.0291452672664,2130.923373404681,5361.597227956778,0.03764000000000001,520.69970703125,0.20059963,1.3792005,2.457067,-1.4148077,-0.5420415196567774,0.5603688791524382,0.8623178601264954,-0.9986811280250549,128.36257934570312,1188.3295110028016,-1.9114994555711746,0.662919343744299,-1.308632254600525,-3.4810404777526855,-0.5290552824735641,0.029233956787928353,-0.47844642400741577,-0.547629177570343,1.4948084503412247,0.0157902088192692,1.5096465349197388,1.4687678813934326,1.8208804950118065,0.010611577347827826,1.8308141231536865,1.8033623695373535,4.8342742919921875,60,2670.248048221876,2255.438753880109,6061.952278148506,0.03764000000000001,1975.656005859375,-4.77279,0.05561268,-4.6712694,-4.847476,-73.094406,10.562205,-33.219994,-77.559616,-9384.8310546875,694.592041015625,128.0,0.0,128,128,0.00022210383061068085,0.0025807531694355744,0.04993761694389223,0.0,1.4644684073842678,1.00632909742477,7.280784008679197,0.0020282940947281215,0.023559572173378278,0.02035941283352805,0.13725221074096586,0.003072191901394929,0.6949304299405373,0.2547936812251291,0.9523356030665205,0.0,3.645161267727092,81.67728285673438,2614.519850902108,0.004510999320008622,-166.08625269067005,410.50436617505596,163.5,-2366.5,120.30967593044252,301.75255117802067,1038.0,-1.0,-544.089557245041,994.2070520594258,-0.0030487804878048764,-4732.0,229.17463724913273,432.23683996731785,2365.5,0.25908400405079257,0.0007812212729298105,0.0003804836570780972,0.0014619883040935672,0.0004520795660036166,1.0,0.0,1.0,1.0,0.0,0.0,0.0,0.0,0.027162078812324603,0.006533580414466147,0.038207995161906365,0.021257356140160482,15.3125,2.1999644883497553,16,7,35.0625,27.864558021795357,60.0,0.0,31893.9375,27010.888305618417,85694,4,0.24418697550681107,0.2967578555282402,0.9097605893186004,0.0,2556.6217679872207,2134.690574127386,5588.428158148506,0.0,113.6262802346549,144.18463528663253,473.52412000000004,0.03764000000000001,1.7999991541728377e-06,0.005157200008397922,565.7321097000095,1.5722351000003982,567.3095038000174,1775.8609460000007
396591248,629559425,2595.6174554559884,1924.4698475404637,5519.970354675563,0.03988,1266.55908203125,-0.5340167,1.006706,2.2206173,-1.3985562,-0.40941966138780117,0.5152058715185982,0.5229865312576294,-0.9974101781845093,-370.45819091796875,1329.0583054481203,-1.5627785176038742,0.4102578215326766,-1.3272547721862793,-3.0435094833374023,-0.5366069059818983,0.018094595058115785,-0.4667160212993622,-0.5424829721450806,1.499718263745308,0.012764714056428157,1.509844422340393,1.4565781354904175,1.8241790756583214,0.008594860372611944,1.8309451341629028,1.7950284481048584,4.833846569061279,61,2595.6174554559884,1924.4698475404637,5519.970354675563,0.03988,1710.9228515625,-4.7841616,0.04743006,-4.6834598,-4.8595843,-72.0608,15.081392,-14.338654,-77.75335,-8152.72900390625,884.694580078125,128.0,0.0,128,128,0.00013649102263047478,0.0019369770620296758,0.04993761694389223,0.0,1.5544922625010988,1.04210785395147,7.280784013176501,0.0020282940947281215,0.019796232194503077,0.016952501107523693,0.13725221074096586,0.003072191901394929,0.7074024181967664,0.2614967277466207,0.9523356030665205,0.0,2.289628208896208,57.770592998515035,2614.519850902108,0.004510999320008622,-161.12539911543962,371.6850524497281,163.5,-2366.5,119.85050847289749,307.42847083383504,1038.0,-1.0,-537.8426301850204,938.2093743896847,-0.0030487804878048764,-4732.0,219.2082009094966,399.6341611449607,2365.5,0.25908400405079257,0.0007059499922922455,0.0003236677746291633,0.0014619883040935672,0.0004520795660036166,1.0,0.0,1.0,1.0,0.0,0.0,0.0,0.0,0.025954526311829786,0.005631112678754527,0.038207995161906365,0.021257356140160482,15.0625,3.151760420780742,16,3,36.4375,25.670919222926162,60.0,0.0,35476.25,24392.89357195042,62019,7,0.20174224293431553,0.2667115258478762,0.775,0.0,2493.1775038433207,1826.9708469724255,5133.891684675563,0.0,102.4399516126679,146.4451721973411,503.0686920728153,0.03988,1.5999976312741637e-06,0.007530300004873425,588.0213068000012,1.66270080000686,589.6915395000105,2365.5597442
799981516,592322119,2595.6174554559884,1924.4698475404637,5519.970354675563,0.03988,1266.55908203125,-0.5340167,1.006706,2.2206173,-1.3985562,-0.40941966138780117,0.5152058715185982,0.5229865312576294,-0.9974101781845093,-370.45819091796875,1329.0583054481203,-1.5627785176038742,0.4102578215326766,-1.3272547721862793,-3.0435094833374023,-0.5366069059818983,0.018094595058115785,-0.4667160212993622,-0.5424829721450806,1.499718263745308,0.012764714056428157,1.509844422340393,1.4565781354904175,1.8241790756583214,0.008594860372611944,1.8309451341629028,1.7950284481048584,4.780511379241943,62,1383.0656780033175,1873.9365783461712,5701.04683385101,0.03764000000000001,448.53399658203125,-4.76306,0.058549587,-4.617746,-4.856739,-58.462456,24.984312,-9.472994,-77.707825,-2172.07275390625,934.5316772460938,128.0,0.0,128,128,0.00024333322435196857,0.002657790086511558,0.04993761694389223,0.0,1.3846728585498256,0.9229786629940089,7.280784013176501,0.0020282940947281215,0.02570590550222577,0.020495653053084036,0.13725221074096586,0.003072191901394929,0.6851563809483197,0.24644647894990349,0.9523356030665205,0.0,3.6385396612426875,81.67755408031559,2614.519850902108,0.004510999320008622,-183.4417168254156,452.9953190551054,163.5,-2366.5,91.28447294067192,251.60667666483147,1038.0,-1.0,-555.865924432541,1084.1582191039647,-0.0030487804878048764,-4732.0,237.5193861082281,473.36817212324263,2365.5,0.25908400405079257,0.00089185928810167,0.0003444418552930789,0.0014619883040935672,0.0004520795660036166,1.0,0.0,1.0,1.0,0.0,0.0,0.0,0.0,0.02926442229553591,0.005876973934667363,0.038207995161906365,0.021257356140160482,12.25,5.190134873006674,16,2,20.9375,26.58352109390327,60.0,0.0,21622.75,26926.65784473632,71232,6,0.07301429858355854,0.16095657452678802,0.5125448028673835,0.0,1355.7513556552756,1838.0635991750198,5483.59712165453,0.0,27.314322348041944,50.40445174155209,217.44971219648,0.03764000000000001,1.4999968698248267e-06,0.007417200002237223,338.7793539999984,1.1507050000072923,339.9374777000048,2705.506956600002
410430189,729053692,1821.6636496676333,1894.067759724167,5086.843972097816,0.03764000000000001,443.3448181152344,-0.29068446,1.0662805,2.0691624,-1.433629,-0.2619437398388982,0.690449801109048,0.977828860282898,-0.9970930814743042,481.7920837402344,1378.3188398700715,-1.8131969720125198,0.5907129785685408,-1.349496603012085,-3.079636573791504,-0.5403599664568901,0.02588612869876769,-0.4720000624656677,-0.5514830350875854,1.5387928783893585,0.02070556492215126,1.5558931827545166,1.487635612487793,1.8498448505997658,0.013614095471959865,1.8609882593154907,1.8161265850067139,4.832919597625732,63,1821.6636496676333,1894.067759724167,5086.843972097816,0.03764000000000001,798.4187622070312,-4.743149,0.056709174,-4.599796,-4.8495326,-60.230022,25.191898,-9.607709,-77.59252,-3736.86279296875,1023.244873046875,128.0,0.0,128,128,0.00024320250264518487,0.00265777336921563,0.04993761694389223,0.0,1.4127230153905435,0.9582758899785664,7.280784013176501,0.0020282940947281215,0.02516098163907056,0.020483331828667257,0.13725221074096586,0.003072191901394929,0.6883359492254666,0.24979131745860012,0.9523356030665205,0.0,3.643591251476508,81.67735245073672,2614.519850902108,0.004510999320008622,-182.06541409646496,448.55547089409436,163.5,-2366.5,110.45210154309447,286.3587748288392,1038.0,-1.0,-569.680377557541,1067.3827855363422,-0.0030487804878048764,-4732.0,242.94466048000623,468.73298910338104,2365.5,0.25908400405079257,0.0008426162727692118,0.0003743373877170182,0.0014619883040935672,0.0004520795660036166,1.0,0.0,1.0,1.0,0.0,0.0,0.0,0.0,0.028287319334748106,0.00644931833298832,0.038207995161906365,0.021257356140160482,12.6875,5.288179625353133,16,2,28.9375,28.947082646615705,60.0,0.0,30003.25,30801.674170205424,84803,6,0.13739505375642674,0.18825921450823607,0.5686619718309859,0.0,1756.1144574164878,1820.5298563939305,4730.494252097816,0.0,65.54919225114531,97.3392956070127,356.34972,0.03764000000000001,1.4999968698248267e-06,0.0081303999904776,465.31731540001056,2.0130094999913126,467.3384567999892,3172.853712800017
630361478,796884249,1821.6636496676333,1894.067759724167,5086.843972097816,0.03764000000000001,443.3448181152344,-0.29068446,1.0662805,2.0691624,-1.433629,-0.2619437398388982,0.690449801109048,0.977828860282898,-0.9970930814743042,481.7920837402344,1378.3188398700715,-1.8131969720125198,0.5907129785685408,-1.349496603012085,-3.079636573791504,-0.5403599664568901,0.02588612869876769,-0.4720000624656677,-0.5514830350875854,1.5387928783893585,0.02070556492215126,1.5558931827545166,1.487635612487793,1.8498448505997658,0.013614095471959865,1.8609882593154907,1.8161265850067139,4.778104305267334,64,1007.9582251033628,1696.5761480995213,4540.808941846171,0.03988,-13.75799560546875,-4.75852,0.16093037,-4.297446,-5.1350565,-47.095554,30.128931,-8.594892,-78.0264,44.63844299316406,1021.7161865234375,128.0,0.0,128,128,0.0003726114462491119,0.0034693150394683736,0.04993761694389223,0.0,1.2574979450745811,0.8560965489299758,7.280784013176501,0.0020282940947281215,0.031263464257030346,0.024056169308378665,0.13725221074096586,0.003072191901394929,0.6671521822199847,0.23340939851553594,0.9523356030665205,0.0,6.33959169504986,115.44618843083343,2614.519850902108,0.004510999320008622,-162.0406030390418,454.3154068166304,163.5,-2366.5,90.3956720179095,225.9861727085794,1038.0,-1.0,-497.2865363650818,1072.4542138207426,-0.0030487804878048764,-4732.0,222.83549098093636,468.6428486017797,2365.5,0.25908400405079257,0.0010111217371163812,0.0003552872623373544,0.0014619883040935672,0.0004520795660036166,1.0,0.0,1.0,1.0,0.0,0.0,0.0,0.0,0.03122836009496321,0.005895987337981808,0.038207995161906365,0.021257356140160482,9.875,6.313428149587195,16,2,14.375,23.49966755083995,60.0,0.0,15879.1875,25064.62380083419,74276,1,0.05027465419758695,0.1486035977775166,0.589605734767025,0.0,981.0658420884308,1663.8398599328711,4499.451216129412,0.0,26.89238301493205,52.9724136835482,227.72467,0.03988,1.2999953469261527e-06,0.005305300001055002,232.3335575999954,0.9855038999958197,233.32436809998762,3406.184397000019
166716594,413652244,1219.0782978517127,1693.9780790695834,4348.957982314369,0.03764000000000001,-143.3164825439453,-0.33406335,0.9593547,2.796547,-1.3780035,0.10599442757666111,0.7977899976319003,0.993012547492981,-0.999430239200592,-100.63218688964844,1362.3947856682357,-2.0419561564922333,0.7995026799106589,-1.3554303646087646,-3.9799838066101074,-0.5138621218502522,0.022394273959607025,-0.4547893702983856,-0.5250580310821533,1.5450405478477478,0.018227016226364225,1.5649945735931396,1.5000762939453125,1.85391815751791,0.011916563456748233,1.8668208122253418,1.8244545459747314,4.828884124755859,65,1219.0782978517127,1693.9780790695834,4348.957982314369,0.03764000000000001,177.6259307861328,-4.7797594,0.05600722,-4.68159,-4.8759456,-72.338234,16.258942,-9.458097,-78.01513,-857.4511108398438,1041.452392578125,128.0,0.0,128,128,0.00022241914146981195,0.00258079738518164,0.04993761694389223,0.0,1.3998253417348783,0.9348677271934026,7.280784013176501,0.0020282940947281215,0.02506573183339462,0.02040150756021418,0.13725221074096586,0.003072191901394929,0.6870914621559455,0.2464668981136887,0.9523356030665205,0.0,3.629481356254418,81.67789000207976,2614.519850902108,0.004510999320008622,-167.4099059299005,420.30632544028555,163.5,-2366.5,89.20357701668263,240.6901359892208,1038.0,-1.0,-517.290729120041,1033.9301696831994,-0.0030487804878048764,-4732.0,219.3852787184267,443.25479448551835,2365.5,0.25908400405079257,0.0008973526680144234,0.0003202386097187553,0.0014619883040935672,0.0004520795660036166,1.0,0.0,1.0,1.0,0.0,0.0,0.0,0.0,0.02944994413600318,0.0053986724129889635,0.038207995161906365,0.021257356140160482,15.125,3.3888604279314896,16,2,19.3125,27.18160855707403,60.0,0.0,18365.9375,25616.873851693803,59803,8,0.03810484442334205,0.08808264817327185,0.34946236559139787,0.0,1192.9517394852685,1671.6729110997928,4319.471222314369,0.0,26.1265583664442,40.30685381138945,176.92813999999998,0.03764000000000001,1.300009898841381e-06,0.0053558000072371215,314.2593261000002,1.602493799990043,315.86717700000736,3722.058695700005
726684926,271757669,1219.0782978517127,1693.9780790695834,4348.957982314369,0.03764000000000001,-143.3164825439453,-0.33406335,0.9593547,2.796547,-1.3780035,0.10599442757666111,0.7977899976319003,0.993012547492981,-0.999430239200592,-100.63218688964844,1362.3947856682357,-2.0419561564922333,0.7995026799106589,-1.3554303646087646,-3.9799838066101074,-0.5138621218502522,0.022394273959607025,-0.4547893702983856,-0.5250580310821533,1.5450405478477478,0.018227016226364225,1.5649945735931396,1.5000762939453125,1.85391815751791,0.011916563456748233,1.8668208122253418,1.8244545459747314,4.832583427429199,66,2103.8271956194085,2179.972747980624,6000.0,0.03764000000000001,956.1373291015625,-4.717401,0.121216185,-4.2834225,-4.8132796,-60.394726,24.29397,-8.566845,-77.012474,-4564.84912109375,1147.6898193359375,128.0,0.0,128,128,0.0002868140491165585,0.0030254587779458986,0.04993761694389223,0.0,1.3841147090000838,0.9604710886001772,7.280784013176501,0.0020282940947281215,0.026538888481294008,0.022688764820156953,0.13725221074096586,0.003072191901394929,0.6842835699836588,0.2475058385842902,0.9523356030665205,0.0,4.994686957457828,100.00647509902477,2614.519850902108,0.004510999320008622,-157.13239895353155,414.61131295222884,163.5,-2366.5,101.87497487170182,263.2256953659925,1038.0,-1.0,-504.0239843050614,998.4318808120807,-0.0030487804878048764,-4732.0,217.23313880022818,432.4426965131376,2365.5,0.25908400405079257,0.0008689620767266615,0.000390839194216234,0.0014619883040935672,0.0004520795660036166,1.0,0.0,1.0,1.0,0.0,0.0,0.0,0.0,0.02871004523157762,0.006617214607438968,0.038207995161906365,0.021257356140160482,12.75,5.105144464165535,16,2,29.0,28.785847216991893,60.0,0.0,27002.9375,27200.090660392914,61892,4,6.25e+18,2.420614591379636e+19,1e+20,0.0,2074.844407395149,2164.8861307446214,6000.0,0.0,28.982788224258933,40.80500480860264,158.73727,0.0,5.2000104915350676e-06,0.005924800003413111,467.18925780001155,1.3525263000046834,468.54771410003013,4190.617279600032
795511698,105433556,1518.7154349575726,2028.9337898464414,5947.627271982611,0.039560000000000005,140.6885986328125,-0.21383846,1.1979784,2.1193123,-1.4598851,-0.3726310797210317,0.6360739476281503,0.8439646363258362,-0.9959098100662231,43.54492950439453,1378.0268505971694,-1.7501486837863922,0.37720534355781615,-1.3818814754486084,-2.688631534576416,-0.514377947896719,0.015623134682876676,-0.45444416999816895,-0.5221086144447327,1.5934633612632751,0.015802473523079622,1.6134543418884277,1.54043710231781,1.8847985044121742,0.010023224356071047,1.8973159790039062,1.851004719734192,4.842495441436768,67,1518.7154349575726,2028.9337898464414,5947.627271982611,0.039560000000000005,333.923095703125,-4.7827177,0.06476028,-4.661293,-4.8840303,-65.28355,21.582283,-9.322586,-78.144485,-1532.005615234375,1184.7923583984375,128.0,0.0,128,128,0.00017876522096070291,0.0021366378611219297,0.04993761694389223,0.0,1.431494073640886,0.9251765671615064,7.280784013176501,0.0020282940947281215,0.023127663055336922,0.01789614441567298,0.13725221074096586,0.003072191901394929,0.6925137197197762,0.2507150872183734,0.9523356030665205,0.0,2.287013317166253,57.77072416757825,2614.519850902108,0.004510999320008622,-195.88897687465084,455.1634449265678,163.5,-2366.5,73.7385728046936,229.64385803136187,1038.0,-1.0,-574.3797395600204,1099.014651172523,-0.0030487804878048764,-4732.0,240.2617827866153,478.35707649861206,2365.5,0.25908400405079257,0.0008603376428838099,0.00030348834085304244,0.0014619883040935672,0.0004520795660036166,1.0,0.0,1.0,1.0,0.0,0.0,0.0,0.0,0.02884845091536163,0.005222282703472105,0.038207995161906365,0.021257356140160482,13.625,4.484347778663024,16,2,20.5,25.428822229902824,60.0,0.0,19434.4375,24498.184881662022,72715,3,0.10895835836587206,0.24213483083073525,0.8574007220216606,0.0,1455.2904672393188,1941.8165526392706,5728.279076542131,0.0,63.42496771825378,132.4510571305297,531.0533600000001,0.037320000000000006,1.4999968698248267e-06,0.0074022999906446785,331.52027870000165,2.2044289000041317,333.7321113999933,4524.356357300043
878115723,830873852,1518.7154349575726,2028.9337898464414,5947.627271982611,0.039560000000000005,140.6885986328125,-0.21383846,1.1979784,2.1193123,-1.4598851,-0.3726310797210317,0.6360739476281503,0.8439646363258362,-0.9959098100662231,43.54492950439453,1378.0268505971694,-1.7501486837863922,0.37720534355781615,-1.3818814754486084,-2.688631534576416,-0.514377947896719,0.015623134682876676,-0.45444416999816895,-0.5221086144447327,1.5934633612632751,0.015802473523079622,1.6134543418884277,1.54043710231781,1.8847985044121742,0.010023224356071047,1.8973159790039062,1.851004719734192,4.7704033851623535,68,1722.2203879202716,2023.041143598923,5289.854669041942,0.039560000000000005,483.68524169921875,-4.776148,0.12813306,-4.6214333,-5.168688,-52.170242,27.4799,-9.2428665,-78.30047,-2269.095947265625,1238.53515625,128.0,0.0,128,128,0.0003950474664247614,0.0037038225253389926,0.04993761694389223,0.0,1.30014243555061,0.9497643452685313,7.280784013176501,0.0020282940947281215,0.03091134970411223,0.025966185263411944,0.13725221074096586,0.003072191901394929,0.6713940207400964,0.23837467406963664,0.9523356030665205,0.0,7.691732276510553,129.03729358847306,2614.519850902108,0.004510999320008622,-118.32317154269208,371.1048992182579,163.5,-2366.5,118.07290662737267,264.83939255015304,1038.0,-1.0,-420.68385405010235,904.8030503763918,-0.0030487804878048764,-4732.0,189.84041065491311,386.39111977624555,2365.5,0.25908400405079257,0.0009444748903216679,0.00042447550070365503,0.0014619883040935672,0.0004520795660036166,1.0,0.0,1.0,1.0,0.0,0.0,0.0,0.0,0.029882401910684385,0.007102445642231129,0.038207995161906365,0.021257356140160482,10.9375,5.738779813688621,16,2,25.5625,28.894135975142085,60.0,0.0,19797.25,22438.05296393829,54033,5,0.09362056577437858,0.1547831935789201,0.47619047619047616,0.0,1679.3774379708157,1973.5176686233465,5009.502649041941,0.0,42.84294994945627,70.08732091318058,280.35202,0.039560000000000005,2.3000029614195228e-06,0.006285499999648891,413.6564023999963,1.2435559000005014,414.9062460999994,4939.271987300046
550260202,986026652,1283.9222515502702,1893.367905747204,5440.475257529463,0.03988,-84.69407653808594,-0.7421677,0.7434345,1.3464603,-1.4511375,-0.11055173224303871,0.6657059812058893,0.8572034239768982,-0.9839925765991211,-112.0540771484375,1368.6163906924796,-1.6182076260447502,0.2315056063366268,-1.3879187107086182,-2.103099822998047,-0.500732071697712,0.01320169156280047,-0.4506095051765442,-0.5102744102478027,1.5981067195534706,0.013588854919639034,1.6226396560668945,1.5562773942947388,1.8877217024564743,0.008555934942185947,1.9029927253723145,1.8612351417541504,4.828777313232422,69,1283.9222515502702,1893.367905747204,5440.475257529463,0.03988,40.84840393066406,-4.756274,0.04725671,-4.6712914,-4.8221035,-57.807655,27.834244,-4.693169,-77.153656,-214.16481018066406,1243.0738525390625,128.0,0.0,128,128,0.00017883058181409475,0.002136650230647692,0.04993761694389223,0.0,1.4174689952205273,0.9074543403893292,7.280784013176501,0.0020282940947281215,0.023400124986914524,0.017936183537837852,0.13725221074096586,0.003072191901394929,0.6909239355812027,0.24908622650320872,0.9523356030665205,0.0,2.284487522049343,57.770807445808735,2614.519850902108,0.004510999320008622,-196.57712823912615,457.3364014059593,163.5,-2366.5,64.15475850348233,206.8253506100496,1038.0,-1.0,-567.4725129975204,1107.245387880405,-0.0030487804878048764,-4732.0,237.54914560072626,480.62636355277414,2365.5,0.25908400405079257,0.000884959150550039,0.00028477112545111354,0.0014619883040935672,0.0004520795660036166,1.0,0.0,1.0,1.0,0.0,0.0,0.0,0.0,0.029337002395755533,0.0048409909821688505,0.038207995161906365,0.021257356140160482,12.125,5.818880906153691,16,1,17.75,24.73737051507294,60.0,0.0,14285.0625,20282.87129103258,51415,11,0.05337244591589983,0.11385828280795508,0.36524822695035464,0.0,1255.167100369777,1855.6076669142349,5234.697497529463,0.0,28.755151180493097,49.164223698608986,205.77776,0.03988,3.700013621710241e-06,0.011138399990159087,288.3304969000019,2.219520200000261,290.56115920000593,5229.844522000058
117628829,147806606,1283.9222515502702,1893.367905747204,5440.475257529463,0.03988,-84.69407653808594,-0.7421677,0.7434345,1.3464603,-1.4511375,-0.11055173224303871,0.6657059812058893,0.8572034239768982,-0.9839925765991211,-112.0540771484375,1368.6163906924796,-1.6182076260447502,0.2315056063366268,-1.3879187107086182,-2.103099822998047,-0.500732071697712,0.01320169156280047,-0.4506095051765442,-0.5102744102478027,1.5981067195534706,0.013588854919639034,1.6226396560668945,1.5562773942947388,1.8877217024564743,0.008555934942185947,1.9029927253723145,1.8612351417541504,4.76953125,70,1672.9237882934426,1911.4378138339134,5557.878979182417,16.1882,386.8649597167969,-4.7690964,0.085411236,-4.5574236,-4.9205117,-55.56459,29.525751,-4.6652856,-77.89488,-1813.3984375,1286.058837890625,128.0,0.0,128,128,0.0003967231122406944,0.0038734295477342805,0.04993761694389223,0.0,1.318924599466163,0.9868600809869019,7.280784013176501,0.0020282940947281215,0.03017628534126154,0.027854593511476216,0.13725221074096586,0.003072191901394929,0.6741714663741367,0.24005103570961006,0.9523356030665205,0.0,9.0358648345254,141.3149241209219,2614.519850902108,0.004510999320008622,-64.18443904607015,205.79548645155327,163.5,-1301.0,90.87567152583104,197.02670221911302,1038.0,-1.0,-276.2169139226228,623.5218673221955,-0.0030487804878048764,-4668.0,125.73829376983186,223.0377497908358,1658.7105433639308,0.25908400405079257,0.0009465167252652316,0.00041445235388080546,0.0014619883040935672,0.0004520795660036166,1.0,0.0,1.0,1.0,0.0,0.0,0.0,0.0,0.030008852684242505,0.006702075885561027,0.038207995161906365,0.021257356140160482,11.625,6.173279112432873,16,1,21.9375,24.921047204120455,60.0,0.0,19436.9375,22210.533856339287,64600,4,0.05506187013801161,0.1593120924444758,0.6323268206039077,0.0,1649.3034718755034,1900.8874966464987,5479.156315950547,0.0,23.62031641793934,15.214297643718607,78.72266323187104,16.1882,3.2999960239976645e-06,0.010165700005018152,358.0142158999952,1.1609029000101145,359.18528780000634,5589.042913900063
732152370,704211524,1154.6001617995162,1362.1574909787714,3119.2531316492045,0.03988,-192.61453247070312,0.0600584,1.1756375,2.398703,-1.3906951,-0.3329320624470711,0.7465947563175241,0.9973843693733215,-0.9977787137031555,243.3468780517578,1347.2147678031833,-2.0219710245728493,0.7916738168976595,-1.397506594657898,-4.250209331512451,-0.502442242577672,0.012043052500553401,-0.45697394013404846,-0.5125308632850647,1.6072214767336845,0.012616610788801198,1.632032036781311,1.5697041749954224,1.8934144079685211,0.00788840898766075,1.908764362335205,1.8698257207870483,4.84281587600708,71,1154.6001617995162,1362.1574909787714,3119.2531316492045,0.03988,-118.31266784667969,-4.7529545,0.050805733,-4.6869507,-4.892925,-57.701454,25.022413,-9.373901,-78.2868,552.8948974609375,1272.912841796875,128.0,0.0,128,128,0.0001158383831618856,0.0018287489024330548,0.04993761694389223,0.0,1.513544432004716,0.9930545901367155,7.280784013176501,0.0020282940947281215,0.02024590625198235,0.017013977138817932,0.13725221074096586,0.003072191901394929,0.7029783628500985,0.25540501421104983,0.9523356030665205,0.0,2.2704667234402987,57.77118774934386,2614.519850902108,0.004510999320008622,-147.8461936778258,342.18727456998135,163.5,-2366.5,79.4343553440631,227.35953332872086,1038.0,-1.0,-471.6385286225205,916.7182777165284,-0.0030487804878048764,-4732.0,190.22354477613897,373.10434648102586,2365.5,0.25908400405079257,0.0008099294028699154,0.00026215837915122996,0.0014619883040935672,0.0004520795660036166,1.0,0.0,1.0,1.0,0.0,0.0,0.0,0.0,0.028094254073872664,0.004462911409518715,0.038207995161906365,0.021257356140160482,12.125,5.242554243877692,16,2,19.375,23.576670142325018,60.0,0.0,19784.375,23895.83332370677,57081,11,0.02341398411371237,0.06443879714228264,0.2375,0.0,1135.45650527746,1356.9490526212799,3081.9841216492046,0.0,19.143656522056173,8.667415029137674,37.269009999999994,0.03988,1.5999976312741637e-06,0.007462100009433925,316.6238005999912,1.6753685000003316,318.3066327999986,5907.35698190004
718568663,889937879,1154.6001617995162,1362.1574909787714,3119.2531316492045,0.03988,-192.61453247070312,0.0600584,1.1756375,2.398703,-1.3906951,-0.3329320624470711,0.7465947563175241,0.9973843693733215,-0.9977787137031555,243.3468780517578,1347.2147678031833,-2.0219710245728493,0.7916738168976595,-1.397506594657898,-4.250209331512451,-0.502442242577672,0.012043052500553401,-0.45697394013404846,-0.5125308632850647,1.6072214767336845,0.012616610788801198,1.632032036781311,1.5697041749954224,1.8934144079685211,0.00788840898766075,1.908764362335205,1.8698257207870483,4.818565845489502,72,1598.4244851595981,2155.617306082051,6000.0,0.03988,292.9605407714844,-4.750367,0.10731908,-4.452304,-4.8946056,-56.81076,26.198372,-9.609831,-78.31369,-1453.64599609375,1305.4639892578125,128.0,0.0,128,128,0.00020137433688087155,0.0025012412013818842,0.04993761694389223,0.0,1.443027981760649,0.9799538140711013,7.280784013176501,0.0020282940947281215,0.02388063430140827,0.020239844066348232,0.13725221074096586,0.003072191901394929,0.6922061116407182,0.24976735588505836,0.9523356030665205,0.0,3.6254746414999697,81.67802441042144,2614.519850902108,0.004510999320008622,-150.00179230543483,378.82055156242313,163.5,-2366.5,106.29030969511591,267.21503450794705,1038.0,-1.0,-492.52998693254096,962.1260852108494,-0.0030487804878048764,-4732.0,206.67644570040335,405.2668581498456,2365.5,0.25908400405079257,0.0008536030325947185,0.00033011409954117137,0.0014619883040935672,0.0004520795660036166,1.0,0.0,1.0,1.0,0.0,0.0,0.0,0.0,0.028658363015682642,0.005609246687399387,0.038207995161906365,0.021257356140160482,11.9375,5.4825718189550425,16,2,20.9375,26.123429976746927,60.0,0.0,18271.75,24372.347213337907,78095,11,6.25e+18,2.420614591379636e+19,1e+20,0.0,1547.367219857124,2091.946293726201,6000.0,0.0,51.057265302474384,114.0831646186914,473.1072,0.0,1.7999991541728377e-06,0.009104099997784942,340.2896677999961,1.67817310000828,341.9769468000013,6249.343431700036
252070889,776094449,1907.053770266487,1712.818235089102,4529.482768331808,0.03988,503.85516357421875,-0.25107098,1.0567043,2.428226,-1.4533048,-0.30473283771425486,0.7114730273704672,0.9774325489997864,-0.9976668953895569,-68.02128601074219,1403.1986680495138,-1.7863150760531425,0.4710077499329371,-1.3826009035110474,-2.9401307106018066,-0.49021709710359573,0.017058753386222453,-0.4560515284538269,-0.5067269206047058,1.611650824546814,0.018533925439442815,1.6430412530899048,1.5848737955093384,1.896131582558155,0.011479771229929383,1.91548752784729,1.8794432878494263,4.770079612731934,73,1907.053770266487,1712.818235089102,4529.482768331808,0.03988,541.4307861328125,-4.7436275,0.09216223,-4.4509935,-4.88842,-60.061516,24.54678,-13.908064,-78.21472,-2565.080078125,1365.623046875,128.0,0.0,128,128,0.00026579223134327455,0.002958346988176358,0.04993761694389223,0.0,1.4163526961210438,0.9822302056109141,7.280784013176501,0.0020282940947281215,0.02506609094505101,0.022746827741270962,0.13725221074096586,0.003072191901394929,0.689178313651881,0.2512152600228619,0.9523356030665205,0.0,4.996782114479625,100.00638750065224,2614.519850902108,0.004510999320008622,-143.9584924953581,377.558104109154,163.5,-2366.5,85.33576236554211,235.93509972530057,1038.0,-1.0,-463.7886327425614,930.5688372659398,-0.0030487804878048764,-4732.0,196.9766509847264,395.0184442434134,2365.5,0.25908400405079257,0.0008391647278000222,0.0003842450023055061,0.0014619883040935672,0.0004520795660036166,1.0,0.0,1.0,1.0,0.0,0.0,0.0,0.0,0.028228248267838957,0.00644041038033202,0.038207995161906365,0.021257356140160482,12.625,5.109733358992424,16,3,30.125,27.3333015751848,60.0,0.0,29987.1875,27386.2529228141,66150,4,0.08104109625733022,0.15684777986810788,0.45714285714285713,0.0,1859.219330665955,1666.8649041718102,4316.805288331808,0.0,47.83443960053135,68.5257696613981,212.67748,0.03764000000000001,4.3000036384910345e-06,0.012709700007690117,485.55863039998803,1.536792400002014,487.1081368000014,6736.463148200026
602957303,812297694,1907.053770266487,1712.818235089102,4529.482768331808,0.03988,503.85516357421875,-0.25107098,1.0567043,2.428226,-1.4533048,-0.30473283771425486,0.7114730273704672,0.9774325489997864,-0.9976668953895569,-68.02128601074219,1403.1986680495138,-1.7863150760531425,0.4710077499329371,-1.3826009035110474,-2.9401307106018066,-0.49021709710359573,0.017058753386222453,-0.4560515284538269,-0.5067269206047058,1.611650824546814,0.018533925439442815,1.6430412530899048,1.5848737955093384,1.896131582558155,0.011479771229929383,1.91548752784729,1.8794432878494263,4.770366191864014,74,1910.0385167697518,2176.9764418070763,5902.318369885584,0.039560000000000005,489.97406005859375,-4.730754,0.10113197,-4.4794164,-4.858353,-66.377686,20.496109,-14.198701,-77.73365,-2428.784912109375,1420.064453125,128.0,0.0,128,128,0.0004176795691605865,0.003924221443594224,0.04993761694389223,0.0,1.300711690765562,0.9805541036079745,7.280784013176501,0.0020282940947281215,0.031376620945926935,0.02759072402229326,0.13725221074096586,0.003072191901394929,0.6708665068444879,0.23771949685603264,0.9523356030665205,0.0,9.036295472620514,141.31489131873565,2614.519850902108,0.004510999320008622,-76.6701941397683,267.69230347473956,163.5,-2366.5,116.998698333202,247.768131916237,1038.0,-1.0,-323.3594920476228,721.172634542069,-0.0030487804878048764,-4732.0,148.70741877122268,286.2158782732343,2365.5,0.25908400405079257,0.0009516925665256419,0.000431269485092466,0.0014619883040935672,0.0004520795660036166,1.0,0.0,1.0,1.0,0.0,0.0,0.0,0.0,0.03000209816758727,0.007104573172129781,0.038207995161906365,0.021257356140160482,14.0,4.257346591481601,16,3,26.25,29.057055941715774,60.0,0.0,24491.9375,26669.40375099514,62521,5,0.10202308646526687,0.17100954809439223,0.5387323943661971,0.0,1864.6457786922203,2130.6463131189034,5610.068649885584,0.0,45.39273807753109,69.51468098814665,292.24972,0.039560000000000005,1.5999976312741637e-06,0.008155899995472282,425.53150019999885,2.1597024999937275,427.6993601999857,7164.171028199984
850839392,121930838,2279.7366328035378,2321.0424501057532,6000.0,0.03988,788.88427734375,-0.15017271,1.0117358,1.3890066,-1.4390061,-0.008241329283919185,0.7864348946634225,0.9994267821311951,-0.9688255190849304,-1165.93359375,1490.8524645249163,-2.2343163564801216,1.1849699699078136,-1.4280740022659302,-5.38153076171875,-0.4788362979888916,0.011674865468869899,-0.43797361850738525,-0.48724016547203064,1.6158986166119576,0.018125870746685396,1.6356072425842285,1.575116515159607,1.898766614496708,0.011247975494716789,1.9109526872634888,1.8732677698135376,4.843084812164307,75,2279.7366328035378,2321.0424501057532,6000.0,0.03988,773.705078125,-4.758253,0.080033846,-4.5936146,-4.9013467,-64.59918,22.466347,-4.5936146,-78.224,-3726.0859375,1506.0316162109375,128.0,0.0,128,128,0.00013665262496716574,0.0019370148106290282,0.04993761694389223,0.0,1.5288640065972383,1.030825229195476,7.280784013176501,0.0020282940947281215,0.02104516799562086,0.017085020599868297,0.13725221074096586,0.003072191901394929,0.7029629245058719,0.2564780587326524,0.9523356030665205,0.0,2.27289801588111,57.771067032281245,2614.519850902108,0.004510999320008622,-156.83854245942723,371.797093941618,163.5,-2366.5,141.5379833461531,324.4947552233906,1038.0,-1.0,-540.3328645600204,954.2783230164099,-0.0030487804878048764,-4732.0,222.39177154804713,404.358337856961,2365.5,0.25908400405079257,0.0007588860855513347,0.0003191289400354633,0.0014619883040935672,0.0004520795660036166,1.0,0.0,1.0,1.0,0.0,0.0,0.0,0.0,0.02695550451813869,0.005622198000135534,0.038207995161906365,0.021257356140160482,13.5625,4.743004717476043,16,1,27.6875,27.456144007307362,60.0,0.0,21632.0625,20923.292046391594,54025,8,6.25e+18,2.420614591379636e+19,1e+20,0.0,2224.928766713553,2280.6438134862265,6000.0,0.0,54.80786608998473,86.12405183387146,334.28797000000003,0.0,2.0000006770715117e-06,0.007806299996445887,446.6171120000072,1.8105535000067903,448.4354738000111,7612.6156854
217946253,927586281,2279.7366328035378,2321.0424501057532,6000.0,0.03988,788.88427734375,-0.15017271,1.0117358,1.3890066,-1.4390061,-0.008241329283919185,0.7864348946634225,0.9994267821311951,-0.9688255190849304,-1165.93359375,1490.8524645249163,-2.2343163564801216,1.1849699699078136,-1.4280740022659302,-5.38153076171875,-0.4788362979888916,0.011674865468869899,-0.43797361850738525,-0.48724016547203064,1.6158986166119576,0.018125870746685396,1.6356072425842285,1.575116515159607,1.898766614496708,0.011247975494716789,1.9109526872634888,1.8732677698135376,4.842942237854004,76,1798.1473869229162,2121.061428130425,5051.07226502505,0.03764000000000001,262.9042053222656,-4.8219056,0.11555763,-4.7132645,-5.2397423,-65.92345,19.078339,-10.479485,-77.064865,-1194.89794921875,1535.2431640625,128.0,0.0,128,128,0.00037243835050459274,0.0034693043478154044,0.04993761694389223,0.0,1.288608527430847,0.8912903324575868,7.280784008679197,0.0020282940947281215,0.03015837845804089,0.024401871389822895,0.13725221074096586,0.003072191901394929,0.6717016288191544,0.23939426071966502,0.9523356030665205,0.0,6.353270952176835,115.44550702843864,2614.519850902108,0.004510999320008622,-164.2103561119081,451.9899146782281,163.5,-2366.5,85.52116973695038,228.5594423803761,1038.0,-1.0,-502.5336066775818,1054.7873416127386,-0.0030487804878048764,-4732.0,223.42574774112506,463.6952141094288,2365.5,0.25908400405079257,0.0009512095006107592,0.0004025982264235638,0.0014619883040935672,0.0004520795660036166,1.0,0.0,1.0,1.0,0.0,0.0,0.0,0.0,0.030072489810363374,0.006766681045414977,0.038207995161906365,0.021257356140160482,13.75,4.038873605350878,16,2,22.25,26.3426934841523,60.0,0.0,19827.625,23074.166823731146,54692,1,0.096559333303397,0.18204247485047131,0.4981949458483754,0.0,1744.6272033699422,2056.253621545974,4854.727171456372,0.0,53.52018355297396,83.73105758966526,292.27142000000003,0.03764000000000001,2.1000014385208488e-06,0.010121799990884028,360.3591396999982,1.596378200003528,361.96564179999405,7974.590837900003
937426313,226591751,1550.6389704811913,1978.6045510522645,5973.146507390722,0.03988,53.807891845703125,-0.6177794,0.72976714,0.7754818,-1.4711282,-0.13692427810747176,0.6945948561717584,0.983795702457428,-0.9623802304267883,268.5293273925781,1496.8311151205437,-1.7238704338669777,0.4812091125660844,-1.3842037916183472,-2.973062038421631,-0.4641760550439358,0.02103817180173043,-0.43350231647491455,-0.48361432552337646,1.6272476390004158,0.026457303807921887,1.660516381263733,1.5922908782958984,1.90569606423378,0.016287724710948137,1.9260671138763428,1.8841123580932617,4.7680206298828125,77,1550.6389704811913,1978.6045510522645,5973.146507390722,0.03988,13.85626220703125,-4.742244,0.10516504,-4.493185,-4.903387,-66.54526,18.622831,-18.330536,-78.45419,-118.72140502929688,1536.78271484375,128.0,0.0,128,128,0.00037412189013477653,0.0036498369902281907,0.04993761694389223,0.0,1.3207772451880682,0.9749610715997902,7.280784013176501,0.0020282940947281215,0.030415026037409414,0.025936887274329554,0.13725221074096586,0.003072191901394929,0.6734390548559975,0.23832244591359153,0.9523356030665205,0.0,7.67962303563416,129.03795196864093,2614.519850902108,0.004510999320008622,-100.17425706403091,323.7788006507571,163.5,-2366.5,132.80498329567988,278.3159998031254,1038.0,-1.0,-389.84596342510235,834.6487483902434,-0.0030487804878048764,-4732.0,175.4801306638509,345.70310817241574,2365.5,0.25908400405079257,0.0009429921269878884,0.0004118656398205257,0.0014619883040935672,0.0004520795660036166,1.0,0.0,1.0,1.0,0.0,0.0,0.0,0.0,0.029913031672860718,0.00686613396821631,0.038207995161906365,0.021257356140160482,14.0,3.856812155135378,16,4,23.1875,28.539925433504553,60.0,0.0,18507.3125,22923.7371890982,57606,5,0.09428839440495779,0.1812859385860096,0.657243816254417,0.0,1509.8202553245253,1931.9836431212261,5698.294243070362,0.0,40.818715156666144,64.05514320396323,274.85226432036006,0.03988,2.0000006770715117e-06,0.008266500008176081,373.96243910001067,1.7705057999992277,375.74121340001875,8350.34069740001
272404799,398576445,1550.6389704811913,1978.6045510522645,5973.146507390722,0.03988,53.807891845703125,-0.6177794,0.72976714,0.7754818,-1.4711282,-0.13692427810747176,0.6945948561717584,0.983795702457428,-0.9623802304267883,268.5293273925781,1496.8311151205437,-1.7238704338669777,0.4812091125660844,-1.3842037916183472,-2.973062038421631,-0.4641760550439358,0.02103817180173043,-0.43350231647491455,-0.48361432552337646,1.6272476390004158,0.026457303807921887,1.660516381263733,1.5922908782958984,1.90569606423378,0.016287724710948137,1.9260671138763428,1.8841123580932617,4.766983509063721,78,2340.211376719231,2205.8465383743273,6000.0,16.1882,723.0859375,-4.7194843,0.17343697,-4.2432976,-4.916073,-62.17918,22.378553,-8.486595,-78.657166,-3493.2158203125,1617.12548828125,128.0,0.0,128,128,0.0003529808440625371,0.003594904918593539,0.04993761694389223,0.0,1.3755830626973404,1.0207337448842546,7.280784013176501,0.0020282940947281215,0.02825345463588288,0.026335425093703915,0.13725221074096586,0.003072191901394929,0.6814034138930911,0.2460628746416398,0.9523356030665205,0.0,7.6898207187779,129.0373931855337,2614.519850902108,0.004510999320008622,-87.74115146005292,268.37252387619446,163.5,-2366.5,118.62042679964625,264.77175221991087,1038.0,-1.0,-355.68776030010235,728.6649704993496,-0.0030487804878048764,-4732.0,156.875089821388,289.3471985131858,2365.5,0.25908400405079257,0.0008709279059753236,0.0004330208140707471,0.0014619883040935672,0.0004520795660036166,1.0,0.0,1.0,1.0,0.0,0.0,0.0,0.0,0.028609023826625182,0.0071767429395297976,0.038207995161906365,0.021257356140160482,13.125,4.702060718451007,16,2,32.875,28.898259030605978,60.0,0.0,25935.875,23488.027157136356,59955,4,6.25e+18,2.420614591379636e+19,1e+20,0.0,2302.245952408897,2185.114212430932,6000.0,0.0,37.96542431033325,43.18894294735677,143.7538,0.0,1.8999999156221747e-06,0.007514800003264099,530.5533845000027,2.0059386999928392,532.5668398999987,8882.915548999983
826019350,77964601,824.9176337867905,1603.5003623289688,5278.640963263003,0.03764000000000001,-604.72216796875,-0.79971147,0.7289834,1.4125037,-1.4527955,-0.19164110720157623,0.6072471823545715,0.8961322903633118,-0.9858564138412476,1148.280517578125,1429.6397669871683,-1.586783453822136,0.23693171449676315,-1.3916411399841309,-2.1599042415618896,-0.45530470833182335,0.02142795546742689,-0.42390868067741394,-0.47623223066329956,1.6244782358407974,0.027794750927581793,1.6633069515228271,1.5862442255020142,1.9039782136678696,0.017165015698472157,1.927746295928955,1.880307674407959,4.842685222625732,79,824.9176337867905,1603.5003623289688,5278.640963263003,0.03764000000000001,-712.98681640625,-4.751295,0.06288501,-4.5721717,-4.8616953,-72.531075,10.310661,-36.577374,-77.787125,3353.702392578125,1537.904541015625,128.0,0.0,128,128,0.0004162653667582209,0.0037569291105160165,0.04993761694389223,0.0,1.2258292131685735,0.8601783620368069,7.280784013176501,0.0020282940947281215,0.03320153303508805,0.02535967907898796,0.13725221074096586,0.003072191901394929,0.6617299246561541,0.22823845128543493,0.9523356030665205,0.0,7.682059734138025,129.0378341946908,2614.519850902108,0.004510999320008622,-133.56153209429152,417.0829581737876,163.5,-2366.5,105.86067622989856,236.114349558576,1038.0,-1.0,-440.19752592510235,1001.2662401514593,-0.0030487804878048764,-4732.0,201.95898691274772,431.9118424402615,2365.5,0.25908400405079257,0.0010481367622469945,0.0003542796618850849,0.0014619883040935672,0.0004520795660036166,1.0,0.0,1.0,1.0,0.0,0.0,0.0,0.0,0.031829853315604756,0.0058114624151654,0.038207995161906365,0.021257356140160482,15.25,2.1065374432940898,16,8,11.625,22.33795816541879,60.0,0.0,10195.8125,19420.67139100355,57414,3,0.057408560053883714,0.16524779156977187,0.6433691756272402,0.0,776.1309376571635,1510.0169360137438,4787.882983263003,0.0,48.78669612962699,116.69390107007295,490.75798000000003,0.03764000000000001,2.0000006770715117e-06,0.009343999990960583,192.33670790000178,1.9882643000019016,194.33431819999532,9077.263134500012
542837249,494008192,824.9176337867905,1603.5003623289688,5278.640963263003,0.03764000000000001,-604.72216796875,-0.79971147,0.7289834,1.4125037,-1.4527955,-0.19164110720157623,0.6072471823545715,0.8961322903633118,-0.9858564138412476,1148.280517578125,1429.6397669871683,-1.586783453822136,0.23693171449676315,-1.3916411399841309,-2.1599042415618896,-0.45530470833182335,0.02142795546742689,-0.42390868067741394,-0.47623223066329956,1.6244782358407974,0.027794750927581793,1.6633069515228271,1.5862442255020142,1.9039782136678696,0.017165015698472157,1.927746295928955,1.880307674407959,4.8303399085998535,80,1627.239781421565,2054.1532629928456,5050.37007924322,0.040719591325968515,80.40182495117188,-4.787491,0.08873494,-4.668544,-4.928483,-61.904125,23.80706,-9.384206,-78.780235,-418.8343505859375,1546.8380126953125,128.0,0.0,128,128,0.0003095423933356826,0.0032923497886122523,0.04993761694389223,0.0,1.373080786731534,0.9919012261872979,7.280784013176501,0.0020282940947281215,0.02798063359264889,0.02436329302536932,0.13725221074096586,0.003072191901394929,0.6809063465357292,0.2429039446217736,0.9523356030665205,0.0,6.325045755669603,115.44688554158095,2614.519850902108,0.004510999320008622,-110.50441353012006,326.59992582797827,163.5,-2366.5,132.07205575199805,284.52492785088185,1038.0,-1.0,-416.0970832400819,854.1665900519308,-0.0030487804878048764,-4732.0,181.99635474097732,352.2700412588509,2365.5,0.25908400405079257,0.0009044943385234957,0.0003897487536021406,0.0014619883040935672,0.0004520795660036166,1.0,0.0,1.0,1.0,0.0,0.0,0.0,0.0,0.029342168214395503,0.006523916684190432,0.038207995161906365,0.021257356140160482,12.9375,4.9682586235018,16,2,22.0625,27.021909513393016,60.0,0.0,17378.5,21098.611589391374,48412,1,0.09702732191333596,0.17213821247172614,0.4954627949183303,0.0,1574.235476971222,1996.321513558,4900.17187924322,0.0,53.00430445034331,71.52335580240785,252.5616,0.040719591325968515,3.3999967854470015e-06,0.009751500008860603,357.07051410000713,1.764906999989762,358.84517600000254,9436.117604200015
621080892,339933393,2566.9543866608255,2458.139247059719,6000.0,0.03988,1023.5831909179688,0.37018275,1.6173087,2.797018,-1.449867,-0.17994690034538507,0.8005921770521403,0.9907815456390381,-0.9992510080337524,-597.7003173828125,1543.371228954534,-2.3367246091365814,0.8619654616124007,-1.4059276580810547,-3.706307888031006,-0.45608748868107796,0.0027443215351114973,-0.45031216740608215,-0.4602854251861572,1.6271987408399582,0.009169951991034058,1.6414731740951538,1.609856128692627,1.9057826548814774,0.005629375120015202,1.9145326614379883,1.8950833082199097,4.831939697265625,81,2566.9543866608255,2458.139247059719,6000.0,0.03988,918.1047973632812,-4.7495513,0.06832526,-4.6086245,-4.8991184,-52.24045,31.01806,-9.298359,-77.34208,-4262.3134765625,1648.849609375,128.0,0.0,128,128,3.0137227512631245e-05,0.000646238312582569,0.027767067240353285,0.0,1.628558018446717,1.0577688146800865,7.280784013176501,0.9612787609284225,0.01649780434578619,0.011471309321936294,0.07499937500520829,0.003072191901394929,0.7172600410614516,0.26273963929602306,0.9523356030665205,0.0,0.9113575879500797,0.20989809567222373,1.0714966648383728,0.10293766840213878,-137.9629815718278,283.40371517218574,92.74632289611941,-2366.5,122.18494737232228,302.0475460335929,1038.0,-1.0,-487.7734375,837.3588940349493,-1.0,-4732.0,190.51740041987034,329.1414644115002,2365.5,0.25908400405079257,0.0006960843280730559,0.00020517630005490155,0.001152073732718894,0.0004520795660036166,1.0,0.0,1.0,1.0,0.0,0.0,0.0,0.0,0.026088365936402076,0.0038671514239216023,0.03392265406528907,0.021257356140160482,11.0,6.519202405202649,16,2,30.125,28.044328749321135,60.0,0.0,19765.3125,18857.6606373867,47290,35,1.25e+19,3.3071891388307382e+19,1e+20,0.0,2529.558831678787,2440.2349961647033,6000.0,0.0,37.39555498203833,52.707351762118705,189.23171000000002,0.0,1.6999983927235007e-06,0.009274299998651259,486.39543499999854,2.176945400002296,488.5816563999979,9924.710288100003
365262088,341893848,2566.9543866608255,2458.139247059719,6000.0,0.03988,1023.5831909179688,0.37018275,1.6173087,2.797018,-1.449867,-0.17994690034538507,0.8005921770521403,0.9907815456390381,-0.9992510080337524,-597.7003173828125,1543.371228954534,-2.3367246091365814,0.8619654616124007,-1.4059276580810547,-3.706307888031006,-0.45608748868107796,0.0027443215351114973,-0.45031216740608215,-0.4602854251861572,1.6271987408399582,0.009169951991034058,1.6414731740951538,1.609856128692627,1.9057826548814774,0.005629375120015202,1.9145326614379883,1.8950833082199097,4.7586259841918945,82,1152.8771984285013,2230.5151892801405,6374.865199309077,0.039560000000000005,-446.3750915527344,-4.769929,0.07605795,-4.582055,-4.9104085,-59.904926,26.114933,-9.16411,-77.304985,2186.0859375,1599.2523193359375,128.0,0.0,128,128,0.00041626536675822093,0.0037569291105160165,0.04993761694389223,0.0,1.2258292131685733,0.8601783620368069,7.280784013176501,0.0020282940947281215,0.03320153303508805,0.02535967907898796,0.13725221074096586,0.003072191901394929,0.6617299246561541,0.22823845128543493,0.9523356030665205,0.0,7.682059734138025,129.0378341946908,2614.519850902108,0.004510999320008622,-133.56153209429152,417.0829581737875,163.5,-2366.5,105.86067622989853,236.11434955857598,1038.0,-1.0,-440.19752592510235,1001.2662401514593,-0.0030487804878048764,-4732.0,201.95898691274772,431.9118424402615,2365.5,0.25908400405079257,0.0010481367622469945,0.0003542796618850849,0.0014619883040935672,0.0004520795660036166,1.0,0.0,1.0,1.0,0.0,0.0,0.0,0.0,0.031829853315604756,0.0058114624151654,0.038207995161906365,0.021257356140160482,12.5625,5.499644874898742,16,2,11.9375,23.10159288339226,60.0,0.0,7726.0,15198.825086170313,46518,3,6.25e+18,2.420614591379636e+19,1e+20,0.0,1095.4546796943193,2129.447174129463,6000.0,0.0,57.42251873418215,165.6700397107417,695.8942,0.0,2.7999922167509794e-06,0.011827399997855537,197.57949399999052,1.9381955999997444,199.52951979998033,10124.249406699993
167739021,98998899,1452.550549743901,2120.194474305714,5544.380062689062,0.039560000000000005,-81.73861694335938,-0.6429962,0.7751035,1.0060091,-1.4390571,-0.08375811867881566,0.6797985025711695,0.9971894025802612,-0.9571567177772522,-490.3354187011719,1534.2891610334707,-1.7610922455787659,0.6693242402828319,-1.3619540929794312,-4.1764349937438965,-0.438251830637455,0.02337836553191553,-0.40379050374031067,-0.45917341113090515,1.6008083745837212,0.033142882622515135,1.6402634382247925,1.553220272064209,1.8892310708761215,0.02083748705677889,1.9137953519821167,1.8592689037322998,4.757781028747559,83,1452.550549743901,2120.194474305714,5544.380062689062,0.039560000000000005,-132.031494140625,-4.762856,0.068783626,-4.5670757,-4.910623,-69.5495,14.6605625,-24.553116,-77.409904,611.5496215820312,1584.58203125,128.0,0.0,128,128,0.00041615763186709365,0.003756924154610782,0.04993761694389223,0.0,1.2429147171044803,0.875214179576254,7.280784013176501,0.0020282940947281215,0.032368909167676194,0.025704011817658485,0.13725221074096586,0.003072191901394929,0.6646895871167504,0.2325387522765049,0.9523356030665205,0.0,7.693213196148091,129.03722540542864,2614.519850902108,0.004510999320008622,-136.4194365316331,417.18076519783955,163.5,-2366.5,91.40235964772813,218.25012928362787,1038.0,-1.0,-438.53736967510235,990.9235369352742,-0.0030487804878048764,-4732.0,199.83660648704736,428.8720374558905,2365.5,0.25908400405079257,0.0010128460334076017,0.0003853538153035429,0.0014619883040935672,0.0004520795660036166,1.0,0.0,1.0,1.0,0.0,0.0,0.0,0.0,0.03116253451139882,0.006369310919017865,0.038207995161906365,0.021257356140160482,14.625,3.119995993587171,16,5,17.5625,25.4803079602661,60.0,0.0,14102.5625,21022.874083866216,52597,3,0.08744139437639353,0.1875809586635381,0.5945017182130584,0.0,1396.6570940019228,2040.6075978460146,5156.084159081282,0.0,55.89345574197819,108.96938585565464,390.95330467816734,0.039560000000000005,5.299996701069176e-06,0.0126929999969434,285.83364070000243,1.6947500000096625,287.54108900000574,10411.803344199972
729416111,254447594,1452.550549743901,2120.194474305714,5544.380062689062,0.039560000000000005,-81.73861694335938,-0.6429962,0.7751035,1.0060091,-1.4390571,-0.08375811867881566,0.6797985025711695,0.9971894025802612,-0.9571567177772522,-490.3354187011719,1534.2891610334707,-1.7610922455787659,0.6693242402828319,-1.3619540929794312,-4.1764349937438965,-0.438251830637455,0.02337836553191553,-0.40379050374031067,-0.45917341113090515,1.6008083745837212,0.033142882622515135,1.6402634382247925,1.553220272064209,1.8892310708761215,0.02083748705677889,1.9137953519821167,1.8592689037322998,4.841796398162842,84,2234.8977531393857,2263.4597302131997,6252.224188665472,0.03424000000000001,585.2841796875,-4.784039,0.048444115,-4.695528,-4.919316,-67.27463,18.430553,-9.578473,-78.70905,-2827.017822265625,1649.613525390625,128.0,0.0,128,128,0.00013666411837499393,0.0019370172965403438,0.04993761694389223,0.0,1.523381680144833,1.0203113344950092,7.280784013176501,0.0020282940947281215,0.020901317993492537,0.01713293231277965,0.13725221074096586,0.003072191901394929,0.7028529715975966,0.25666264149989354,0.9523356030665205,0.0,2.2759489517692324,57.77099246443996,2614.519850902108,0.004510999320008622,-158.95564604257333,374.4916513419759,163.5,-2366.5,124.72501075385661,304.97199765475057,1038.0,-1.0,-532.5955598725204,958.221828579427,-0.0030487804878048764,-4732.0,218.6179441493079,405.3583005694843,2365.5,0.25908400405079257,0.0007658622287978676,0.0003135165490503339,0.0014619883040935672,0.0004520795660036166,1.0,0.0,1.0,1.0,0.0,0.0,0.0,0.0,0.027110396596429623,0.0054957972671976305,0.038207995161906365,0.021257356140160482,14.0625,3.848193569715536,16,2,29.9375,28.527330645365332,60.0,0.0,22453.25,21201.488109623344,55482,11,0.17841333106149296,0.25580790647605484,0.8424908424908425,0.0,2157.653115201117,2185.323025755364,5891.451292246521,0.0,77.24463793826868,103.7167129446755,360.7728964189509,0.03424000000000001,2.6000052457675338e-06,0.005925700010266155,483.075886599996,2.4396043000015197,485.52141920001304,10897.33362119997
550367865,732412360,2850.955132722412,2409.610740541895,6013.366462888594,0.040720000000000006,1184.999267578125,-0.32120913,1.3233063,2.8819752,-1.472593,-0.2249877997674048,0.6623383093486671,0.9619455337524414,-0.9992542862892151,-500.8052978515625,1665.9557582023647,-1.8395694494247437,0.5774645351828305,-1.3653950691223145,-3.6257357597351074,-0.4579458385705948,0.01391931706981591,-0.40503090620040894,-0.46473419666290283,1.6417545303702354,0.022939455342973182,1.6593023538589478,1.5605061054229736,1.9146039113402367,0.014240709471025808,1.9253357648849487,1.8639487028121948,4.8172807693481445,85,2850.955132722412,2409.610740541895,6013.366462888594,0.040720000000000006,1081.20751953125,-4.775074,0.090352796,-4.558622,-4.976253,-63.133553,23.300045,-9.268119,-79.62005,-5215.7255859375,1769.74755859375,128.0,0.0,128,128,0.00013655638348386665,0.0019369921330587832,0.04993761694389223,0.0,1.54046718408074,1.0280858900027152,7.280784013176501,0.0020282940947281215,0.02006869412608068,0.017048089773681226,0.13725221074096586,0.003072191901394929,0.705812634058193,0.2600264823633295,0.9523356030665205,0.0,2.287102413779298,57.770676391260444,2614.519850902108,0.004510999320008622,-161.8135504799149,374.40679197235096,163.5,-2366.5,110.2666941716862,292.29530488822223,1038.0,-1.0,-530.9354036225204,947.5712297756119,-0.0030487804878048764,-4732.0,216.49556372360757,402.2057309406577,2365.5,0.25908400405079257,0.0007305714999584746,0.0003183594864859203,0.0014619883040935672,0.0004520795660036166,1.0,0.0,1.0,1.0,0.0,0.0,0.0,0.0,0.02644307779222369,0.005540762524571311,0.038207995161906365,0.021257356140160482,13.1875,4.82465996211132,16,2,34.5625,27.205166673814002,60.0,0.0,25720.4375,20832.85965418799,56331,8,1.25e+19,3.3071891388307382e+19,1e+20,0.0,2798.976651436459,2363.9378053838054,6000.0,0.0,51.97848128595328,100.45750310762529,365.74865,0.0,2.6000052457675338e-06,0.008123699997668155,558.2352541,2.317048100012471,560.5604285000154,11457.905037299948
422396446,399713351,2850.955132722412,2409.610740541895,6013.366462888594,0.040720000000000006,1184.999267578125,-0.32120913,1.3233063,2.8819752,-1.472593,-0.2249877997674048,0.6623383093486671,0.9619455337524414,-0.9992542862892151,-500.8052978515625,1665.9557582023647,-1.8395694494247437,0.5774645351828305,-1.3653950691223145,-3.6257357597351074,-0.4579458385705948,0.01391931706981591,-0.40503090620040894,-0.46473419666290283,1.6417545303702354,0.022939455342973182,1.6593023538589478,1.5605061054229736,1.9146039113402367,0.014240709471025808,1.9253357648849487,1.8639487028121948,4.828534126281738,86,1598.6823305466528,1937.80406864763,5085.786206732343,0.040720000000000006,-153.9586639404297,-4.753899,0.06681142,-4.648238,-4.916995,-64.23834,22.036776,-9.437542,-78.67192,755.69921875,1752.6409912109375,128.0,0.0,128,128,0.00022398345280104023,0.0028188954221743502,0.04993761694389223,0.0,1.454561889880412,1.0316982179529135,7.280784013176501,0.0020282940947281215,0.024633605547479613,0.022313598080962647,0.13725221074096586,0.003072191901394929,0.6918985035616602,0.24881563441080137,0.9523356030665205,0.0,4.963935965833686,100.0077987703905,2614.519850902108,0.004510999320008622,-104.11460773621882,274.99998465330435,163.5,-2366.5,138.8420465855382,296.5673897337193,1038.0,-1.0,-410.6802343050614,793.814361286118,-0.0030487804878048764,-4732.0,173.0911086141914,312.09134922103516,2365.5,0.25908400405079257,0.0008468684223056272,0.00035461916818825865,0.0014619883040935672,0.0004520795660036166,1.0,0.0,1.0,1.0,0.0,0.0,0.0,0.0,0.028468275116003652,0.005965131460915956,0.038207995161906365,0.021257356140160482,13.5,4.6097722286464435,16,2,21.125,25.7460555231282,60.0,0.0,18208.0,21159.313120940387,49945,5,0.11480365424188457,0.20610568053828598,0.5813953488372093,0.0,1535.3085679755031,1864.369479406938,4729.284886732343,0.0,63.37376257114946,97.16310870908599,356.50132,0.040720000000000006,2.3999891709536314e-06,0.007986800002981909,342.8441002000036,1.5117456000007223,344.36383499999647,11802.280738499976
734901635,737248710,2211.8784598077727,2488.883891936917,6000.0,0.03764000000000001,491.33056640625,-0.0052957833,1.4919658,3.2682323,-1.4398983,-0.3288423828780651,0.6843998873147341,0.9783075451850891,-0.9997389912605286,1337.837890625,1720.5480283629054,-2.043655753135681,0.8281841222630856,-1.4220954179763794,-4.287777423858643,-0.45389534905552864,0.020228261430772707,-0.4008514881134033,-0.4640360474586487,1.654256395995617,0.03494195539510095,1.676525354385376,1.5654946565628052,1.9220606833696365,0.021571018694987048,1.9356619119644165,1.867140293121338,4.753142833709717,87,2211.8784598077727,2488.883891936917,6000.0,0.03764000000000001,413.31378173828125,-4.8120613,0.10158429,-4.6720085,-5.0208297,-50.228245,28.985456,-9.871597,-77.87454,-1972.155029296875,1798.564697265625,128.0,0.0,128,128,0.0002432333832750921,0.0026577776762656572,0.04993761694389223,0.0,1.4151449163274006,0.9766806835778155,7.280784013176501,0.0020282940947281215,0.025864993577033132,0.020271640711859395,0.13725221074096586,0.003072191901394929,0.687076023811719,0.24757769418512546,0.9523356030665205,0.0,3.6319126486952293,81.67776416471149,2614.519850902108,0.004510999320008622,-176.40225471150194,444.34953352383377,163.5,-2366.5,151.3072050187726,332.14879514652984,1038.0,-1.0,-585.985065057541,1064.4314058059626,-0.0030487804878048764,-4732.0,251.55350549033483,467.8647906444497,2365.5,0.25908400405079257,0.0008463093506958428,0.00038025488647899666,0.0014619883040935672,0.0004520795660036166,1.0,0.0,1.0,1.0,0.0,0.0,0.0,0.0,0.028311194580269206,0.006627577146907605,0.038207995161906365,0.021257356140160482,10.5,6.103277807866851,16,2,26.625,29.444598401065008,60.0,0.0,18177.875,20458.870285511246,54631,7,6.25e+18,2.420614591379636e+19,1e+20,0.0,2114.2521948914123,2396.883987675422,6000.0,0.0,97.62626491636,146.42607204511293,405.15290999999996,0.0,1.8999999156221747e-06,0.008653900003992021,430.3688215000002,2.3200038999930257,432.6974811999971,12234.987347999966
892878741,694873649,2211.8784598077727,2488.883891936917,6000.0,0.03764000000000001,491.33056640625,-0.0052957833,1.4919658,3.2682323,-1.4398983,-0.3288423828780651,0.6843998873147341,0.9783075451850891,-0.9997389912605286,1337.837890625,1720.5480283629054,-2.043655753135681,0.8281841222630856,-1.4220954179763794,-4.287777423858643,-0.45389534905552864,0.020228261430772707,-0.4008514881134033,-0.4640360474586487,1.654256395995617,0.03494195539510095,1.676525354385376,1.5654946565628052,1.9220606833696365,0.021571018694987048,1.9356619119644165,1.867140293121338,4.841131210327148,88,1552.8472740338775,1967.3996805818156,5863.760049928137,0.03764000000000001,-221.1456298828125,-4.754361,0.059478395,-4.656936,-4.884141,-63.60122,23.413664,-4.686149,-77.381615,1094.780029296875,1773.992919921875,128.0,0.0,128,128,0.00033053333047905936,0.003352505649305406,0.04993761694389223,0.0,1.338420898673717,0.9501758774706025,7.280784013176501,0.0020282940947281215,0.028749419190929312,0.02441366282954882,0.13725221074096586,0.003072191901394929,0.6772715282812547,0.2412472788870309,0.9523356030665205,0.0,6.334629201429085,115.44642201984,2614.519850902108,0.004510999320008622,-129.34147937325653,375.83778792430104,163.5,-2366.5,107.75616478247957,253.94705602640772,1038.0,-1.0,-440.02774730258193,930.8115264475065,-0.0030487804878048764,-4732.0,193.6439975461505,394.50285428252,2365.5,0.25908400405079257,0.0009305986095235042,0.0003864018618803084,0.0014619883040935672,0.0004520795660036166,1.0,0.0,1.0,1.0,0.0,0.0,0.0,0.0,0.029800089932613072,0.006444992580349902,0.038207995161906365,0.021257356140160482,13.375,4.9355217555999085,16,1,20.75,26.063624076478696,60.0,0.0,15460.125,19733.17391119267,50832,5,0.07552874836341532,0.17472101588076056,0.6228373702422145,0.0,1506.602935920699,1903.8329469533958,5447.241569928137,0.0,46.2443381131781,98.0629512405671,416.51848000000007,0.03764000000000001,2.4000037228688598e-06,0.008214500005124137,337.5128027000028,1.6731634000025224,339.19418300001416,12574.194678299973
142443833,848474627,1519.1521314904548,1977.767281925213,5114.457485718334,0.03988,-181.25636291503906,-0.5222463,1.0334499,2.0307584,-1.4647424,-0.021398019103799015,0.7031203521628532,0.9498993754386902,-0.99510258436203,862.28662109375,1700.4084386756604,-1.7624008804559708,0.35352775234921513,-1.4236193895339966,-2.5974888801574707,-0.4375126827508211,0.026889343709060477,-0.3910250663757324,-0.45510512590408325,1.6334481313824654,0.046265973656841375,1.669568657875061,1.5540255308151245,1.909221924841404,0.0287811782310685,1.9315037727355957,1.8597872257232666,4.815247058868408,89,1519.1521314904548,1977.767281925213,5114.457485718334,0.03988,-229.35670471191406,-4.7282295,0.086925305,-4.4551044,-4.8663616,-58.79071,26.253714,-9.306475,-77.861786,1016.6744995117188,1748.5087890625,128.0,0.0,128,128,0.00033053333047905936,0.0033525056493054063,0.04993761694389223,0.0,1.338420898673717,0.9501758774706026,7.280784013176501,0.0020282940947281215,0.028749419190929316,0.02441366282954882,0.13725221074096586,0.003072191901394929,0.6772715282812547,0.2412472788870309,0.9523356030665205,0.0,6.334629201429085,115.44642201984,2614.519850902108,0.004510999320008622,-129.34147937325656,375.8377879243011,163.5,-2366.5,107.75616478247957,253.94705602640772,1038.0,-1.0,-440.0277473025819,930.8115264475065,-0.0030487804878048764,-4732.0,193.6439975461505,394.50285428252,2365.5,0.25908400405079257,0.0009305986095235042,0.0003864018618803084,0.0014619883040935672,0.0004520795660036166,1.0,0.0,1.0,1.0,0.0,0.0,0.0,0.0,0.029800089932613072,0.006444992580349902,0.038207995161906365,0.021257356140160482,12.4375,5.5561761806119865,16,2,20.8125,26.439125245552283,60.0,0.0,15918.1875,20294.01918737005,51861,2,0.10098057743222813,0.1905951214060863,0.5597722960151803,0.0,1470.4259833304386,1916.2425517909478,4833.89824050082,0.0,48.7261481600163,80.44525622083268,284.59792,0.03988,1.5999976312741637e-06,0.0054869000014150515,337.55336770000577,1.7552568999963114,339.3141131000011,12913.517781999952
824105924,170208024,1519.1521314904548,1977.767281925213,5114.457485718334,0.03988,-181.25636291503906,-0.5222463,1.0334499,2.0307584,-1.4647424,-0.021398019103799015,0.7031203521628532,0.9498993754386902,-0.99510258436203,862.28662109375,1700.4084386756604,-1.7624008804559708,0.35352775234921513,-1.4236193895339966,-2.5974888801574707,-0.4375126827508211,0.026889343709060477,-0.3910250663757324,-0.45510512590408325,1.6334481313824654,0.046265973656841375,1.669568657875061,1.5540255308151245,1.909221924841404,0.0287811782310685,1.9315037727355957,1.8597872257232666,4.827703952789307,90,1338.954317033944,2173.259659244869,6285.05278808371,0.03764000000000001,-368.5989685058594,-4.780945,0.07581875,-4.607934,-4.904372,-76.49512,1.2131,-73.726944,-78.469955,1758.7939453125,1707.55322265625,128.0,0.0,128,128,0.0001998638929952069,0.0022294668610146695,0.04993761694389223,0.0,1.379748681647162,0.870708659520878,7.280784013176501,0.0020282940947281215,0.024729072521029204,0.018075300924847427,0.13725221074096586,0.003072191901394929,0.6859192390047053,0.2455647844184455,0.9523356030665205,0.0,2.285443300915669,57.770785650885664,2614.519850902108,0.004510999320008622,-211.86813828044575,488.78368665241135,163.5,-2366.5,63.88099841734554,206.79673857155558,1038.0,-1.0,-599.9705598725204,1164.9640555659985,-0.0030487804878048764,-4732.0,254.0318060174888,511.2749567326041,2365.5,0.25908400405079257,0.000921732642723211,0.0002788389150240169,0.0014619883040935672,0.0004520795660036166,1.0,0.0,1.0,1.0,0.0,0.0,0.0,0.0,0.02997369143778513,0.004731080437961705,0.038207995161906365,0.021257356140160482,16.0,0.0,16,16,16.25,25.35128201886445,60.0,0.0,12179.25,18196.373407563937,48202,5,0.10205730283339778,0.2022383023878568,0.7429078014184397,0.0,1297.463086645629,2107.3456072236654,5885.249237029501,0.0,41.491230388315294,95.10572699933672,399.80355105420864,0.03764000000000001,2.2000021999701858e-06,0.0072835000028135255,263.4467403000017,1.9611996000021463,265.41522560000885,13178.946088399956
281387505,610401323,1522.8405823852854,2130.5379436274184,6000.0,0.03764000000000001,-159.81097412109375,-0.50014836,1.0426157,2.4051938,-1.4235048,0.14904679916799068,0.7173006157994352,0.992368221282959,-0.9979552030563354,271.991455078125,1682.6516530466229,-1.880208633840084,0.5518028367495182,-1.4284207820892334,-3.335634231567383,-0.43715599179267883,0.0016856136039141198,-0.4347299337387085,-0.4389084577560425,1.6356589645147324,0.006549897723790916,1.6440588235855103,1.6268686056137085,1.9109762459993362,0.004006272249177399,1.9161065816879272,1.9055955410003662,4.840993404388428,91,1522.8405823852854,2130.5379436274184,6000.0,0.03764000000000001,-166.2413330078125,-4.7964773,0.1314299,-4.682336,-5.264694,-67.36772,20.464205,-10.529388,-78.30568,788.2869873046875,1689.0819091796875,128.0,0.0,128,128,0.00011421660479151622,0.001434669723914424,0.027767067240353285,0.0,1.4862195161212095,0.9554878714084645,7.280784013176501,0.9612787609284225,0.02139728254853897,0.014258418070741949,0.07499937500520829,0.003072191901394929,0.6987210859857603,0.2524010243103451,0.9523356030665205,0.0,0.9207574344204171,0.20352199395622908,1.0714966648383728,0.10293766840213878,-200.55597395577695,451.1642001881151,92.74632289611941,-2366.5,113.86074873668994,295.8472400472505,1038.0,-1.0,-616.935546875,1106.2575325247144,-1.0,-4732.0,255.3868518740704,481.3373224292016,2365.5,0.25908400405079257,0.0008255329323460482,0.0002695008083965546,0.001152073732718894,0.0004520795660036166,1.0,0.0,1.0,1.0,0.0,0.0,0.0,0.0,0.028301462702417512,0.004879139877232903,0.03392265406528907,0.021257356140160482,14.125,4.328322423295196,16,2,19.8125,27.118302744640935,60.0,0.0,13723.8125,19030.857443303594,53861,13,6.25e+18,2.420614591379636e+19,1e+20,0.0,1485.1633801789508,2093.7499950699216,6000.0,0.0,37.6772022063348,67.73195716449749,250.21264000000002,0.0,3.500012098811567e-06,0.007612100002006628,322.97163179999916,1.8635917000065092,324.8428391000198,13503.799455799963
801015372,143084570,1522.8405823852854,2130.5379436274184,6000.0,0.03764000000000001,-159.81097412109375,-0.50014836,1.0426157,2.4051938,-1.4235048,0.14904679916799068,0.7173006157994352,0.992368221282959,-0.9979552030563354,271.991455078125,1682.6516530466229,-1.880208633840084,0.5518028367495182,-1.4284207820892334,-3.335634231567383,-0.43715599179267883,0.0016856136039141198,-0.4347299337387085,-0.4389084577560425,1.6356589645147324,0.006549897723790916,1.6440588235855103,1.6268686056137085,1.9109762459993362,0.004006272249177399,1.9161065816879272,1.9055955410003662,4.840853214263916,92,1887.1770005163726,2495.8873591137362,6000.0,0.03988,178.28558349609375,-4.777606,0.087353505,-4.5919733,-4.92733,-66.42208,19.591972,-9.183947,-78.83728,-749.921875,1708.891357421875,128.0,0.0,128,128,0.0003724922179501564,0.0034693077104426683,0.04993761694389223,0.0,1.2800657754628935,0.8844238883658749,7.280784013176501,0.0020282940947281215,0.030574690391746814,0.02426259947560357,0.13725221074096586,0.003072191901394929,0.6702217975888562,0.23736430841643805,0.9523356030665205,0.0,6.347694221171802,115.44578266797298,2614.519850902108,0.004510999320008622,-162.78140389323733,452.0348993624637,163.5,-2366.5,92.75032802803558,237.5608240093692,1038.0,-1.0,-503.36368480258193,1059.6098787340031,-0.0030487804878048764,-4732.0,224.48693795397526,465.05120163836517,2365.5,0.25908400405079257,0.0009688548650304556,0.0003912545806743269,0.0014619883040935672,0.0004520795660036166,1.0,0.0,1.0,1.0,0.0,0.0,0.0,0.0,0.030406149212466337,0.006574891269313582,0.038207995161906365,0.021257356140160482,13.875,4.075460096725276,16,2,20.875,27.310426122636756,60.0,0.0,13053.0625,17607.36551655567,50368,3,1.25e+19,3.3071891388307382e+19,1e+20,0.0,1859.6424717905188,2472.76473128557,6000.0,0.0,27.534528725853725,49.06940616504428,160.84482,0.0,2.1000014385208488e-06,0.014695199992274866,338.67029300000286,2.2023155000060797,340.88730580000265,13844.698347700003
363464500,698099024,1480.1664714466683,2416.6842487070994,6564.198832648642,0.03764000000000001,-182.23654174804688,-0.30201334,0.9479926,2.0477824,-1.4391,-0.3330138335004449,0.690588840067461,0.9758366346359253,-0.9960362315177917,709.1014404296875,1662.4031348866274,-1.7466073855757713,0.45491205057819056,-1.3417683839797974,-2.7914910316467285,-0.4084332212805748,0.02618181674067115,-0.3631376624107361,-0.42493316531181335,1.579632431268692,0.04483985847416696,1.6127156019210815,1.5024536848068237,1.875718966126442,0.028852605726796765,1.8968579769134521,1.826038122177124,4.840839862823486,93,1480.1664714466683,2416.6842487070994,6564.198832648642,0.03764000000000001,-205.852294921875,-4.767362,0.12211192,-4.4264994,-4.947289,-64.253456,22.205769,-14.245327,-79.156624,923.5889282226562,1686.018798828125,128.0,0.0,128,128,0.0003516205091057352,0.0034114786183117736,0.04993761694389223,0.0,1.2921578331323982,0.9052870851286667,7.280784013176501,0.0020282940947281215,0.03049467865874992,0.024085429607108695,0.13725221074096586,0.003072191901394929,0.6707870004744592,0.23527768280348815,0.9523356030665205,0.0,6.330008249290378,115.44665236545826,2614.519850902108,0.004510999320008622,-143.2035371959053,415.9902266652185,163.5,-2366.5,114.71156298742798,261.49445358940744,1038.0,-1.0,-473.3558723025819,1008.0123948774803,-0.0030487804878048764,-4732.0,211.18784817576324,434.4741921610578,2365.5,0.25908400405079257,0.0009850174661163729,0.0003647337740570931,0.0014619883040935672,0.0004520795660036166,1.0,0.0,1.0,1.0,0.0,0.0,0.0,0.0,0.03077043837674564,0.006090508852696899,0.038207995161906365,0.021257356140160482,13.5,4.677071733467427,16,3,15.9375,25.483987006549818,60.0,0.0,10499.875,16187.95859147703,45527,5,0.15630989472790702,0.3328505641738868,1.0194931773879143,0.0,1369.4294139379474,2231.596983722498,5901.254826254826,0.0,110.73705750872102,218.478103023787,662.9440063938157,0.03764000000000001,2.2000021999701858e-06,0.011591699993005022,260.61639899999136,1.8982176999998046,262.52621059998637,14107.236754199985
78547565,146764659,1480.1664714466683,2416.6842487070994,6564.198832648642,0.03764000000000001,-182.23654174804688,-0.30201334,0.9479926,2.0477824,-1.4391,-0.3330138335004449,0.690588840067461,0.9758366346359253,-0.9960362315177917,709.1014404296875,1662.4031348866274,-1.7466073855757713,0.45491205057819056,-1.3417683839797974,-2.7914910316467285,-0.4084332212805748,0.02618181674067115,-0.3631376624107361,-0.42493316531181335,1.579632431268692,0.04483985847416696,1.6127156019210815,1.5024536848068237,1.875718966126442,0.028852605726796765,1.8968579769134521,1.826038122177124,4.814516544342041,94,1876.0266917715685,2133.468197763816,5822.406553525839,0.037520000000000005,171.00717163085938,-4.8044276,0.20709763,-4.4827895,-5.4051085,-65.03612,20.53159,-15.463514,-79.62567,-844.1929321289062,1705.01953125,128.0,0.0,128,128,0.00026589996623440184,0.0029583587577569066,0.04993761694389223,0.0,1.3992671921851363,0.9719103259795594,7.280784013176501,0.0020282940947281215,0.025898714812462864,0.022627334647745044,0.13725221074096586,0.003072191901394929,0.6862186511912847,0.24753299362404585,0.9523356030665205,0.0,4.985628652469559,100.00687228972045,2614.519850902108,0.004510999320008622,-141.10058805801648,377.5071084488681,163.5,-2366.5,99.79407894771252,252.8985250761685,1038.0,-1.0,-465.4487889925614,941.5302153520119,-0.0030487804878048764,-4732.0,199.09903141042673,398.3319297372661,2365.5,0.25908400405079257,0.000874455456639415,0.00037002623876491395,0.0014619883040935672,0.0004520795660036166,1.0,0.0,1.0,1.0,0.0,0.0,0.0,0.0,0.028895567072044888,0.00621289533642318,0.038207995161906365,0.021257356140160482,13.6875,4.426041544088804,16,3,25.9375,28.245505726575335,60.0,0.0,20349.0625,22176.591325282472,50950,5,0.12303588194400183,0.21312443330755335,0.6039426523297491,0.0,1828.4031028105435,2083.3332193260285,5680.806213822519,0.0,47.62358896102489,70.92823423844442,242.69159190271105,0.037520000000000005,2.0000006770715117e-06,0.0063808999984757975,419.1850388000021,2.2272781999927247,421.41869989999395,14528.664522899984
619817,532704722,1674.396086394811,1742.164750393102,5573.440679377623,0.03988,10.793670654296875,-0.43159455,1.0373577,2.4092016,-1.3672445,-0.19285348430275917,0.7023624498179829,0.8968558311462402,-0.9986233711242676,133.08786010742188,1663.6024300374459,-1.7345196977257729,0.5158233701866931,-1.3681838512420654,-3.486098289489746,-0.3936449605971575,0.022715162376857834,-0.346394807100296,-0.4052093029022217,1.5492138490080833,0.03814357023902146,1.5728732347488403,1.4701710939407349,1.8563748970627785,0.025114559005697167,1.871842622756958,1.8043172359466553,4.829399585723877,95,1674.396086394811,1742.164750393102,5573.440679377623,0.03988,-27.56103515625,-4.7561226,0.10932793,-4.581168,-5.080265,-55.0805,27.413935,-9.386122,-76.74727,83.00614929199219,1701.9571533203125,128.0,0.0,128,128,0.00024486665505328966,0.0028895356336125096,0.04993761694389223,0.0,1.436987505758502,1.0042295570219624,7.280784013176501,0.0020282940947281215,0.024569767278348184,0.022585288045943817,0.13725221074096586,0.003072191901394929,0.691223347767782,0.2510208574706928,0.9523356030665205,0.0,4.984672873603234,100.00691068597598,2614.519850902108,0.004510999320008622,-125.8095780166969,332.55750480293494,163.5,-2366.5,100.06783903384932,252.8830469224859,1038.0,-1.0,-432.95074211756145,864.0525765316169,-0.0030487804878048764,-4732.0,182.6163709936642,355.60802812795714,2365.5,0.25908400405079257,0.0008376819644662427,0.0003698456113956037,0.0014619883040935672,0.0004520795660036166,1.0,0.0,1.0,1.0,0.0,0.0,0.0,0.0,0.02825887803001529,0.0061870251414634855,0.038207995161906365,0.021257356140160482,11.625,5.8081300777444715,16,2,26.0,25.92296279363144,60.0,0.0,21526.0625,21724.115751477522,50543,5,0.06260919835560123,0.13991853280418312,0.5,0.0,1639.6843675800717,1718.8432556306846,5531.866339377623,0.0,34.71171881473933,43.791907746874294,160.3214,0.03988,3.600012860260904e-06,0.005353000000468455,421.65802149999945,1.9663394999952288,423.629717600008,14952.304750299969
1025900559,689925184,1674.396086394811,1742.164750393102,5573.440679377623,0.03988,10.793670654296875,-0.43159455,1.0373577,2.4092016,-1.3672445,-0.19285348430275917,0.7023624498179829,0.8968558311462402,-0.9986233711242676,133.08786010742188,1663.6024300374459,-1.7345196977257729,0.5158233701866931,-1.3681838512420654,-3.486098289489746,-0.3936449605971575,0.022715162376857834,-0.346394807100296,-0.4052093029022217,1.5492138490080833,0.03814357023902146,1.5728732347488403,1.4701710939407349,1.8563748970627785,0.025114559005697167,1.871842622756958,1.8043172359466553,4.829009532928467,96,1385.7455928023783,1861.3476809044575,5152.027617496327,0.037520000000000005,-284.5903015136719,-4.7752924,0.06713128,-4.6154923,-4.9372926,-65.42368,20.939543,-9.230985,-77.48461,1399.19921875,1670.3359375,128.0,0.0,128,128,0.00030791272115106245,0.003090977608824572,0.04993761694389223,0.0,1.3323693170063593,0.9054188388724855,7.280784013176501,0.0020282940947281215,0.02814029794698629,0.02258979925249631,0.13725221074096586,0.003072191901394929,0.6776890892685881,0.24206321776230227,0.9523356030665205,0.0,4.993116941207244,100.0065531242291,2614.519850902108,0.004510999320008622,-173.11156035932646,452.63325860606903,163.5,-2366.5,92.01740048435374,244.68565467952968,1038.0,-1.0,-529.6148046175615,1072.2757065569585,-0.0030487804878048764,-4732.0,231.00316203110168,469.27335790402265,2365.5,0.25908400405079257,0.0009303570765660627,0.0003705971519113982,0.0014619883040935672,0.0004520795660036166,1.0,0.0,1.0,1.0,0.0,0.0,0.0,0.0,0.029835285754001125,0.006261780418079082,0.038207995161906365,0.021257356140160482,13.6875,4.383473936274744,16,2,18.875,25.136813143276537,60.0,0.0,15838.375,21045.190819029773,52908,4,0.07569276458350688,0.1632065486604499,0.5425531914893617,0.0,1330.1866068876473,1784.1253550846002,5006.060947496328,0.0,55.558985914731025,104.37357583659441,417.99684,0.03424000000000001,2.1000014385208488e-06,0.009997400004067458,307.0911974000046,2.2946360999922035,309.3958330000023,15261.712451799991
1065863364,208285721,1705.355535262455,2094.063607008789,6000.0,0.03424000000000001,37.5777587890625,-0.36151338,0.9319596,1.0848274,-1.3761503,-0.41824757819995284,0.5849956004114825,0.9254289269447327,-0.9795891046524048,447.79730224609375,1667.7777405599468,-1.642442524433136,0.32459288896173066,-1.2815581560134888,-2.207838535308838,-0.38042502850294113,0.013419768349660343,-0.3285781741142273,-0.3845687508583069,1.5174297988414764,0.02179619947897384,1.5287045240402222,1.4341440200805664,1.8358497768640518,0.014733995884833687,1.8433592319488525,1.7795066833496094,4.840170860290527,97,1705.355535262455,2094.063607008789,6000.0,0.03424000000000001,31.5177001953125,-4.835138,0.1610297,-4.6781573,-5.33906,-60.047073,23.459528,-10.67812,-79.47449,-118.94610595703125,1673.8377685546875,128.0,0.0,128,128,0.00015773190977959073,0.0020393836136134613,0.04993761694389223,0.0,1.4692143872142513,0.9578036258688823,7.280784013176501,0.0020282940947281215,0.021798715521222242,0.017635356049843714,0.13725221074096586,0.003072191901394929,0.6975184162962735,0.254035298917158,0.9523356030665205,0.0,2.2860575382999264,57.7707459884994,2614.519850902108,0.004510999320008622,-180.59796683333127,420.6330684525827,163.5,-2366.5,74.01233289083038,229.65787354636714,1038.0,-1.0,-541.8816926850204,1036.8321939240416,-0.0030487804878048764,-4732.0,223.77912236985276,444.9395232642807,2365.5,0.25908400405079257,0.0008235641507106377,0.0003015513377528329,0.0014619883040935672,0.0004520795660036166,1.0,0.0,1.0,1.0,0.0,0.0,0.0,0.0,0.028211761873332027,0.00518569682814284,0.038207995161906365,0.021257356140160482,12.5,4.911720676097125,16,2,22.9375,25.400464439651493,60.0,0.0,20093.125,23632.64694991602,80904,8,6.25e+18,2.420614591379636e+19,1e+20,0.0,1686.9665824201575,2083.020627866852,6000.0,0.0,18.38895284229794,19.700459382409335,82.96078000000001,0.0,4.49999060947448e-06,0.01187940000090748,371.6249708999967,1.6559714000031818,373.2928261999914,15635.015564800022
130755951,842391266,1705.355535262455,2094.063607008789,6000.0,0.03424000000000001,37.5777587890625,-0.36151338,0.9319596,1.0848274,-1.3761503,-0.41824757819995284,0.5849956004114825,0.9254289269447327,-0.9795891046524048,447.79730224609375,1667.7777405599468,-1.642442524433136,0.32459288896173066,-1.2815581560134888,-2.207838535308838,-0.38042502850294113,0.013419768349660343,-0.3285781741142273,-0.3845687508583069,1.5174297988414764,0.02179619947897384,1.5287045240402222,1.4341440200805664,1.8358497768640518,0.014733995884833687,1.8433592319488525,1.7795066833496094,4.826639175415039,98,1230.5805327340238,2050.055120779616,5483.735691532847,0.03988,-398.9315490722656,-4.750467,0.09984279,-4.498315,-4.9314284,-59.67538,25.91191,-8.99663,-78.03285,1813.5660400390625,1629.5120849609375,128.0,0.0,128,128,0.0003742411184337321,0.0036498439035082546,0.04993761694389223,0.0,1.2982094147997558,0.9503064332097543,7.280784013176501,0.0020282940947281215,0.031103799902692943,0.025748157511365135,0.13725221074096586,0.003072191901394929,0.670369439487126,0.23442583500184613,0.9523356030665205,0.0,7.6715205095122165,129.03839862468828,2614.519850902108,0.004510999320008622,-99.43345620983543,326.81323645848664,163.5,-2366.5,130.45032728555378,268.85503671568745,1038.0,-1.0,-383.76881498760235,850.0845550498977,-0.0030487804878048764,-4732.0,173.82868369081203,350.2888438321395,2365.5,0.25908400405079257,0.000985258999073814,0.0003807472537347758,0.0014619883040935672,0.0004520795660036166,1.0,0.0,1.0,1.0,0.0,0.0,0.0,0.0,0.03073524255535759,0.0062839605640604805,0.038207995161906365,0.021257356140160482,12.5625,5.465445430154801,16,2,14.625,23.837667146765853,60.0,0.0,12720.875,20359.784591428637,52851,1,0.08663062872268432,0.18137574443705234,0.5104895104895105,0.0,1176.9439283325514,1971.2875719757556,5253.284671532847,0.0,53.63660440147235,91.29206322045819,336.32376,0.03988,1.8999999156221747e-06,0.007398500005365349,236.82511210000666,1.341665700005251,238.1741782000172,15873.200660900053
168703447,954017671,1695.9773180581797,2002.2025286551732,5358.9574125595145,0.03424000000000001,25.379638671875,-0.11270146,1.0665091,2.046639,-1.2985554,-0.18222886696457863,0.7661827526632156,0.9981025457382202,-0.9980490207672119,-66.29681396484375,1670.59769830977,-2.0821231305599213,0.979556786616553,-1.328298807144165,-4.925962924957275,-0.35217233933508396,0.022985601790261455,-0.312380313873291,-0.3662078380584717,1.460524819791317,0.03539853259194868,1.4855073690414429,1.3995190858840942,1.7974350973963737,0.024577382948576483,1.814694881439209,1.7550671100616455,4.741748809814453,99,1695.9773180581797,2002.2025286551732,5358.9574125595145,0.03424000000000001,59.818756103515625,-4.7811275,0.13437065,-4.5628643,-5.23795,-59.355305,27.05789,-9.125729,-77.219406,-246.51156616210938,1636.1585693359375,128.0,0.0,128,128,0.000351447413361216,0.003411466680330329,0.04993761694389223,0.0,1.323268415488664,0.9374888178210639,7.280784013176501,0.0020282940947281215,0.029389592859760463,0.02439591803554051,0.13725221074096586,0.003072191901394929,0.6753364470736289,0.2411476310321472,0.9523356030665205,0.0,6.3436875064173535,115.4459721013496,2614.519850902108,0.004510999320008622,-145.37329026877163,413.5480701730396,163.5,-2366.5,109.83706070646886,264.1705385461602,1038.0,-1.0,-478.60294261508193,989.3221999253614,-0.0030487804878048764,-4732.0,211.77810493595194,429.1488155596077,2365.5,0.25908400405079257,0.0009251052296107506,0.0004071352214709986,0.0014619883040935672,0.0004520795660036166,1.0,0.0,1.0,1.0,0.0,0.0,0.0,0.0,0.029614568092145806,0.006860102590486142,0.038207995161906365,0.021257356140160482,12.4375,5.711487875326358,16,2,24.9375,28.52952144270913,60.0,0.0,24349.875,27763.953714472565,66701,3,0.15184000970567502,0.23230237658792366,0.6870503597122302,0.0,1649.8877881717428,1954.9296492055357,5306.710922559514,0.0,46.0895298864368,63.10064686094845,206.61009,0.03424000000000001,1.600012183189392e-06,0.005080800008727238,402.1520274000068,1.3956850999966264,403.5527949000243,16276.760753600058
443352346,315096729,1695.9773180581797,2002.2025286551732,5358.9574125595145,0.03424000000000001,25.379638671875,-0.11270146,1.0665091,2.046639,-1.2985554,-0.18222886696457863,0.7661827526632156,0.9981025457382202,-0.9980490207672119,-66.29681396484375,1670.59769830977,-2.0821231305599213,0.979556786616553,-1.328298807144165,-4.925962924957275,-0.35217233933508396,0.022985601790261455,-0.312380313873291,-0.3662078380584717,1.460524819791317,0.03539853259194868,1.4855073690414429,1.3995190858840942,1.7974350973963737,0.024577382948576483,1.814694881439209,1.7550671100616455,4.813689231872559,100,2188.9342015643033,1984.8486335549371,5714.261844100372,0.03552,497.498046875,-4.774144,0.08397487,-4.6085496,-4.966431,-58.265396,27.055159,-4.6085496,-79.4629,-2435.451171875,1691.4361572265625,128.0,0.0,128,128,0.00020118974772852423,0.0025012128926487935,0.04993761694389223,0.0,1.4796208905693204,1.0160551687312016,7.280784013176501,0.0020282940947281215,0.022919398504547134,0.02019671645143795,0.13725221074096586,0.003072191901394929,0.6968655111481632,0.2547391954807433,0.9523356030665205,0.0,3.636102962738822,81.67761951397105,2614.519850902108,0.004510999320008622,-150.054441795155,373.3764905963398,163.5,-2366.5,118.22878000645325,292.9184542083706,1038.0,-1.0,-505.51436193254096,938.6967895792999,-0.0030487804878048764,-4732.0,211.0405298593313,398.65200756565685,2365.5,0.25908400405079257,0.000786714652842564,0.00036041079628758353,0.0014619883040935672,0.0004520795660036166,1.0,0.0,1.0,1.0,0.0,0.0,0.0,0.0,0.02734760065279187,0.0061704599091885835,0.038207995161906365,0.021257356140160482,12.1875,5.64821597940447,16,1,32.3125,28.021685241077133,60.0,0.0,31611.375,27511.667642736145,73568,4,0.14416991638219898,0.17967384512754986,0.4589285714285714,0.0,2139.0976350306564,1949.2019533371463,5637.520964100372,0.0,49.8365665336467,59.24078012513164,226.03208999999998,0.03552,1.4999968698248267e-06,0.007410100006381981,519.3892066999979,1.3342831000045408,520.7309014000057,16797.499837400042
