suite,instance,path,method,primal_dual_integral,n_primal_dual_integral,gap,n_gap,solving_time,n_solving_time
cie_core_nominal,cie_core_n008_f008_m000_proc100.lp,D:\git\git\RDMCT-A3C\cie\data\core\pure41\cie_core_n008_f008_m000_proc100.lp,proposed[full],0.0,2,0.0,2,0.4225882999962778,2
cie_core_nominal,cie_core_n008_f008_m000_proc100.lp,D:\git\git\RDMCT-A3C\cie\data\core\pure41\cie_core_n008_f008_m000_proc100.lp,proposed[linear_off],1.3114749962141987,2,0.0,2,0.4703534000000218,2
cie_core_nominal,cie_core_n008_f008_m000_proc100.lp,D:\git\git\RDMCT-A3C\cie\data\core\pure41\cie_core_n008_f008_m000_proc100.lp,proposed[stage2_off],1.9672131147540983,2,0.0,2,0.39613715000086813,2
cie_core_nominal,cie_core_n016_f016_m000_proc100.lp,D:\git\git\RDMCT-A3C\cie\data\core\pure41\cie_core_n016_f016_m000_proc100.lp,proposed[full],0.0,2,0.0,2,0.2925357999993139,2
cie_core_nominal,cie_core_n016_f016_m000_proc100.lp,D:\git\git\RDMCT-A3C\cie\data\core\pure41\cie_core_n016_f016_m000_proc100.lp,proposed[linear_off],50.0,2,0.0,2,0.5124500000019907,2
cie_core_nominal,cie_core_n016_f016_m000_proc100.lp,D:\git\git\RDMCT-A3C\cie\data\core\pure41\cie_core_n016_f016_m000_proc100.lp,proposed[stage2_off],0.0,2,0.0,2,0.32023545000265585,2
cie_core_nominal,cie_core_n024_f024_m000_proc100.lp,D:\git\git\RDMCT-A3C\cie\data\core\pure41\cie_core_n024_f024_m000_proc100.lp,proposed[full],200.0,2,0.0,2,2.445665299997927,2
cie_core_nominal,cie_core_n024_f024_m000_proc100.lp,D:\git\git\RDMCT-A3C\cie\data\core\pure41\cie_core_n024_f024_m000_proc100.lp,proposed[linear_off],328.5382824691099,2,0.0,2,3.837231249999604,2
cie_core_nominal,cie_core_n024_f024_m000_proc100.lp,D:\git\git\RDMCT-A3C\cie\data\core\pure41\cie_core_n024_f024_m000_proc100.lp,proposed[stage2_off],350.0,2,0.0,2,3.336211049998383,2
cie_core_nominal,cie_core_n032_f032_m000_proc100.lp,D:\git\git\RDMCT-A3C\cie\data\core\pure41\cie_core_n032_f032_m000_proc100.lp,proposed[full],743.4962814070352,2,0.0,2,7.599410350001563,2
cie_core_nominal,cie_core_n032_f032_m000_proc100.lp,D:\git\git\RDMCT-A3C\cie\data\core\pure41\cie_core_n032_f032_m000_proc100.lp,proposed[linear_off],1132.6611130074548,2,0.0,2,12.310162650006532,2
cie_core_nominal,cie_core_n032_f032_m000_proc100.lp,D:\git\git\RDMCT-A3C\cie\data\core\pure41\cie_core_n032_f032_m000_proc100.lp,proposed[stage2_off],1042.28,2,0.0,2,10.39801274999627,2
cie_core_nominal,cie_core_n008_f000_m008_proc100.lp,D:\git\git\RDMCT-A3C\cie\data\core\spbs\cie_core_n008_f000_m008_proc100.lp,proposed[full],0.0,2,0.0,2,0.4365716499996779,2
cie_core_nominal,cie_core_n008_f000_m008_proc100.lp,D:\git\git\RDMCT-A3C\cie\data\core\spbs\cie_core_n008_f000_m008_proc100.lp,proposed[linear_off],185.5334524412295,2,0.0,2,1.8593539999928907,2
cie_core_nominal,cie_core_n008_f000_m008_proc100.lp,D:\git\git\RDMCT-A3C\cie\data\core\spbs\cie_core_n008_f000_m008_proc100.lp,proposed[stage2_off],46.421432972304146,2,0.0,2,0.5602795499980857,2
cie_core_nominal,cie_core_n008_f002_m006_proc100.lp,D:\git\git\RDMCT-A3C\cie\data\core\spbs\cie_core_n008_f002_m006_proc100.lp,proposed[full],50.333333333333336,2,0.0,2,0.8700239999998303,2
cie_core_nominal,cie_core_n008_f002_m006_proc100.lp,D:\git\git\RDMCT-A3C\cie\data\core\spbs\cie_core_n008_f002_m006_proc100.lp,proposed[linear_off],320.16274566003585,2,0.0,2,3.5480449500028044,2
cie_core_nominal,cie_core_n008_f002_m006_proc100.lp,D:\git\git\RDMCT-A3C\cie\data\core\spbs\cie_core_n008_f002_m006_proc100.lp,proposed[stage2_off],53.82231404958678,2,0.0,2,1.1590933000006771,2
cie_core_nominal,cie_core_n008_f004_m004_proc100.lp,D:\git\git\RDMCT-A3C\cie\data\core\spbs\cie_core_n008_f004_m004_proc100.lp,proposed[full],46.13590900732841,2,0.0,2,0.4067256499984069,2
cie_core_nominal,cie_core_n008_f004_m004_proc100.lp,D:\git\git\RDMCT-A3C\cie\data\core\spbs\cie_core_n008_f004_m004_proc100.lp,proposed[linear_off],188.4267619529836,2,0.0,2,1.6174536500038812,2
cie_core_nominal,cie_core_n008_f004_m004_proc100.lp,D:\git\git\RDMCT-A3C\cie\data\core\spbs\cie_core_n008_f004_m004_proc100.lp,proposed[stage2_off],46.154943938326795,2,0.0,2,0.5322064499996486,2
cie_core_nominal,cie_core_n008_f006_m002_proc100.lp,D:\git\git\RDMCT-A3C\cie\data\core\spbs\cie_core_n008_f006_m002_proc100.lp,proposed[full],1.5587529976019185,2,0.0,2,0.5362472999986494,2
cie_core_nominal,cie_core_n008_f006_m002_proc100.lp,D:\git\git\RDMCT-A3C\cie\data\core\spbs\cie_core_n008_f006_m002_proc100.lp,proposed[linear_off],322.9894329132957,2,0.0,2,3.37574415000563,2
cie_core_nominal,cie_core_n008_f006_m002_proc100.lp,D:\git\git\RDMCT-A3C\cie\data\core\spbs\cie_core_n008_f006_m002_proc100.lp,proposed[stage2_off],2.8776978417266186,2,0.0,2,0.6696356499996909,2
cie_core_nominal,cie_core_n016_f000_m016_proc100.lp,D:\git\git\RDMCT-A3C\cie\data\core\spbs\cie_core_n016_f000_m016_proc100.lp,proposed[full],1443.65012548936,2,0.0,2,27.976858550002362,2
cie_core_nominal,cie_core_n016_f000_m016_proc100.lp,D:\git\git\RDMCT-A3C\cie\data\core\spbs\cie_core_n016_f000_m016_proc100.lp,proposed[linear_off],4152.99795163224,2,0.0,2,46.20737050000753,2
cie_core_nominal,cie_core_n016_f000_m016_proc100.lp,D:\git\git\RDMCT-A3C\cie\data\core\spbs\cie_core_n016_f000_m016_proc100.lp,proposed[stage2_off],1781.4388593371825,2,0.0,2,33.47221874999741,2
cie_core_nominal,cie_core_n016_f004_m012_proc100.lp,D:\git\git\RDMCT-A3C\cie\data\core\spbs\cie_core_n016_f004_m012_proc100.lp,proposed[full],25566.307852132835,2,3.9521181988559317,2,288.3347920499982,2
cie_core_nominal,cie_core_n016_f004_m012_proc100.lp,D:\git\git\RDMCT-A3C\cie\data\core\spbs\cie_core_n016_f004_m012_proc100.lp,proposed[linear_off],5031.940800124034,2,0.0,2,68.84587440000905,2
cie_core_nominal,cie_core_n016_f004_m012_proc100.lp,D:\git\git\RDMCT-A3C\cie\data\core\spbs\cie_core_n016_f004_m012_proc100.lp,proposed[stage2_off],28190.41086296112,2,3.9521181988559317,2,317.7029905499985,2
cie_core_nominal,cie_core_n016_f008_m008_proc100.lp,D:\git\git\RDMCT-A3C\cie\data\core\spbs\cie_core_n016_f008_m008_proc100.lp,proposed[full],1667.212984532302,2,0.0,2,19.84475019999445,2
cie_core_nominal,cie_core_n016_f008_m008_proc100.lp,D:\git\git\RDMCT-A3C\cie\data\core\spbs\cie_core_n016_f008_m008_proc100.lp,proposed[linear_off],255.64313341522848,2,0.0,2,44.75810189999902,2
cie_core_nominal,cie_core_n016_f008_m008_proc100.lp,D:\git\git\RDMCT-A3C\cie\data\core\spbs\cie_core_n016_f008_m008_proc100.lp,proposed[stage2_off],1842.3757357364425,2,0.0,2,22.244102849999763,2
cie_core_nominal,cie_core_n016_f012_m004_proc100.lp,D:\git\git\RDMCT-A3C\cie\data\core\spbs\cie_core_n016_f012_m004_proc100.lp,proposed[full],2503.5853246143643,2,0.0,2,28.027117450001242,2
cie_core_nominal,cie_core_n016_f012_m004_proc100.lp,D:\git\git\RDMCT-A3C\cie\data\core\spbs\cie_core_n016_f012_m004_proc100.lp,proposed[linear_off],4442.9966092128625,2,0.0,2,51.291092700012086,2
cie_core_nominal,cie_core_n016_f012_m004_proc100.lp,D:\git\git\RDMCT-A3C\cie\data\core\spbs\cie_core_n016_f012_m004_proc100.lp,proposed[stage2_off],3128.1882652439417,2,0.0,2,35.358281450000504,2
cie_core_nominal,cie_core_n024_f000_m024_proc100.lp,D:\git\git\RDMCT-A3C\cie\data\core\spbs\cie_core_n024_f000_m024_proc100.lp,proposed[full],42715.3315069191,2,3.7478540870934998,2,539.5258238499991,2
cie_core_nominal,cie_core_n024_f000_m024_proc100.lp,D:\git\git\RDMCT-A3C\cie\data\core\spbs\cie_core_n024_f000_m024_proc100.lp,proposed[linear_off],42721.59399921764,2,3.747854087093531,2,541.3166255499891,2
cie_core_nominal,cie_core_n024_f000_m024_proc100.lp,D:\git\git\RDMCT-A3C\cie\data\core\spbs\cie_core_n024_f000_m024_proc100.lp,proposed[stage2_off],47463.15664105253,2,3.7499995250000073,2,599.5040856000014,2
cie_core_nominal,cie_core_n024_f006_m018_proc100.lp,D:\git\git\RDMCT-A3C\cie\data\core\spbs\cie_core_n024_f006_m018_proc100.lp,proposed[full],42515.07731085152,2,3.6547222192164837,2,539.8182187999992,2
cie_core_nominal,cie_core_n024_f006_m018_proc100.lp,D:\git\git\RDMCT-A3C\cie\data\core\spbs\cie_core_n024_f006_m018_proc100.lp,proposed[linear_off],29580.519254180894,2,1.830451894614437,2,383.7706166999924,2
cie_core_nominal,cie_core_n024_f006_m018_proc100.lp,D:\git\git\RDMCT-A3C\cie\data\core\spbs\cie_core_n024_f006_m018_proc100.lp,proposed[stage2_off],47241.98160579588,2,3.6547222192164837,2,599.8177987000017,2
cie_core_nominal,cie_core_n024_f012_m012_proc100.lp,D:\git\git\RDMCT-A3C\cie\data\core\spbs\cie_core_n024_f012_m012_proc100.lp,proposed[full],42688.757784710295,2,3.745039491675647,2,539.790829550002,2
cie_core_nominal,cie_core_n024_f012_m012_proc100.lp,D:\git\git\RDMCT-A3C\cie\data\core\spbs\cie_core_n024_f012_m012_proc100.lp,proposed[linear_off],42735.0049087502,2,3.749337520651466,2,540.3466963000028,2
cie_core_nominal,cie_core_n024_f012_m012_proc100.lp,D:\git\git\RDMCT-A3C\cie\data\core\spbs\cie_core_n024_f012_m012_proc100.lp,proposed[stage2_off],47447.29308614633,2,3.745039491675647,2,599.7946277500014,2
cie_core_nominal,cie_core_n024_f018_m006_proc100.lp,D:\git\git\RDMCT-A3C\cie\data\core\spbs\cie_core_n024_f018_m006_proc100.lp,proposed[full],24218.95099002271,2,1.8512967237254025,2,429.72979779999514,2
cie_core_nominal,cie_core_n024_f018_m006_proc100.lp,D:\git\git\RDMCT-A3C\cie\data\core\spbs\cie_core_n024_f018_m006_proc100.lp,proposed[linear_off],42689.68978670552,2,3.7089122513582136,2,542.6273072999975,2
cie_core_nominal,cie_core_n024_f018_m006_proc100.lp,D:\git\git\RDMCT-A3C\cie\data\core\spbs\cie_core_n024_f018_m006_proc100.lp,proposed[stage2_off],27571.39060320985,2,1.8512967237254025,2,508.6611712999984,2
cie_core_nominal,cie_core_n032_f000_m032_proc100.lp,D:\git\git\RDMCT-A3C\cie\data\core\spbs\cie_core_n032_f000_m032_proc100.lp,proposed[full],40971.2005911741,2,3.075580987790698,2,538.3897813999938,2
cie_core_nominal,cie_core_n032_f000_m032_proc100.lp,D:\git\git\RDMCT-A3C\cie\data\core\spbs\cie_core_n032_f000_m032_proc100.lp,proposed[linear_off],41416.31760279316,2,3.182579794495009,2,540.5876647999976,2
cie_core_nominal,cie_core_n032_f000_m032_proc100.lp,D:\git\git\RDMCT-A3C\cie\data\core\spbs\cie_core_n032_f000_m032_proc100.lp,proposed[stage2_off],45613.40643220092,2,3.075580987790698,2,599.9256409000045,2
cie_core_nominal,cie_core_n032_f008_m024_proc100.lp,D:\git\git\RDMCT-A3C\cie\data\core\spbs\cie_core_n032_f008_m024_proc100.lp,proposed[full],41309.51846466558,2,3.1759354973129117,2,539.8255893999994,2
cie_core_nominal,cie_core_n032_f008_m024_proc100.lp,D:\git\git\RDMCT-A3C\cie\data\core\spbs\cie_core_n032_f008_m024_proc100.lp,proposed[linear_off],41499.01048711322,2,3.0653572372858955,2,539.422233000012,2
cie_core_nominal,cie_core_n032_f008_m024_proc100.lp,D:\git\git\RDMCT-A3C\cie\data\core\spbs\cie_core_n032_f008_m024_proc100.lp,proposed[stage2_off],45980.8830488729,2,3.1759354973129117,2,599.7005234999997,2
cie_core_nominal,cie_core_n032_f016_m016_proc100.lp,D:\git\git\RDMCT-A3C\cie\data\core\spbs\cie_core_n032_f016_m016_proc100.lp,proposed[full],41658.714885700305,2,3.250204454443728,2,539.7474986500056,2
cie_core_nominal,cie_core_n032_f016_m016_proc100.lp,D:\git\git\RDMCT-A3C\cie\data\core\spbs\cie_core_n032_f016_m016_proc100.lp,proposed[linear_off],41732.764076825806,2,3.240782375534203,2,543.1056628499937,2
cie_core_nominal,cie_core_n032_f016_m016_proc100.lp,D:\git\git\RDMCT-A3C\cie\data\core\spbs\cie_core_n032_f016_m016_proc100.lp,proposed[stage2_off],46320.341000079745,2,3.250204454443728,2,599.684794300003,2
cie_core_nominal,cie_core_n032_f024_m008_proc100.lp,D:\git\git\RDMCT-A3C\cie\data\core\spbs\cie_core_n032_f024_m008_proc100.lp,proposed[full],42019.43769875783,2,3.306843395814999,2,539.7862315499988,2
cie_core_nominal,cie_core_n032_f024_m008_proc100.lp,D:\git\git\RDMCT-A3C\cie\data\core\spbs\cie_core_n032_f024_m008_proc100.lp,proposed[linear_off],42127.79865352188,2,3.3244579773403373,2,542.3573671000049,2
cie_core_nominal,cie_core_n032_f024_m008_proc100.lp,D:\git\git\RDMCT-A3C\cie\data\core\spbs\cie_core_n032_f024_m008_proc100.lp,proposed[stage2_off],46737.43566851293,2,3.308595166027462,2,599.6460200499969,2
