"Algorithm","Hash","Path"
"SHA256","268C591B4E57D8C9F14288693D8C6DED915D549AE1FF676B052CD2EED9C04D31","D:\git\git\RDMCT-A3C\cie\data\core\pure41\cie_core_n008_f008_m000_proc090.lp"
"SHA256","1522E910FE272D70E2CEB7CC3D49F37AFE6F15F1EF5C6BD6FDE939094EB0269D","D:\git\git\RDMCT-A3C\cie\data\core\pure41\cie_core_n008_f008_m000_proc100.lp"
"SHA256","738409529EE4DD1A1EB88E41B656F9791549C9D5792ECF921AF31B6F2A464223","D:\git\git\RDMCT-A3C\cie\data\core\pure41\cie_core_n008_f008_m000_proc110.lp"
"SHA256","7F5BA05FB3D00D49922221F4FF04990943B956B712C65425A0B4CAA3E6A90C17","D:\git\git\RDMCT-A3C\cie\data\core\pure41\cie_core_n016_f016_m000_proc090.lp"
"SHA256","97C8FFD4D89187642233298E2B32B17428D47D8EB058BA61DDECDDCA68D54393","D:\git\git\RDMCT-A3C\cie\data\core\pure41\cie_core_n016_f016_m000_proc100.lp"
"SHA256","132AD384D40D03D4AE5B2DD007BDEA57A127B8FEE2D1E0C8C509C8C5C3BEC20A","D:\git\git\RDMCT-A3C\cie\data\core\pure41\cie_core_n016_f016_m000_proc110.lp"
"SHA256","D792EF7C772F1A2C85D22F9AA0A747CDFA039E4E07B2080727F30D9D32E3EE8E","D:\git\git\RDMCT-A3C\cie\data\core\pure41\cie_core_n024_f024_m000_proc090.lp"
"SHA256","16DEC2F0F7D382F2F4B3FA8361B9677A9DC08144AFF1BE5321BB3246C17AB1F8","D:\git\git\RDMCT-A3C\cie\data\core\pure41\cie_core_n024_f024_m000_proc100.lp"
"SHA256","557A86B5B5CCB49AFA324AF669D00ED1B81F16BABD3E7AFEF63191FF9EFD60B9","D:\git\git\RDMCT-A3C\cie\data\core\pure41\cie_core_n024_f024_m000_proc110.lp"
"SHA256","F3443C7247600B47DE5301544C0A658886B337E121F4147F3983421726851DC9","D:\git\git\RDMCT-A3C\cie\data\core\pure41\cie_core_n032_f032_m000_proc090.lp"
"SHA256","8F3CB19798ED7309AABA2B23AD9F23E66AD9A84C77E5C1FD5560D05865AAB77D","D:\git\git\RDMCT-A3C\cie\data\core\pure41\cie_core_n032_f032_m000_proc100.lp"
"SHA256","BDB55B7517F4EAECE388F527F98C5B8642071C862FAA174DFBF12DDFB4898D2E","D:\git\git\RDMCT-A3C\cie\data\core\pure41\cie_core_n032_f032_m000_proc110.lp"
"SHA256","9DDA2EA090F0DEBB9AED664969440612DBE53077B12D22DCD5675F86F20B6605","D:\git\git\RDMCT-A3C\cie\data\core\spbs\cie_core_n008_f000_m008_proc090.lp"
"SHA256","4F77D5D8A9696DA0E8E69D11A444D43E27BC60BBFBBF83B82E8BB7D75ECF71E7","D:\git\git\RDMCT-A3C\cie\data\core\spbs\cie_core_n008_f000_m008_proc100.lp"
"SHA256","E38E8708D3F213332BA0578FFD521C80FA5B26309052D8BFC3DE177D27F3C069","D:\git\git\RDMCT-A3C\cie\data\core\spbs\cie_core_n008_f000_m008_proc110.lp"
"SHA256","96E97186C5681133E744635B7D8A6BFD5A0BD16F5C324C0BE871351CA72318BB","D:\git\git\RDMCT-A3C\cie\data\core\spbs\cie_core_n008_f002_m006_proc090.lp"
"SHA256","B3FD2AED56D2E2B1BF3FD806BCE95B8F5EF36F80C75560300D20245649E313C3","D:\git\git\RDMCT-A3C\cie\data\core\spbs\cie_core_n008_f002_m006_proc100.lp"
"SHA256","35D0DC1EA1B66415D239964A1B793D3B06021D54C69C6DD1FA5BDF074B19E30A","D:\git\git\RDMCT-A3C\cie\data\core\spbs\cie_core_n008_f002_m006_proc110.lp"
"SHA256","468914EEA22982755721AF44E7D8591AE027047720870608179C4B7E987D1368","D:\git\git\RDMCT-A3C\cie\data\core\spbs\cie_core_n008_f004_m004_proc090.lp"
"SHA256","3861A02A6B5ADDD630FE753D734F3F892CA49E6881C5001096CE20190ACBEFD9","D:\git\git\RDMCT-A3C\cie\data\core\spbs\cie_core_n008_f004_m004_proc100.lp"
"SHA256","1A08435FA1FF81E63C7B1B0541E4444D730E3C6F5C7CA0AD07804F6C6F7589AF","D:\git\git\RDMCT-A3C\cie\data\core\spbs\cie_core_n008_f004_m004_proc110.lp"
"SHA256","B300F5EC41FE9970BBE6517A613B0ECD1E5DFA1795EBFF5E454EE97B75A5E1A5","D:\git\git\RDMCT-A3C\cie\data\core\spbs\cie_core_n008_f006_m002_proc090.lp"
"SHA256","BD2010A62095505765E21107D6F2F02CD2368B2B394E66F7A057ECB4145FFE6F","D:\git\git\RDMCT-A3C\cie\data\core\spbs\cie_core_n008_f006_m002_proc100.lp"
"SHA256","BB7C46A11693D95C47CD8239A074B06D6893111E57E448B3CD7E6D90E8E8D80E","D:\git\git\RDMCT-A3C\cie\data\core\spbs\cie_core_n008_f006_m002_proc110.lp"
"SHA256","7EBCAFFCD269FEAE4E35BD63149ADA187A3386B6B7AE9D14A1C76851E218F5DA","D:\git\git\RDMCT-A3C\cie\data\core\spbs\cie_core_n016_f000_m016_proc090.lp"
"SHA256","41707A528CF08240E6AA1234B45F08CB84647064C8DED8739EE64162C5FC20DE","D:\git\git\RDMCT-A3C\cie\data\core\spbs\cie_core_n016_f000_m016_proc100.lp"
"SHA256","EDF3796D5A24F0B4297EAEE5D0CEA65B530181FA08E5CBBAD46EA3A19015E0DE","D:\git\git\RDMCT-A3C\cie\data\core\spbs\cie_core_n016_f000_m016_proc110.lp"
"SHA256","F5D5EBF801B089DE8EFAE2FE0E5AD1D1837EE5EFF0094826BF14F4EDF1E232E9","D:\git\git\RDMCT-A3C\cie\data\core\spbs\cie_core_n016_f004_m012_proc090.lp"
"SHA256","F49880CF254E13C09FA810DD656E82BC0A3BBE7B94C38EB635887D1491E49F23","D:\git\git\RDMCT-A3C\cie\data\core\spbs\cie_core_n016_f004_m012_proc100.lp"
"SHA256","9D8C4D88B3E46B1AA8EA135D3EEB59ECE8A32CDCF0B19543DF23A4B099466AB2","D:\git\git\RDMCT-A3C\cie\data\core\spbs\cie_core_n016_f004_m012_proc110.lp"
"SHA256","92609352D40925838F5758DC593E93A444065A55C985ED5C6199F0A3C771B592","D:\git\git\RDMCT-A3C\cie\data\core\spbs\cie_core_n016_f008_m008_proc090.lp"
"SHA256","9B9B31479407E39AD53CB14BA448B2D330BAA12CD190737FDF1A40BAA49122C9","D:\git\git\RDMCT-A3C\cie\data\core\spbs\cie_core_n016_f008_m008_proc100.lp"
"SHA256","1BCA5559BD457B1927B71F31BBCB5310ECD7CD1B13C740A8B1F63FE97ADFCC81","D:\git\git\RDMCT-A3C\cie\data\core\spbs\cie_core_n016_f008_m008_proc110.lp"
"SHA256","7BE9693AA815FE501E50BBE687816E5DAB0FCEE7701562D9554B8C3AA53B7E1A","D:\git\git\RDMCT-A3C\cie\data\core\spbs\cie_core_n016_f012_m004_proc090.lp"
"SHA256","A9B3DA1785529BE0F4E54CFE2753B94F8C69913F288CF8CCB357BBE25DA72101","D:\git\git\RDMCT-A3C\cie\data\core\spbs\cie_core_n016_f012_m004_proc100.lp"
"SHA256","884EEE8EDCA62D60ACA449D0C1D21DE847024DE7BD7735C838DD70D47D9D8FDC","D:\git\git\RDMCT-A3C\cie\data\core\spbs\cie_core_n016_f012_m004_proc110.lp"
"SHA256","04F9753BB284578C90F5A67DCC5C615EF66F763AD092DFAE8980D4EE2188B225","D:\git\git\RDMCT-A3C\cie\data\core\spbs\cie_core_n024_f000_m024_proc090.lp"
"SHA256","F70A48DDBE385EE4D0601C0C6FDD604E577C73D9678A0715BA2DB2D1E85BB5BD","D:\git\git\RDMCT-A3C\cie\data\core\spbs\cie_core_n024_f000_m024_proc100.lp"
"SHA256","7CE6B58A1D216BDAEE7FF984391F89A93B46AC9CA0A70F402F2BC217DA296A36","D:\git\git\RDMCT-A3C\cie\data\core\spbs\cie_core_n024_f000_m024_proc110.lp"
"SHA256","E3882A488D6C54A54806BDEEB9145D34ADD77EF768EB6247EE1512A2B8D1AA8A","D:\git\git\RDMCT-A3C\cie\data\core\spbs\cie_core_n024_f006_m018_proc090.lp"
"SHA256","A0FDFC330BF3A052C49995E6A36CD613C85B956700B74D1A513ADF8C09C1D3B0","D:\git\git\RDMCT-A3C\cie\data\core\spbs\cie_core_n024_f006_m018_proc100.lp"
"SHA256","D804AD975E39D64404BE617EDEDA0F29788995BF64280E5D81735CC213CA3F9E","D:\git\git\RDMCT-A3C\cie\data\core\spbs\cie_core_n024_f006_m018_proc110.lp"
"SHA256","AA348816F0726A65D53A0D20069CACB13F47599A4B2A33EA3D82EEFFA221A52B","D:\git\git\RDMCT-A3C\cie\data\core\spbs\cie_core_n024_f012_m012_proc090.lp"
"SHA256","560BA18CD0EA2138C072DAC152637A46699DA7FA110AEADDA0B9180DED8E48B5","D:\git\git\RDMCT-A3C\cie\data\core\spbs\cie_core_n024_f012_m012_proc100.lp"
"SHA256","3878512612A28C032AE09834575BBC7F8E007CAF09CCA948FEB62EFA425B6BDB","D:\git\git\RDMCT-A3C\cie\data\core\spbs\cie_core_n024_f012_m012_proc110.lp"
"SHA256","9FD12C5933C896EA8D9AA5B9E73E6D92756C62FA04071709048C5120B5CA5768","D:\git\git\RDMCT-A3C\cie\data\core\spbs\cie_core_n024_f018_m006_proc090.lp"
"SHA256","323D3331DAC3FD4BC4BF492977BDFC89C591C8DAD88F20687D9D9CD5F44B3429","D:\git\git\RDMCT-A3C\cie\data\core\spbs\cie_core_n024_f018_m006_proc100.lp"
"SHA256","FB28CFD6BB2F9EC434527597271C9F805952318356D3941222CC272A5A31A8D0","D:\git\git\RDMCT-A3C\cie\data\core\spbs\cie_core_n024_f018_m006_proc110.lp"
"SHA256","E13BE3CAF812291A608C5F5D4E694FF7CD035F4744F09E0E8E9C7E4360913077","D:\git\git\RDMCT-A3C\cie\data\core\spbs\cie_core_n032_f000_m032_proc090.lp"
"SHA256","F448E598CAD5A2EC3DFF9671BD4A3553EC1A3DCD06ABCA8E5EECD438103BDEB1","D:\git\git\RDMCT-A3C\cie\data\core\spbs\cie_core_n032_f000_m032_proc100.lp"
"SHA256","EB46ACB52DEDA4FB022C340C268C4C9E68377A620227C7D340C998E1B6313D1D","D:\git\git\RDMCT-A3C\cie\data\core\spbs\cie_core_n032_f000_m032_proc110.lp"
"SHA256","B964CE8039075982D6997B209E563B9F56E8B56B1CE3FC3C86AC0A41E470E7C8","D:\git\git\RDMCT-A3C\cie\data\core\spbs\cie_core_n032_f008_m024_proc090.lp"
"SHA256","1A64CD1567189D53115ACD8038A562171648615DD75AFA6EFFD99B1DAE9B9EC2","D:\git\git\RDMCT-A3C\cie\data\core\spbs\cie_core_n032_f008_m024_proc100.lp"
"SHA256","B122979BDC4FC4BAC171A11EB43EC03CA0908F5B91AA7D6AC06DBE5A29DECF7F","D:\git\git\RDMCT-A3C\cie\data\core\spbs\cie_core_n032_f008_m024_proc110.lp"
"SHA256","0631A369407A540DEE200F3D4C6DE5A7506E44DF79798784257FF00287814EF4","D:\git\git\RDMCT-A3C\cie\data\core\spbs\cie_core_n032_f016_m016_proc090.lp"
"SHA256","FDDBA879FFE40B5D475CD30143D89EDE5B2D6E9E8BBE159DDFA6E7E52D6C584F","D:\git\git\RDMCT-A3C\cie\data\core\spbs\cie_core_n032_f016_m016_proc100.lp"
"SHA256","0A5B83C88ECF79B58917FDD609FD7AD252F227FDE1802999278F7CB3F2DD85A9","D:\git\git\RDMCT-A3C\cie\data\core\spbs\cie_core_n032_f016_m016_proc110.lp"
"SHA256","B3D8BBC187BDC6BFF93DEB1943C04478F20D8BE1AC0867FD3DE5160C3FD41B61","D:\git\git\RDMCT-A3C\cie\data\core\spbs\cie_core_n032_f024_m008_proc090.lp"
"SHA256","D4B833C2C0115B13FFC3A038C5A0F00016BC90D51319D73ADE78C26673EE6CD2","D:\git\git\RDMCT-A3C\cie\data\core\spbs\cie_core_n032_f024_m008_proc100.lp"
"SHA256","3834C7EC6E792EB98B624CAD10C29790A48DD126E3F0C355F3BAA457D0CCCE33","D:\git\git\RDMCT-A3C\cie\data\core\spbs\cie_core_n032_f024_m008_proc110.lp"
"SHA256","3ED143F0DCB5D3599E436222C7D28949C60432994E5CC7C296ED905805975B2A","D:\git\git\RDMCT-A3C\cie\data\ood\spbs\cie_ood_n040_f010_m030_proc100.lp"
"SHA256","B1CB2B2541E46307D7728374AF6E14F655B6A31A6ACD3776ECA55295A12CAF19","D:\git\git\RDMCT-A3C\cie\data\ood\spbs\cie_ood_n040_f020_m020_proc100.lp"
"SHA256","AC3853BF33085DF5CB89B07CA7FE70CC95F1A891F033EBF93F996E06EFB52B92","D:\git\git\RDMCT-A3C\cie\data\ood\spbs\cie_ood_n040_f030_m010_proc100.lp"
"SHA256","21A313BED281CFDC8BDA9C617E055E99120E8F47D6A6E541D913BF46F52805E5","D:\git\git\RDMCT-A3C\cie\data\ood\spbs\cie_ood_n048_f012_m036_proc100.lp"
"SHA256","37B92EEBECF389DEA264EB084AE4D7B0ACA613818BFFD281A9A158B6C9909962","D:\git\git\RDMCT-A3C\cie\data\ood\spbs\cie_ood_n048_f024_m024_proc100.lp"
"SHA256","5F21782FE74CBD8D26A430191BEF55F4801849D797ECDEDEA5192C16200E4F39","D:\git\git\RDMCT-A3C\cie\data\ood\spbs\cie_ood_n048_f036_m012_proc100.lp"
"SHA256","A83E88F2BB7CD2E2AF34CBA9262E7185036F42D862EBE5C9A55268ECBC0E3D15","D:\git\git\RDMCT-A3C\cie\data\ood\spbs\cie_ood_n064_f016_m048_proc100.lp"
"SHA256","0D3545BD7EA96711C763AEF50E532943B5B1635F0EC061A40190A506B689EAB0","D:\git\git\RDMCT-A3C\cie\data\ood\spbs\cie_ood_n064_f032_m032_proc100.lp"
"SHA256","B1C42FACD05B1659BF30A24D07BA2A3E178A8434E153E3A0AD106C49D72EF536","D:\git\git\RDMCT-A3C\cie\data\ood\spbs\cie_ood_n064_f048_m016_proc100.lp"
"SHA256","8E2ED4B1C3F0AA301595FE7AF268DB6AAB180B9C06541A5EE000B31E015F91A3","D:\git\git\RDMCT-A3C\cie\data\policy_training\test\petri_f12_m12_20260710.lp"
"SHA256","9A5DCA4CD6372C589395BEE3FA76F7740C1E7239E01E6BACDFE64EE8C500746E","D:\git\git\RDMCT-A3C\cie\data\policy_training\test\petri_f16_m16_20260710.lp"
"SHA256","B4EF668CD7CDC7DF62E330DBACD2066F10677C751B7FD86C26E66D2FF3A80306","D:\git\git\RDMCT-A3C\cie\data\policy_training\test\petri_f16_m8_20260710.lp"
"SHA256","FDADF86DDA3DF01D1E40C9CFEC0AE35049AB627A3FC681D4B165AB26F5DA1CEF","D:\git\git\RDMCT-A3C\cie\data\policy_training\test\petri_f8_m16_20260710.lp"
"SHA256","FC40D7773D2AC77481E1F8094A8189A6D47147031B490A09B2FDF745ACF50EA0","D:\git\git\RDMCT-A3C\cie\data\policy_training\train\petri_f0_m4_20260710.lp"
"SHA256","923334A785C2D1A0D5609728FA70704A6B3DD9787644C10A10015E44272E8177","D:\git\git\RDMCT-A3C\cie\data\policy_training\train\petri_f4_m0_20260710.lp"
"SHA256","BC87FFC5B340FF374C3B1ADAF02AA0A0B4A5253F56A957157A12F0DB2C9AFDFD","D:\git\git\RDMCT-A3C\cie\data\policy_training\train\petri_f4_m4_20260710.lp"
"SHA256","F31C61BD9D7FCFE62CC6B0609B76E165E2DE3F20142E91B8EFA6E3C057FE1B20","D:\git\git\RDMCT-A3C\cie\data\policy_training\train\petri_f4_m8_20260710.lp"
"SHA256","C03A9947E5801B8B7692B4FA75741AE0A552DFB8DDBC5D1EED1FB57E4206125F","D:\git\git\RDMCT-A3C\cie\data\policy_training\train\petri_f8_m4_20260710.lp"
"SHA256","67164504166CDBF7C7402F1D1FD0E431397DFF28F68224110302CB782AA6E8A9","D:\git\git\RDMCT-A3C\cie\data\sensitivity\spbs\cie_sensitivity_n024_f012_m012_clean03.lp"
"SHA256","261D3A19BF0A28C993E2E71269DA446A49FE9D71137AE0BD81E050BB315BDC0E","D:\git\git\RDMCT-A3C\cie\data\sensitivity\spbs\cie_sensitivity_n024_f012_m012_clean10.lp"
"SHA256","FBD5252A3715345FE417E133DFC9375F91445F9AED3DE1E678496E811F5001D2","D:\git\git\RDMCT-A3C\cie\data\sensitivity\spbs\cie_sensitivity_n024_f012_m012_motion080.lp"
"SHA256","8C022A5F50505F3744DBED190EF24337847E1FC78ADBEA8366BFA8D5C7ED481C","D:\git\git\RDMCT-A3C\cie\data\sensitivity\spbs\cie_sensitivity_n024_f012_m012_motion120.lp"
"SHA256","560BA18CD0EA2138C072DAC152637A46699DA7FA110AEADDA0B9180DED8E48B5","D:\git\git\RDMCT-A3C\cie\data\sensitivity\spbs\cie_sensitivity_n024_f012_m012_nominal.lp"
"SHA256","A95AB6ED8EAC9FB5F459B05DC1F202E8E1D7143D349E3D6A9E3939BA0B4FE578","D:\git\git\RDMCT-A3C\cie\data\sensitivity\spbs\cie_sensitivity_n024_f012_m012_pec10.lp"
"SHA256","E818A3D8706238BC0510A7D4409E369BBE47ECEB03B07225A71D46E55416D17B","D:\git\git\RDMCT-A3C\cie\data\sensitivity\spbs\cie_sensitivity_n024_f012_m012_process080.lp"
"SHA256","894EC4364C3996E2330D6C61614161F60943341073F9745247D313369651F50D","D:\git\git\RDMCT-A3C\cie\data\sensitivity\spbs\cie_sensitivity_n024_f012_m012_process120.lp"
"SHA256","CF8CC9CCB4999B1E6B67362323EF5749D6C496ECC70827CAF00C74738EDCC315","D:\git\git\RDMCT-A3C\cie\data\validation\pure41\cie_validation_n004_f004_m000_proc100.lp"
"SHA256","8D62918967461F4DB044983C07D576ADDFD4CA7120A4D9BD12DC0014BD8AEED0","D:\git\git\RDMCT-A3C\cie\data\validation\spbs\cie_validation_n004_f000_m004_proc100.lp"
"SHA256","3861A02A6B5ADDD630FE753D734F3F892CA49E6881C5001096CE20190ACBEFD9","D:\git\git\RDMCT-A3C\cie\data\validation\spbs\cie_validation_n008_f004_m004_proc100.lp"
"SHA256","9B9B31479407E39AD53CB14BA448B2D330BAA12CD190737FDF1A40BAA49122C9","D:\git\git\RDMCT-A3C\cie\data\validation\spbs\cie_validation_n016_f008_m008_proc100.lp"
