response,suite,instance,path,wafer_count,recipe_mix,process_scale,observed,fitted,residual,leverage,standardized_residual,cooks_distance
failure_rate,cie_core,cie_core_n008_f008_m000_proc090.lp,D:\git\git\RDMCT-A3C\cie\data\core\pure41\cie_core_n008_f008_m000_proc090.lp,8,pure41,0.9,0.0,0.0,0.0,0.5999999999999888,0.0,0.0
failure_rate,cie_core,cie_core_n008_f008_m000_proc100.lp,D:\git\git\RDMCT-A3C\cie\data\core\pure41\cie_core_n008_f008_m000_proc100.lp,8,pure41,1.0,0.0,0.0,0.0,0.6000000000000056,0.0,0.0
failure_rate,cie_core,cie_core_n008_f008_m000_proc110.lp,D:\git\git\RDMCT-A3C\cie\data\core\pure41\cie_core_n008_f008_m000_proc110.lp,8,pure41,1.1,0.0,0.0,0.0,0.6000000000000043,0.0,0.0
failure_rate,cie_core,cie_core_n016_f016_m000_proc090.lp,D:\git\git\RDMCT-A3C\cie\data\core\pure41\cie_core_n016_f016_m000_proc090.lp,16,pure41,0.9,0.0,0.0,0.0,0.6000000000000036,0.0,0.0
failure_rate,cie_core,cie_core_n016_f016_m000_proc100.lp,D:\git\git\RDMCT-A3C\cie\data\core\pure41\cie_core_n016_f016_m000_proc100.lp,16,pure41,1.0,0.0,0.0,0.0,0.5999999999999996,0.0,0.0
failure_rate,cie_core,cie_core_n016_f016_m000_proc110.lp,D:\git\git\RDMCT-A3C\cie\data\core\pure41\cie_core_n016_f016_m000_proc110.lp,16,pure41,1.1,0.0,0.0,0.0,0.5999999999999989,0.0,0.0
failure_rate,cie_core,cie_core_n024_f024_m000_proc090.lp,D:\git\git\RDMCT-A3C\cie\data\core\pure41\cie_core_n024_f024_m000_proc090.lp,24,pure41,0.9,0.0,0.0,0.0,0.6000000000000016,0.0,0.0
failure_rate,cie_core,cie_core_n024_f024_m000_proc100.lp,D:\git\git\RDMCT-A3C\cie\data\core\pure41\cie_core_n024_f024_m000_proc100.lp,24,pure41,1.0,0.0,0.0,0.0,0.5999999999999996,0.0,0.0
failure_rate,cie_core,cie_core_n024_f024_m000_proc110.lp,D:\git\git\RDMCT-A3C\cie\data\core\pure41\cie_core_n024_f024_m000_proc110.lp,24,pure41,1.1,0.0,0.0,0.0,0.6000000000000003,0.0,0.0
failure_rate,cie_core,cie_core_n032_f032_m000_proc090.lp,D:\git\git\RDMCT-A3C\cie\data\core\pure41\cie_core_n032_f032_m000_proc090.lp,32,pure41,0.9,0.0,0.0,0.0,0.5999999999999981,0.0,0.0
failure_rate,cie_core,cie_core_n032_f032_m000_proc100.lp,D:\git\git\RDMCT-A3C\cie\data\core\pure41\cie_core_n032_f032_m000_proc100.lp,32,pure41,1.0,0.0,0.0,0.0,0.6000000000000006,0.0,0.0
failure_rate,cie_core,cie_core_n032_f032_m000_proc110.lp,D:\git\git\RDMCT-A3C\cie\data\core\pure41\cie_core_n032_f032_m000_proc110.lp,32,pure41,1.1,0.0,0.0,0.0,0.6000000000000009,0.0,0.0
failure_rate,cie_core,cie_core_n008_f000_m008_proc090.lp,D:\git\git\RDMCT-A3C\cie\data\core\spbs\cie_core_n008_f000_m008_proc090.lp,8,pure22,0.9,0.0,0.0,0.0,0.5999999999999984,0.0,0.0
failure_rate,cie_core,cie_core_n008_f000_m008_proc100.lp,D:\git\git\RDMCT-A3C\cie\data\core\spbs\cie_core_n008_f000_m008_proc100.lp,8,pure22,1.0,0.0,0.0,0.0,0.6000000000000003,0.0,0.0
failure_rate,cie_core,cie_core_n008_f000_m008_proc110.lp,D:\git\git\RDMCT-A3C\cie\data\core\spbs\cie_core_n008_f000_m008_proc110.lp,8,pure22,1.1,0.0,0.0,0.0,0.6000000000000003,0.0,0.0
failure_rate,cie_core,cie_core_n008_f002_m006_proc090.lp,D:\git\git\RDMCT-A3C\cie\data\core\spbs\cie_core_n008_f002_m006_proc090.lp,8,1to3,0.9,0.0,0.0,0.0,0.5999999999999985,0.0,0.0
failure_rate,cie_core,cie_core_n008_f002_m006_proc100.lp,D:\git\git\RDMCT-A3C\cie\data\core\spbs\cie_core_n008_f002_m006_proc100.lp,8,1to3,1.0,0.0,0.0,0.0,0.6000000000000002,0.0,0.0
failure_rate,cie_core,cie_core_n008_f002_m006_proc110.lp,D:\git\git\RDMCT-A3C\cie\data\core\spbs\cie_core_n008_f002_m006_proc110.lp,8,1to3,1.1,0.0,0.0,0.0,0.5999999999999999,0.0,0.0
failure_rate,cie_core,cie_core_n008_f004_m004_proc090.lp,D:\git\git\RDMCT-A3C\cie\data\core\spbs\cie_core_n008_f004_m004_proc090.lp,8,1to1,0.9,0.0,0.0,0.0,0.6000000000000006,0.0,0.0
failure_rate,cie_core,cie_core_n008_f004_m004_proc100.lp,D:\git\git\RDMCT-A3C\cie\data\core\spbs\cie_core_n008_f004_m004_proc100.lp,8,1to1,1.0,0.0,0.0,0.0,0.6000000000000003,0.0,0.0
failure_rate,cie_core,cie_core_n008_f004_m004_proc110.lp,D:\git\git\RDMCT-A3C\cie\data\core\spbs\cie_core_n008_f004_m004_proc110.lp,8,1to1,1.1,0.0,0.0,0.0,0.6000000000000005,0.0,0.0
failure_rate,cie_core,cie_core_n008_f006_m002_proc090.lp,D:\git\git\RDMCT-A3C\cie\data\core\spbs\cie_core_n008_f006_m002_proc090.lp,8,3to1,0.9,0.0,0.0,0.0,0.599999999999998,0.0,0.0
failure_rate,cie_core,cie_core_n008_f006_m002_proc100.lp,D:\git\git\RDMCT-A3C\cie\data\core\spbs\cie_core_n008_f006_m002_proc100.lp,8,3to1,1.0,0.0,0.0,0.0,0.6,0.0,0.0
failure_rate,cie_core,cie_core_n008_f006_m002_proc110.lp,D:\git\git\RDMCT-A3C\cie\data\core\spbs\cie_core_n008_f006_m002_proc110.lp,8,3to1,1.1,0.0,0.0,0.0,0.6000000000000005,0.0,0.0
failure_rate,cie_core,cie_core_n016_f000_m016_proc090.lp,D:\git\git\RDMCT-A3C\cie\data\core\spbs\cie_core_n016_f000_m016_proc090.lp,16,pure22,0.9,0.0,0.0,0.0,0.599999999999999,0.0,0.0
failure_rate,cie_core,cie_core_n016_f000_m016_proc100.lp,D:\git\git\RDMCT-A3C\cie\data\core\spbs\cie_core_n016_f000_m016_proc100.lp,16,pure22,1.0,0.0,0.0,0.0,0.6000000000000005,0.0,0.0
failure_rate,cie_core,cie_core_n016_f000_m016_proc110.lp,D:\git\git\RDMCT-A3C\cie\data\core\spbs\cie_core_n016_f000_m016_proc110.lp,16,pure22,1.1,0.0,0.0,0.0,0.6000000000000005,0.0,0.0
failure_rate,cie_core,cie_core_n016_f004_m012_proc090.lp,D:\git\git\RDMCT-A3C\cie\data\core\spbs\cie_core_n016_f004_m012_proc090.lp,16,1to3,0.9,0.0,0.0,0.0,0.5999999999999998,0.0,0.0
failure_rate,cie_core,cie_core_n016_f004_m012_proc100.lp,D:\git\git\RDMCT-A3C\cie\data\core\spbs\cie_core_n016_f004_m012_proc100.lp,16,1to3,1.0,0.0,0.0,0.0,0.6000000000000008,0.0,0.0
failure_rate,cie_core,cie_core_n016_f004_m012_proc110.lp,D:\git\git\RDMCT-A3C\cie\data\core\spbs\cie_core_n016_f004_m012_proc110.lp,16,1to3,1.1,0.0,0.0,0.0,0.6000000000000003,0.0,0.0
failure_rate,cie_core,cie_core_n016_f008_m008_proc090.lp,D:\git\git\RDMCT-A3C\cie\data\core\spbs\cie_core_n016_f008_m008_proc090.lp,16,1to1,0.9,0.0,0.0,0.0,0.5999999999999989,0.0,0.0
failure_rate,cie_core,cie_core_n016_f008_m008_proc100.lp,D:\git\git\RDMCT-A3C\cie\data\core\spbs\cie_core_n016_f008_m008_proc100.lp,16,1to1,1.0,0.0,0.0,0.0,0.6000000000000003,0.0,0.0
failure_rate,cie_core,cie_core_n016_f008_m008_proc110.lp,D:\git\git\RDMCT-A3C\cie\data\core\spbs\cie_core_n016_f008_m008_proc110.lp,16,1to1,1.1,0.0,0.0,0.0,0.6000000000000001,0.0,0.0
failure_rate,cie_core,cie_core_n016_f012_m004_proc090.lp,D:\git\git\RDMCT-A3C\cie\data\core\spbs\cie_core_n016_f012_m004_proc090.lp,16,3to1,0.9,0.0,0.0,0.0,0.6000000000000001,0.0,0.0
failure_rate,cie_core,cie_core_n016_f012_m004_proc100.lp,D:\git\git\RDMCT-A3C\cie\data\core\spbs\cie_core_n016_f012_m004_proc100.lp,16,3to1,1.0,0.0,0.0,0.0,0.6000000000000008,0.0,0.0
failure_rate,cie_core,cie_core_n016_f012_m004_proc110.lp,D:\git\git\RDMCT-A3C\cie\data\core\spbs\cie_core_n016_f012_m004_proc110.lp,16,3to1,1.1,0.0,0.0,0.0,0.6000000000000006,0.0,0.0
failure_rate,cie_core,cie_core_n024_f000_m024_proc090.lp,D:\git\git\RDMCT-A3C\cie\data\core\spbs\cie_core_n024_f000_m024_proc090.lp,24,pure22,0.9,0.0,0.0,0.0,0.5999999999999994,0.0,0.0
failure_rate,cie_core,cie_core_n024_f000_m024_proc100.lp,D:\git\git\RDMCT-A3C\cie\data\core\spbs\cie_core_n024_f000_m024_proc100.lp,24,pure22,1.0,0.0,0.0,0.0,0.6000000000000003,0.0,0.0
failure_rate,cie_core,cie_core_n024_f000_m024_proc110.lp,D:\git\git\RDMCT-A3C\cie\data\core\spbs\cie_core_n024_f000_m024_proc110.lp,24,pure22,1.1,0.0,0.0,0.0,0.6000000000000001,0.0,0.0
failure_rate,cie_core,cie_core_n024_f006_m018_proc090.lp,D:\git\git\RDMCT-A3C\cie\data\core\spbs\cie_core_n024_f006_m018_proc090.lp,24,1to3,0.9,0.0,0.0,0.0,0.5999999999999994,0.0,0.0
failure_rate,cie_core,cie_core_n024_f006_m018_proc100.lp,D:\git\git\RDMCT-A3C\cie\data\core\spbs\cie_core_n024_f006_m018_proc100.lp,24,1to3,1.0,0.0,0.0,0.0,0.6000000000000005,0.0,0.0
failure_rate,cie_core,cie_core_n024_f006_m018_proc110.lp,D:\git\git\RDMCT-A3C\cie\data\core\spbs\cie_core_n024_f006_m018_proc110.lp,24,1to3,1.1,0.0,0.0,0.0,0.6000000000000009,0.0,0.0
failure_rate,cie_core,cie_core_n024_f012_m012_proc090.lp,D:\git\git\RDMCT-A3C\cie\data\core\spbs\cie_core_n024_f012_m012_proc090.lp,24,1to1,0.9,0.0,0.0,0.0,0.5999999999999988,0.0,0.0
failure_rate,cie_core,cie_core_n024_f012_m012_proc100.lp,D:\git\git\RDMCT-A3C\cie\data\core\spbs\cie_core_n024_f012_m012_proc100.lp,24,1to1,1.0,0.0,0.0,0.0,0.6000000000000002,0.0,0.0
failure_rate,cie_core,cie_core_n024_f012_m012_proc110.lp,D:\git\git\RDMCT-A3C\cie\data\core\spbs\cie_core_n024_f012_m012_proc110.lp,24,1to1,1.1,0.0,0.0,0.0,0.6000000000000003,0.0,0.0
failure_rate,cie_core,cie_core_n024_f018_m006_proc090.lp,D:\git\git\RDMCT-A3C\cie\data\core\spbs\cie_core_n024_f018_m006_proc090.lp,24,3to1,0.9,0.0,0.0,0.0,0.5999999999999988,0.0,0.0
failure_rate,cie_core,cie_core_n024_f018_m006_proc100.lp,D:\git\git\RDMCT-A3C\cie\data\core\spbs\cie_core_n024_f018_m006_proc100.lp,24,3to1,1.0,0.0,0.0,0.0,0.6000000000000005,0.0,0.0
failure_rate,cie_core,cie_core_n024_f018_m006_proc110.lp,D:\git\git\RDMCT-A3C\cie\data\core\spbs\cie_core_n024_f018_m006_proc110.lp,24,3to1,1.1,0.0,0.0,0.0,0.6000000000000008,0.0,0.0
failure_rate,cie_core,cie_core_n032_f000_m032_proc090.lp,D:\git\git\RDMCT-A3C\cie\data\core\spbs\cie_core_n032_f000_m032_proc090.lp,32,pure22,0.9,0.0,0.0,0.0,0.5999999999999992,0.0,0.0
failure_rate,cie_core,cie_core_n032_f000_m032_proc100.lp,D:\git\git\RDMCT-A3C\cie\data\core\spbs\cie_core_n032_f000_m032_proc100.lp,32,pure22,1.0,0.0,0.0,0.0,0.6000000000000004,0.0,0.0
failure_rate,cie_core,cie_core_n032_f000_m032_proc110.lp,D:\git\git\RDMCT-A3C\cie\data\core\spbs\cie_core_n032_f000_m032_proc110.lp,32,pure22,1.1,0.0,0.0,0.0,0.6000000000000005,0.0,0.0
failure_rate,cie_core,cie_core_n032_f008_m024_proc090.lp,D:\git\git\RDMCT-A3C\cie\data\core\spbs\cie_core_n032_f008_m024_proc090.lp,32,1to3,0.9,0.0,0.0,0.0,0.5999999999999992,0.0,0.0
failure_rate,cie_core,cie_core_n032_f008_m024_proc100.lp,D:\git\git\RDMCT-A3C\cie\data\core\spbs\cie_core_n032_f008_m024_proc100.lp,32,1to3,1.0,0.0,0.0,0.0,0.6000000000000002,0.0,0.0
failure_rate,cie_core,cie_core_n032_f008_m024_proc110.lp,D:\git\git\RDMCT-A3C\cie\data\core\spbs\cie_core_n032_f008_m024_proc110.lp,32,1to3,1.1,0.0,0.0,0.0,0.6000000000000005,0.0,0.0
failure_rate,cie_core,cie_core_n032_f016_m016_proc090.lp,D:\git\git\RDMCT-A3C\cie\data\core\spbs\cie_core_n032_f016_m016_proc090.lp,32,1to1,0.9,0.0,0.0,0.0,0.599999999999999,0.0,0.0
failure_rate,cie_core,cie_core_n032_f016_m016_proc100.lp,D:\git\git\RDMCT-A3C\cie\data\core\spbs\cie_core_n032_f016_m016_proc100.lp,32,1to1,1.0,0.0,0.0,0.0,0.6000000000000002,0.0,0.0
failure_rate,cie_core,cie_core_n032_f016_m016_proc110.lp,D:\git\git\RDMCT-A3C\cie\data\core\spbs\cie_core_n032_f016_m016_proc110.lp,32,1to1,1.1,0.0,0.0,0.0,0.600000000000001,0.0,0.0
failure_rate,cie_core,cie_core_n032_f024_m008_proc090.lp,D:\git\git\RDMCT-A3C\cie\data\core\spbs\cie_core_n032_f024_m008_proc090.lp,32,3to1,0.9,0.0,0.0,0.0,0.5999999999999999,0.0,0.0
failure_rate,cie_core,cie_core_n032_f024_m008_proc100.lp,D:\git\git\RDMCT-A3C\cie\data\core\spbs\cie_core_n032_f024_m008_proc100.lp,32,3to1,1.0,0.0,0.0,0.0,0.6000000000000002,0.0,0.0
failure_rate,cie_core,cie_core_n032_f024_m008_proc110.lp,D:\git\git\RDMCT-A3C\cie\data\core\spbs\cie_core_n032_f024_m008_proc110.lp,32,3to1,1.1,0.0,0.0,0.0,0.6000000000000005,0.0,0.0
optimal_rate,cie_core,cie_core_n008_f008_m000_proc090.lp,D:\git\git\RDMCT-A3C\cie\data\core\pure41\cie_core_n008_f008_m000_proc090.lp,8,pure41,0.9,1.0,1.0000000000000013,-1.3322676295501878e-15,0.5999999999999888,-5.1598503419390384e-14,1.1093356479669653e-28
optimal_rate,cie_core,cie_core_n008_f008_m000_proc100.lp,D:\git\git\RDMCT-A3C\cie\data\core\pure41\cie_core_n008_f008_m000_proc100.lp,8,pure41,1.0,1.0,1.0000000000000009,-8.881784197001252e-16,0.6000000000000056,-3.439900227959431e-14,4.93038065763151e-29
optimal_rate,cie_core,cie_core_n008_f008_m000_proc110.lp,D:\git\git\RDMCT-A3C\cie\data\core\pure41\cie_core_n008_f008_m000_proc110.lp,8,pure41,1.1,1.0,1.0000000000000007,-6.661338147750939e-16,0.6000000000000043,-2.579925170969569e-14,2.7733391199177e-29
optimal_rate,cie_core,cie_core_n016_f016_m000_proc090.lp,D:\git\git\RDMCT-A3C\cie\data\core\pure41\cie_core_n016_f016_m000_proc090.lp,16,pure41,0.9,1.0,0.9999999999999982,1.7763568394002505e-15,0.6000000000000036,6.879800455918846e-14,1.9721522630525784e-28
optimal_rate,cie_core,cie_core_n016_f016_m000_proc100.lp,D:\git\git\RDMCT-A3C\cie\data\core\pure41\cie_core_n016_f016_m000_proc100.lp,16,pure41,1.0,1.0,0.999999999999998,1.9984014443252818e-15,0.5999999999999996,7.739775512908662e-14,2.496005207925852e-28
optimal_rate,cie_core,cie_core_n016_f016_m000_proc110.lp,D:\git\git\RDMCT-A3C\cie\data\core\pure41\cie_core_n016_f016_m000_proc110.lp,16,pure41,1.1,1.0,0.9999999999999993,6.661338147750939e-16,0.5999999999999989,2.5799251709695514e-14,2.773339119917599e-29
optimal_rate,cie_core,cie_core_n024_f024_m000_proc090.lp,D:\git\git\RDMCT-A3C\cie\data\core\pure41\cie_core_n024_f024_m000_proc090.lp,24,pure41,0.9,1.0,0.9999999999999994,5.551115123125783e-16,0.6000000000000016,2.1499376424746338e-14,1.9259299443872577e-29
optimal_rate,cie_core,cie_core_n024_f024_m000_proc100.lp,D:\git\git\RDMCT-A3C\cie\data\core\pure41\cie_core_n024_f024_m000_proc100.lp,24,pure41,1.0,1.0,0.9999999999999983,1.6653345369377348e-15,0.5999999999999996,6.449812927423885e-14,1.7333369499485085e-28
optimal_rate,cie_core,cie_core_n024_f024_m000_proc110.lp,D:\git\git\RDMCT-A3C\cie\data\core\pure41\cie_core_n024_f024_m000_proc110.lp,24,pure41,1.1,1.0,1.0,0.0,0.6000000000000003,0.0,0.0
optimal_rate,cie_core,cie_core_n032_f032_m000_proc090.lp,D:\git\git\RDMCT-A3C\cie\data\core\pure41\cie_core_n032_f032_m000_proc090.lp,32,pure41,0.9,1.0,1.0000000000000009,-8.881784197001252e-16,0.5999999999999981,-3.439900227959399e-14,4.9303806576312627e-29
optimal_rate,cie_core,cie_core_n032_f032_m000_proc100.lp,D:\git\git\RDMCT-A3C\cie\data\core\pure41\cie_core_n032_f032_m000_proc100.lp,32,pure41,1.0,1.0,1.0000000000000013,-1.3322676295501878e-15,0.6000000000000006,-5.159850341939115e-14,1.1093356479670528e-28
optimal_rate,cie_core,cie_core_n032_f032_m000_proc110.lp,D:\git\git\RDMCT-A3C\cie\data\core\pure41\cie_core_n032_f032_m000_proc110.lp,32,pure41,1.1,1.0,0.9999999999999999,1.1102230246251565e-16,0.6000000000000009,4.299875284949264e-15,7.703719777548992e-31
optimal_rate,cie_core,cie_core_n008_f000_m008_proc090.lp,D:\git\git\RDMCT-A3C\cie\data\core\spbs\cie_core_n008_f000_m008_proc090.lp,8,pure22,0.9,1.0,1.0000000000000002,-2.220446049250313e-16,0.5999999999999984,-8.599750569898502e-15,3.081487911019547e-30
optimal_rate,cie_core,cie_core_n008_f000_m008_proc100.lp,D:\git\git\RDMCT-A3C\cie\data\core\spbs\cie_core_n008_f000_m008_proc100.lp,8,pure22,1.0,1.0,0.9999999999999997,3.3306690738754696e-16,0.6000000000000003,1.289962585484778e-14,6.933347799794064e-30
optimal_rate,cie_core,cie_core_n008_f000_m008_proc110.lp,D:\git\git\RDMCT-A3C\cie\data\core\spbs\cie_core_n008_f000_m008_proc110.lp,8,pure22,1.1,1.0,0.9999999999999992,7.771561172376096e-16,0.6000000000000003,3.0099126994644826e-14,3.774822690998992e-29
optimal_rate,cie_core,cie_core_n008_f002_m006_proc090.lp,D:\git\git\RDMCT-A3C\cie\data\core\spbs\cie_core_n008_f002_m006_proc090.lp,8,1to3,0.9,1.0,1.0000000000000002,-2.220446049250313e-16,0.5999999999999985,-8.599750569898502e-15,3.0814879110195483e-30
optimal_rate,cie_core,cie_core_n008_f002_m006_proc100.lp,D:\git\git\RDMCT-A3C\cie\data\core\spbs\cie_core_n008_f002_m006_proc100.lp,8,1to3,1.0,1.0,1.0,0.0,0.6000000000000002,0.0,0.0
optimal_rate,cie_core,cie_core_n008_f002_m006_proc110.lp,D:\git\git\RDMCT-A3C\cie\data\core\spbs\cie_core_n008_f002_m006_proc110.lp,8,1to3,1.1,1.0,0.9999999999999998,2.220446049250313e-16,0.5999999999999999,8.599750569898516e-15,3.0814879110195753e-30
optimal_rate,cie_core,cie_core_n008_f004_m004_proc090.lp,D:\git\git\RDMCT-A3C\cie\data\core\spbs\cie_core_n008_f004_m004_proc090.lp,8,1to1,0.9,1.0,0.9666666666666667,0.033333333333333326,0.6000000000000006,1.2909944487358065,0.06944444444444473
optimal_rate,cie_core,cie_core_n008_f004_m004_proc100.lp,D:\git\git\RDMCT-A3C\cie\data\core\spbs\cie_core_n008_f004_m004_proc100.lp,8,1to1,1.0,1.0,1.0166666666666673,-0.016666666666667274,0.6000000000000003,-0.6454972243679267,0.017361111111112416
optimal_rate,cie_core,cie_core_n008_f004_m004_proc110.lp,D:\git\git\RDMCT-A3C\cie\data\core\spbs\cie_core_n008_f004_m004_proc110.lp,8,1to1,1.1,1.0,1.016666666666666,-0.01666666666666594,0.6000000000000005,-0.6454972243678753,0.01736111111110967
optimal_rate,cie_core,cie_core_n008_f006_m002_proc090.lp,D:\git\git\RDMCT-A3C\cie\data\core\spbs\cie_core_n008_f006_m002_proc090.lp,8,3to1,0.9,1.0,1.0333333333333325,-0.03333333333333255,0.599999999999998,-1.2909944487357723,0.06944444444444027
optimal_rate,cie_core,cie_core_n008_f006_m002_proc100.lp,D:\git\git\RDMCT-A3C\cie\data\core\spbs\cie_core_n008_f006_m002_proc100.lp,8,3to1,1.0,1.0,0.9833333333333336,0.016666666666666385,0.6,0.645497224367892,0.01736111111111053
optimal_rate,cie_core,cie_core_n008_f006_m002_proc110.lp,D:\git\git\RDMCT-A3C\cie\data\core\spbs\cie_core_n008_f006_m002_proc110.lp,8,3to1,1.1,1.0,0.9833333333333328,0.016666666666667163,0.6000000000000005,0.6454972243679226,0.017361111111112215
optimal_rate,cie_core,cie_core_n016_f000_m016_proc090.lp,D:\git\git\RDMCT-A3C\cie\data\core\spbs\cie_core_n016_f000_m016_proc090.lp,16,pure22,0.9,1.0,0.9999999999999999,1.1102230246251565e-16,0.599999999999999,4.2998752849492534e-15,7.7037197775488935e-31
optimal_rate,cie_core,cie_core_n016_f000_m016_proc100.lp,D:\git\git\RDMCT-A3C\cie\data\core\spbs\cie_core_n016_f000_m016_proc100.lp,16,pure22,1.0,1.0,0.9999999999999994,5.551115123125783e-16,0.6000000000000005,2.149937642474631e-14,1.9259299443872434e-29
optimal_rate,cie_core,cie_core_n016_f000_m016_proc110.lp,D:\git\git\RDMCT-A3C\cie\data\core\spbs\cie_core_n016_f000_m016_proc110.lp,16,pure22,1.1,1.0,1.0000000000000007,-6.661338147750939e-16,0.6000000000000005,-2.579925170969557e-14,2.773339119917631e-29
optimal_rate,cie_core,cie_core_n016_f004_m012_proc090.lp,D:\git\git\RDMCT-A3C\cie\data\core\spbs\cie_core_n016_f004_m012_proc090.lp,16,1to3,0.9,1.0,0.9999999999999998,2.220446049250313e-16,0.5999999999999998,8.599750569898515e-15,3.0814879110195728e-30
optimal_rate,cie_core,cie_core_n016_f004_m012_proc100.lp,D:\git\git\RDMCT-A3C\cie\data\core\spbs\cie_core_n016_f004_m012_proc100.lp,16,1to3,1.0,1.0,0.9999999999999998,2.220446049250313e-16,0.6000000000000008,8.599750569898526e-15,3.0814879110195935e-30
optimal_rate,cie_core,cie_core_n016_f004_m012_proc110.lp,D:\git\git\RDMCT-A3C\cie\data\core\spbs\cie_core_n016_f004_m012_proc110.lp,16,1to3,1.1,1.0,1.000000000000001,-1.1102230246251565e-15,0.6000000000000003,-4.2998752849492607e-14,7.703719777548962e-29
optimal_rate,cie_core,cie_core_n016_f008_m008_proc090.lp,D:\git\git\RDMCT-A3C\cie\data\core\spbs\cie_core_n016_f008_m008_proc090.lp,16,1to1,0.9,1.0,0.9666666666666678,0.033333333333332216,0.5999999999999989,1.2909944487357605,0.06944444444443926
optimal_rate,cie_core,cie_core_n016_f008_m008_proc100.lp,D:\git\git\RDMCT-A3C\cie\data\core\spbs\cie_core_n016_f008_m008_proc100.lp,16,1to1,1.0,1.0,1.0166666666666686,-0.016666666666668606,0.6000000000000003,-0.6454972243679783,0.017361111111115195
optimal_rate,cie_core,cie_core_n016_f008_m008_proc110.lp,D:\git\git\RDMCT-A3C\cie\data\core\spbs\cie_core_n016_f008_m008_proc110.lp,16,1to1,1.1,1.0,1.0166666666666688,-0.016666666666668828,0.6000000000000001,-0.6454972243679867,0.01736111111111563
optimal_rate,cie_core,cie_core_n016_f012_m004_proc090.lp,D:\git\git\RDMCT-A3C\cie\data\core\spbs\cie_core_n016_f012_m004_proc090.lp,16,3to1,0.9,1.0,1.0333333333333328,-0.03333333333333277,0.6000000000000001,-1.2909944487357843,0.06944444444444217
optimal_rate,cie_core,cie_core_n016_f012_m004_proc100.lp,D:\git\git\RDMCT-A3C\cie\data\core\spbs\cie_core_n016_f012_m004_proc100.lp,16,3to1,1.0,1.0,0.9833333333333342,0.01666666666666583,0.6000000000000008,0.6454972243678712,0.01736111111110946
optimal_rate,cie_core,cie_core_n016_f012_m004_proc110.lp,D:\git\git\RDMCT-A3C\cie\data\core\spbs\cie_core_n016_f012_m004_proc110.lp,16,3to1,1.1,1.0,0.9833333333333351,0.016666666666664942,0.6000000000000006,0.6454972243678366,0.017361111111107597
optimal_rate,cie_core,cie_core_n024_f000_m024_proc090.lp,D:\git\git\RDMCT-A3C\cie\data\core\spbs\cie_core_n024_f000_m024_proc090.lp,24,pure22,0.9,0.0,-8.255671450614087e-16,8.255671450614087e-16,0.5999999999999994,3.197407803998837e-14,4.2597569437802666e-29
optimal_rate,cie_core,cie_core_n024_f000_m024_proc100.lp,D:\git\git\RDMCT-A3C\cie\data\core\spbs\cie_core_n024_f000_m024_proc100.lp,24,pure22,1.0,0.0,-2.0911849056625218e-15,2.0911849056625218e-15,0.6000000000000003,8.099124313471279e-14,2.7331589435442373e-28
optimal_rate,cie_core,cie_core_n024_f000_m024_proc110.lp,D:\git\git\RDMCT-A3C\cie\data\core\spbs\cie_core_n024_f000_m024_proc110.lp,24,pure22,1.1,0.0,-5.854449285146532e-16,5.854449285146532e-16,0.6000000000000001,2.2674184582588442e-14,2.1421610270220487e-29
optimal_rate,cie_core,cie_core_n024_f006_m018_proc090.lp,D:\git\git\RDMCT-A3C\cie\data\core\spbs\cie_core_n024_f006_m018_proc090.lp,24,1to3,0.9,0.0,-1.4500675964130593e-15,1.4500675964130593e-15,0.5999999999999994,5.6160876517827935e-14,1.3141850213544625e-28
optimal_rate,cie_core,cie_core_n024_f006_m018_proc100.lp,D:\git\git\RDMCT-A3C\cie\data\core\spbs\cie_core_n024_f006_m018_proc100.lp,24,1to3,1.0,0.0,-2.2329532755330257e-15,2.2329532755330257e-15,0.6000000000000005,8.648190848998717e-14,3.1163002066960547e-28
optimal_rate,cie_core,cie_core_n024_f006_m018_proc110.lp,D:\git\git\RDMCT-A3C\cie\data\core\spbs\cie_core_n024_f006_m018_proc110.lp,24,1to3,1.1,0.0,-6.108057283323107e-16,6.108057283323107e-16,0.6000000000000009,2.365640413599134e-14,2.3317727360222923e-29
optimal_rate,cie_core,cie_core_n024_f012_m012_proc090.lp,D:\git\git\RDMCT-A3C\cie\data\core\spbs\cie_core_n024_f012_m012_proc090.lp,24,1to1,0.9,0.2,0.29999999999999905,-0.09999999999999903,0.5999999999999988,-3.8729833462073744,0.6249999999999831
optimal_rate,cie_core,cie_core_n024_f012_m012_proc100.lp,D:\git\git\RDMCT-A3C\cie\data\core\spbs\cie_core_n024_f012_m012_proc100.lp,24,1to1,1.0,0.4,0.349999999999999,0.050000000000001044,0.6000000000000002,1.9364916731037496,0.15625000000000677
optimal_rate,cie_core,cie_core_n024_f012_m012_proc110.lp,D:\git\git\RDMCT-A3C\cie\data\core\spbs\cie_core_n024_f012_m012_proc110.lp,24,1to1,1.1,0.4,0.34999999999999976,0.050000000000000266,0.6000000000000003,1.9364916731037198,0.15625000000000205
optimal_rate,cie_core,cie_core_n024_f018_m006_proc090.lp,D:\git\git\RDMCT-A3C\cie\data\core\spbs\cie_core_n024_f018_m006_proc090.lp,24,3to1,0.9,0.6,0.4999999999999979,0.10000000000000209,0.5999999999999988,3.8729833462074925,0.6250000000000211
optimal_rate,cie_core,cie_core_n024_f018_m006_proc100.lp,D:\git\git\RDMCT-A3C\cie\data\core\spbs\cie_core_n024_f018_m006_proc100.lp,24,3to1,1.0,0.4,0.4499999999999983,-0.04999999999999827,0.6000000000000005,-1.936491673103643,0.15624999999998979
optimal_rate,cie_core,cie_core_n024_f018_m006_proc110.lp,D:\git\git\RDMCT-A3C\cie\data\core\spbs\cie_core_n024_f018_m006_proc110.lp,24,3to1,1.1,0.4,0.4499999999999996,-0.0499999999999996,0.6000000000000008,-1.936491673103695,0.1562499999999983
optimal_rate,cie_core,cie_core_n032_f000_m032_proc090.lp,D:\git\git\RDMCT-A3C\cie\data\core\spbs\cie_core_n032_f000_m032_proc090.lp,32,pure22,0.9,0.0,6.454783625669239e-16,-6.454783625669239e-16,0.5999999999999992,-2.4999269485589272e-14,2.60401447838797e-29
optimal_rate,cie_core,cie_core_n032_f000_m032_proc100.lp,D:\git\git\RDMCT-A3C\cie\data\core\spbs\cie_core_n032_f000_m032_proc100.lp,32,pure22,1.0,0.0,9.103656629369491e-16,-9.103656629369491e-16,0.6000000000000004,-3.5258310515138806e-14,5.179785251591458e-29
optimal_rate,cie_core,cie_core_n032_f000_m032_proc110.lp,D:\git\git\RDMCT-A3C\cie\data\core\spbs\cie_core_n032_f000_m032_proc110.lp,32,pure22,1.1,0.0,-7.619077679046929e-16,7.619077679046929e-16,0.6000000000000005,2.950856096440944e-14,3.6281465424594607e-29
optimal_rate,cie_core,cie_core_n032_f008_m024_proc090.lp,D:\git\git\RDMCT-A3C\cie\data\core\spbs\cie_core_n032_f008_m024_proc090.lp,32,1to3,0.9,0.0,-2.0106669370975797e-16,2.0106669370975797e-16,0.5999999999999992,7.787279562148795e-15,2.5267384574608393e-30
optimal_rate,cie_core,cie_core_n032_f008_m024_proc100.lp,D:\git\git\RDMCT-A3C\cie\data\core\spbs\cie_core_n032_f008_m024_proc100.lp,32,1to3,1.0,0.0,5.495431799337731e-16,-5.495431799337731e-16,0.6000000000000002,-2.12837158390537e-14,1.887485666323274e-29
optimal_rate,cie_core,cie_core_n032_f008_m024_proc110.lp,D:\git\git\RDMCT-A3C\cie\data\core\spbs\cie_core_n032_f008_m024_proc110.lp,32,1to3,1.1,0.0,-1.054894938182373e-15,1.054894938182373e-15,0.6000000000000005,4.085590527578836e-14,6.955020816267478e-29
optimal_rate,cie_core,cie_core_n032_f016_m016_proc090.lp,D:\git\git\RDMCT-A3C\cie\data\core\spbs\cie_core_n032_f016_m016_proc090.lp,32,1to1,0.9,0.0,-0.033333333333334214,0.033333333333334214,0.599999999999999,1.2909944487358385,0.06944444444444767
optimal_rate,cie_core,cie_core_n032_f016_m016_proc100.lp,D:\git\git\RDMCT-A3C\cie\data\core\spbs\cie_core_n032_f016_m016_proc100.lp,32,1to1,1.0,0.0,0.016666666666667274,-0.016666666666667274,0.6000000000000002,-0.6454972243679266,0.017361111111112403
optimal_rate,cie_core,cie_core_n032_f016_m016_proc110.lp,D:\git\git\RDMCT-A3C\cie\data\core\spbs\cie_core_n032_f016_m016_proc110.lp,32,1to1,1.1,0.0,0.01666666666666472,-0.01666666666666472,0.600000000000001,-0.6454972243678283,0.017361111111107174
optimal_rate,cie_core,cie_core_n032_f024_m008_proc090.lp,D:\git\git\RDMCT-A3C\cie\data\core\spbs\cie_core_n032_f024_m008_proc090.lp,32,3to1,0.9,0.0,0.03333333333333266,-0.03333333333333266,0.5999999999999999,-1.2909944487357796,0.0694444444444416
optimal_rate,cie_core,cie_core_n032_f024_m008_proc100.lp,D:\git\git\RDMCT-A3C\cie\data\core\spbs\cie_core_n032_f024_m008_proc100.lp,32,3to1,1.0,0.0,-0.016666666666665386,0.016666666666665386,0.6000000000000002,0.6454972243678535,0.01736111111110847
optimal_rate,cie_core,cie_core_n032_f024_m008_proc110.lp,D:\git\git\RDMCT-A3C\cie\data\core\spbs\cie_core_n032_f024_m008_proc110.lp,32,3to1,1.1,0.0,-0.016666666666667385,0.016666666666667385,0.6000000000000005,0.6454972243679311,0.017361111111112673
incumbent_rate,cie_core,cie_core_n008_f008_m000_proc090.lp,D:\git\git\RDMCT-A3C\cie\data\core\pure41\cie_core_n008_f008_m000_proc090.lp,8,pure41,0.9,1.0,1.0000000000000007,-6.661338147750939e-16,0.5999999999999888,0.0,0.0
incumbent_rate,cie_core,cie_core_n008_f008_m000_proc100.lp,D:\git\git\RDMCT-A3C\cie\data\core\pure41\cie_core_n008_f008_m000_proc100.lp,8,pure41,1.0,1.0,1.0,0.0,0.6000000000000056,0.0,0.0
incumbent_rate,cie_core,cie_core_n008_f008_m000_proc110.lp,D:\git\git\RDMCT-A3C\cie\data\core\pure41\cie_core_n008_f008_m000_proc110.lp,8,pure41,1.1,1.0,1.0,0.0,0.6000000000000043,0.0,0.0
incumbent_rate,cie_core,cie_core_n016_f016_m000_proc090.lp,D:\git\git\RDMCT-A3C\cie\data\core\pure41\cie_core_n016_f016_m000_proc090.lp,16,pure41,0.9,1.0,0.9999999999999998,2.220446049250313e-16,0.6000000000000036,0.0,0.0
incumbent_rate,cie_core,cie_core_n016_f016_m000_proc100.lp,D:\git\git\RDMCT-A3C\cie\data\core\pure41\cie_core_n016_f016_m000_proc100.lp,16,pure41,1.0,1.0,0.9999999999999996,4.440892098500626e-16,0.5999999999999996,0.0,0.0
incumbent_rate,cie_core,cie_core_n016_f016_m000_proc110.lp,D:\git\git\RDMCT-A3C\cie\data\core\pure41\cie_core_n016_f016_m000_proc110.lp,16,pure41,1.1,1.0,0.9999999999999993,6.661338147750939e-16,0.5999999999999989,0.0,0.0
incumbent_rate,cie_core,cie_core_n024_f024_m000_proc090.lp,D:\git\git\RDMCT-A3C\cie\data\core\pure41\cie_core_n024_f024_m000_proc090.lp,24,pure41,0.9,1.0,1.0,0.0,0.6000000000000016,0.0,0.0
incumbent_rate,cie_core,cie_core_n024_f024_m000_proc100.lp,D:\git\git\RDMCT-A3C\cie\data\core\pure41\cie_core_n024_f024_m000_proc100.lp,24,pure41,1.0,1.0,0.9999999999999998,2.220446049250313e-16,0.5999999999999996,0.0,0.0
incumbent_rate,cie_core,cie_core_n024_f024_m000_proc110.lp,D:\git\git\RDMCT-A3C\cie\data\core\pure41\cie_core_n024_f024_m000_proc110.lp,24,pure41,1.1,1.0,0.9999999999999996,4.440892098500626e-16,0.6000000000000003,0.0,0.0
incumbent_rate,cie_core,cie_core_n032_f032_m000_proc090.lp,D:\git\git\RDMCT-A3C\cie\data\core\pure41\cie_core_n032_f032_m000_proc090.lp,32,pure41,0.9,1.0,1.0,0.0,0.5999999999999981,0.0,0.0
incumbent_rate,cie_core,cie_core_n032_f032_m000_proc100.lp,D:\git\git\RDMCT-A3C\cie\data\core\pure41\cie_core_n032_f032_m000_proc100.lp,32,pure41,1.0,1.0,0.9999999999999994,5.551115123125783e-16,0.6000000000000006,0.0,0.0
incumbent_rate,cie_core,cie_core_n032_f032_m000_proc110.lp,D:\git\git\RDMCT-A3C\cie\data\core\pure41\cie_core_n032_f032_m000_proc110.lp,32,pure41,1.1,1.0,0.9999999999999998,2.220446049250313e-16,0.6000000000000009,0.0,0.0
incumbent_rate,cie_core,cie_core_n008_f000_m008_proc090.lp,D:\git\git\RDMCT-A3C\cie\data\core\spbs\cie_core_n008_f000_m008_proc090.lp,8,pure22,0.9,1.0,1.0,0.0,0.5999999999999984,0.0,0.0
incumbent_rate,cie_core,cie_core_n008_f000_m008_proc100.lp,D:\git\git\RDMCT-A3C\cie\data\core\spbs\cie_core_n008_f000_m008_proc100.lp,8,pure22,1.0,1.0,0.9999999999999999,1.1102230246251565e-16,0.6000000000000003,0.0,0.0
incumbent_rate,cie_core,cie_core_n008_f000_m008_proc110.lp,D:\git\git\RDMCT-A3C\cie\data\core\spbs\cie_core_n008_f000_m008_proc110.lp,8,pure22,1.1,1.0,0.9999999999999999,1.1102230246251565e-16,0.6000000000000003,0.0,0.0
incumbent_rate,cie_core,cie_core_n008_f002_m006_proc090.lp,D:\git\git\RDMCT-A3C\cie\data\core\spbs\cie_core_n008_f002_m006_proc090.lp,8,1to3,0.9,1.0,1.0,0.0,0.5999999999999985,0.0,0.0
incumbent_rate,cie_core,cie_core_n008_f002_m006_proc100.lp,D:\git\git\RDMCT-A3C\cie\data\core\spbs\cie_core_n008_f002_m006_proc100.lp,8,1to3,1.0,1.0,0.9999999999999998,2.220446049250313e-16,0.6000000000000002,0.0,0.0
incumbent_rate,cie_core,cie_core_n008_f002_m006_proc110.lp,D:\git\git\RDMCT-A3C\cie\data\core\spbs\cie_core_n008_f002_m006_proc110.lp,8,1to3,1.1,1.0,0.9999999999999998,2.220446049250313e-16,0.5999999999999999,0.0,0.0
incumbent_rate,cie_core,cie_core_n008_f004_m004_proc090.lp,D:\git\git\RDMCT-A3C\cie\data\core\spbs\cie_core_n008_f004_m004_proc090.lp,8,1to1,0.9,1.0,1.0,0.0,0.6000000000000006,0.0,0.0
incumbent_rate,cie_core,cie_core_n008_f004_m004_proc100.lp,D:\git\git\RDMCT-A3C\cie\data\core\spbs\cie_core_n008_f004_m004_proc100.lp,8,1to1,1.0,1.0,1.0,0.0,0.6000000000000003,0.0,0.0
incumbent_rate,cie_core,cie_core_n008_f004_m004_proc110.lp,D:\git\git\RDMCT-A3C\cie\data\core\spbs\cie_core_n008_f004_m004_proc110.lp,8,1to1,1.1,1.0,0.9999999999999999,1.1102230246251565e-16,0.6000000000000005,0.0,0.0
incumbent_rate,cie_core,cie_core_n008_f006_m002_proc090.lp,D:\git\git\RDMCT-A3C\cie\data\core\spbs\cie_core_n008_f006_m002_proc090.lp,8,3to1,0.9,1.0,1.0,0.0,0.599999999999998,0.0,0.0
incumbent_rate,cie_core,cie_core_n008_f006_m002_proc100.lp,D:\git\git\RDMCT-A3C\cie\data\core\spbs\cie_core_n008_f006_m002_proc100.lp,8,3to1,1.0,1.0,0.9999999999999999,1.1102230246251565e-16,0.6,0.0,0.0
incumbent_rate,cie_core,cie_core_n008_f006_m002_proc110.lp,D:\git\git\RDMCT-A3C\cie\data\core\spbs\cie_core_n008_f006_m002_proc110.lp,8,3to1,1.1,1.0,0.9999999999999998,2.220446049250313e-16,0.6000000000000005,0.0,0.0
incumbent_rate,cie_core,cie_core_n016_f000_m016_proc090.lp,D:\git\git\RDMCT-A3C\cie\data\core\spbs\cie_core_n016_f000_m016_proc090.lp,16,pure22,0.9,1.0,0.9999999999999998,2.220446049250313e-16,0.599999999999999,0.0,0.0
incumbent_rate,cie_core,cie_core_n016_f000_m016_proc100.lp,D:\git\git\RDMCT-A3C\cie\data\core\spbs\cie_core_n016_f000_m016_proc100.lp,16,pure22,1.0,1.0,1.0,0.0,0.6000000000000005,0.0,0.0
incumbent_rate,cie_core,cie_core_n016_f000_m016_proc110.lp,D:\git\git\RDMCT-A3C\cie\data\core\spbs\cie_core_n016_f000_m016_proc110.lp,16,pure22,1.1,1.0,0.9999999999999998,2.220446049250313e-16,0.6000000000000005,0.0,0.0
incumbent_rate,cie_core,cie_core_n016_f004_m012_proc090.lp,D:\git\git\RDMCT-A3C\cie\data\core\spbs\cie_core_n016_f004_m012_proc090.lp,16,1to3,0.9,1.0,0.9999999999999998,2.220446049250313e-16,0.5999999999999998,0.0,0.0
incumbent_rate,cie_core,cie_core_n016_f004_m012_proc100.lp,D:\git\git\RDMCT-A3C\cie\data\core\spbs\cie_core_n016_f004_m012_proc100.lp,16,1to3,1.0,1.0,0.9999999999999999,1.1102230246251565e-16,0.6000000000000008,0.0,0.0
incumbent_rate,cie_core,cie_core_n016_f004_m012_proc110.lp,D:\git\git\RDMCT-A3C\cie\data\core\spbs\cie_core_n016_f004_m012_proc110.lp,16,1to3,1.1,1.0,0.9999999999999998,2.220446049250313e-16,0.6000000000000003,0.0,0.0
incumbent_rate,cie_core,cie_core_n016_f008_m008_proc090.lp,D:\git\git\RDMCT-A3C\cie\data\core\spbs\cie_core_n016_f008_m008_proc090.lp,16,1to1,0.9,1.0,0.9999999999999998,2.220446049250313e-16,0.5999999999999989,0.0,0.0
incumbent_rate,cie_core,cie_core_n016_f008_m008_proc100.lp,D:\git\git\RDMCT-A3C\cie\data\core\spbs\cie_core_n016_f008_m008_proc100.lp,16,1to1,1.0,1.0,1.0,0.0,0.6000000000000003,0.0,0.0
incumbent_rate,cie_core,cie_core_n016_f008_m008_proc110.lp,D:\git\git\RDMCT-A3C\cie\data\core\spbs\cie_core_n016_f008_m008_proc110.lp,16,1to1,1.1,1.0,0.9999999999999999,1.1102230246251565e-16,0.6000000000000001,0.0,0.0
incumbent_rate,cie_core,cie_core_n016_f012_m004_proc090.lp,D:\git\git\RDMCT-A3C\cie\data\core\spbs\cie_core_n016_f012_m004_proc090.lp,16,3to1,0.9,1.0,0.9999999999999997,3.3306690738754696e-16,0.6000000000000001,0.0,0.0
incumbent_rate,cie_core,cie_core_n016_f012_m004_proc100.lp,D:\git\git\RDMCT-A3C\cie\data\core\spbs\cie_core_n016_f012_m004_proc100.lp,16,3to1,1.0,1.0,1.0,0.0,0.6000000000000008,0.0,0.0
incumbent_rate,cie_core,cie_core_n016_f012_m004_proc110.lp,D:\git\git\RDMCT-A3C\cie\data\core\spbs\cie_core_n016_f012_m004_proc110.lp,16,3to1,1.1,1.0,0.9999999999999998,2.220446049250313e-16,0.6000000000000006,0.0,0.0
incumbent_rate,cie_core,cie_core_n024_f000_m024_proc090.lp,D:\git\git\RDMCT-A3C\cie\data\core\spbs\cie_core_n024_f000_m024_proc090.lp,24,pure22,0.9,1.0,0.9999999999999996,4.440892098500626e-16,0.5999999999999994,0.0,0.0
incumbent_rate,cie_core,cie_core_n024_f000_m024_proc100.lp,D:\git\git\RDMCT-A3C\cie\data\core\spbs\cie_core_n024_f000_m024_proc100.lp,24,pure22,1.0,1.0,0.9999999999999998,2.220446049250313e-16,0.6000000000000003,0.0,0.0
incumbent_rate,cie_core,cie_core_n024_f000_m024_proc110.lp,D:\git\git\RDMCT-A3C\cie\data\core\spbs\cie_core_n024_f000_m024_proc110.lp,24,pure22,1.1,1.0,0.9999999999999996,4.440892098500626e-16,0.6000000000000001,0.0,0.0
incumbent_rate,cie_core,cie_core_n024_f006_m018_proc090.lp,D:\git\git\RDMCT-A3C\cie\data\core\spbs\cie_core_n024_f006_m018_proc090.lp,24,1to3,0.9,1.0,0.9999999999999994,5.551115123125783e-16,0.5999999999999994,0.0,0.0
incumbent_rate,cie_core,cie_core_n024_f006_m018_proc100.lp,D:\git\git\RDMCT-A3C\cie\data\core\spbs\cie_core_n024_f006_m018_proc100.lp,24,1to3,1.0,1.0,0.9999999999999997,3.3306690738754696e-16,0.6000000000000005,0.0,0.0
incumbent_rate,cie_core,cie_core_n024_f006_m018_proc110.lp,D:\git\git\RDMCT-A3C\cie\data\core\spbs\cie_core_n024_f006_m018_proc110.lp,24,1to3,1.1,1.0,0.9999999999999994,5.551115123125783e-16,0.6000000000000009,0.0,0.0
incumbent_rate,cie_core,cie_core_n024_f012_m012_proc090.lp,D:\git\git\RDMCT-A3C\cie\data\core\spbs\cie_core_n024_f012_m012_proc090.lp,24,1to1,0.9,1.0,0.9999999999999996,4.440892098500626e-16,0.5999999999999988,0.0,0.0
incumbent_rate,cie_core,cie_core_n024_f012_m012_proc100.lp,D:\git\git\RDMCT-A3C\cie\data\core\spbs\cie_core_n024_f012_m012_proc100.lp,24,1to1,1.0,1.0,1.0,0.0,0.6000000000000002,0.0,0.0
incumbent_rate,cie_core,cie_core_n024_f012_m012_proc110.lp,D:\git\git\RDMCT-A3C\cie\data\core\spbs\cie_core_n024_f012_m012_proc110.lp,24,1to1,1.1,1.0,0.9999999999999997,3.3306690738754696e-16,0.6000000000000003,0.0,0.0
incumbent_rate,cie_core,cie_core_n024_f018_m006_proc090.lp,D:\git\git\RDMCT-A3C\cie\data\core\spbs\cie_core_n024_f018_m006_proc090.lp,24,3to1,0.9,1.0,0.9999999999999996,4.440892098500626e-16,0.5999999999999988,0.0,0.0
incumbent_rate,cie_core,cie_core_n024_f018_m006_proc100.lp,D:\git\git\RDMCT-A3C\cie\data\core\spbs\cie_core_n024_f018_m006_proc100.lp,24,3to1,1.0,1.0,0.9999999999999998,2.220446049250313e-16,0.6000000000000005,0.0,0.0
incumbent_rate,cie_core,cie_core_n024_f018_m006_proc110.lp,D:\git\git\RDMCT-A3C\cie\data\core\spbs\cie_core_n024_f018_m006_proc110.lp,24,3to1,1.1,1.0,0.9999999999999996,4.440892098500626e-16,0.6000000000000008,0.0,0.0
incumbent_rate,cie_core,cie_core_n032_f000_m032_proc090.lp,D:\git\git\RDMCT-A3C\cie\data\core\spbs\cie_core_n032_f000_m032_proc090.lp,32,pure22,0.9,1.0,0.9999999999999998,2.220446049250313e-16,0.5999999999999992,0.0,0.0
incumbent_rate,cie_core,cie_core_n032_f000_m032_proc100.lp,D:\git\git\RDMCT-A3C\cie\data\core\spbs\cie_core_n032_f000_m032_proc100.lp,32,pure22,1.0,1.0,0.9999999999999998,2.220446049250313e-16,0.6000000000000004,0.0,0.0
incumbent_rate,cie_core,cie_core_n032_f000_m032_proc110.lp,D:\git\git\RDMCT-A3C\cie\data\core\spbs\cie_core_n032_f000_m032_proc110.lp,32,pure22,1.1,1.0,1.0,0.0,0.6000000000000005,0.0,0.0
incumbent_rate,cie_core,cie_core_n032_f008_m024_proc090.lp,D:\git\git\RDMCT-A3C\cie\data\core\spbs\cie_core_n032_f008_m024_proc090.lp,32,1to3,0.9,1.0,0.9999999999999997,3.3306690738754696e-16,0.5999999999999992,0.0,0.0
incumbent_rate,cie_core,cie_core_n032_f008_m024_proc100.lp,D:\git\git\RDMCT-A3C\cie\data\core\spbs\cie_core_n032_f008_m024_proc100.lp,32,1to3,1.0,1.0,0.9999999999999997,3.3306690738754696e-16,0.6000000000000002,0.0,0.0
incumbent_rate,cie_core,cie_core_n032_f008_m024_proc110.lp,D:\git\git\RDMCT-A3C\cie\data\core\spbs\cie_core_n032_f008_m024_proc110.lp,32,1to3,1.1,1.0,0.9999999999999999,1.1102230246251565e-16,0.6000000000000005,0.0,0.0
incumbent_rate,cie_core,cie_core_n032_f016_m016_proc090.lp,D:\git\git\RDMCT-A3C\cie\data\core\spbs\cie_core_n032_f016_m016_proc090.lp,32,1to1,0.9,1.0,0.9999999999999997,3.3306690738754696e-16,0.599999999999999,0.0,0.0
incumbent_rate,cie_core,cie_core_n032_f016_m016_proc100.lp,D:\git\git\RDMCT-A3C\cie\data\core\spbs\cie_core_n032_f016_m016_proc100.lp,32,1to1,1.0,1.0,0.9999999999999999,1.1102230246251565e-16,0.6000000000000002,0.0,0.0
incumbent_rate,cie_core,cie_core_n032_f016_m016_proc110.lp,D:\git\git\RDMCT-A3C\cie\data\core\spbs\cie_core_n032_f016_m016_proc110.lp,32,1to1,1.1,1.0,1.0,0.0,0.600000000000001,0.0,0.0
incumbent_rate,cie_core,cie_core_n032_f024_m008_proc090.lp,D:\git\git\RDMCT-A3C\cie\data\core\spbs\cie_core_n032_f024_m008_proc090.lp,32,3to1,0.9,1.0,0.9999999999999997,3.3306690738754696e-16,0.5999999999999999,0.0,0.0
incumbent_rate,cie_core,cie_core_n032_f024_m008_proc100.lp,D:\git\git\RDMCT-A3C\cie\data\core\spbs\cie_core_n032_f024_m008_proc100.lp,32,3to1,1.0,1.0,0.9999999999999998,2.220446049250313e-16,0.6000000000000002,0.0,0.0
incumbent_rate,cie_core,cie_core_n032_f024_m008_proc110.lp,D:\git\git\RDMCT-A3C\cie\data\core\spbs\cie_core_n032_f024_m008_proc110.lp,32,3to1,1.1,1.0,0.9999999999999999,1.1102230246251565e-16,0.6000000000000005,0.0,0.0
primal_dual_integral,cie_core,cie_core_n008_f008_m000_proc090.lp,D:\git\git\RDMCT-A3C\cie\data\core\pure41\cie_core_n008_f008_m000_proc090.lp,8,pure41,0.9,0.0,118.01701614763812,-118.01701614763812,0.5999999999999888,-0.13714752095411786,0.0007837267709941383
primal_dual_integral,cie_core,cie_core_n008_f008_m000_proc100.lp,D:\git\git\RDMCT-A3C\cie\data\core\pure41\cie_core_n008_f008_m000_proc100.lp,8,pure41,1.0,0.0,-355.8251744305196,355.8251744305196,0.6000000000000056,0.41350427386813754,0.007124407687800822
primal_dual_integral,cie_core,cie_core_n008_f008_m000_proc110.lp,D:\git\git\RDMCT-A3C\cie\data\core\pure41\cie_core_n008_f008_m000_proc110.lp,8,pure41,1.1,0.0,237.80815828281558,-237.80815828281558,0.6000000000000043,-0.27635675291393974,0.0031822106200474045
primal_dual_integral,cie_core,cie_core_n016_f016_m000_proc090.lp,D:\git\git\RDMCT-A3C\cie\data\core\pure41\cie_core_n016_f016_m000_proc090.lp,16,pure41,0.9,0.0,-352.02442198717307,352.02442198717307,0.6000000000000036,0.40908742117705343,0.006973021590220601
primal_dual_integral,cie_core,cie_core_n016_f016_m000_proc100.lp,D:\git\git\RDMCT-A3C\cie\data\core\pure41\cie_core_n016_f016_m000_proc100.lp,16,pure41,1.0,0.0,180.69589610391495,-180.69589610391495,0.5999999999999996,-0.20998661893157075,0.0018372658387630267
primal_dual_integral,cie_core,cie_core_n016_f016_m000_proc110.lp,D:\git\git\RDMCT-A3C\cie\data\core\pure41\cie_core_n016_f016_m000_proc110.lp,16,pure41,1.1,0.0,171.32852588338915,-171.32852588338915,0.5999999999999989,-0.19910080224563267,0.0016517137272855974
primal_dual_integral,cie_core,cie_core_n024_f024_m000_proc090.lp,D:\git\git\RDMCT-A3C\cie\data\core\pure41\cie_core_n024_f024_m000_proc090.lp,24,pure41,0.9,200.0,330.25660250410044,-130.25660250410044,0.6000000000000016,-0.15137113870931507,0.0009547175680897858
primal_dual_integral,cie_core,cie_core_n024_f024_m000_proc100.lp,D:\git\git\RDMCT-A3C\cie\data\core\pure41\cie_core_n024_f024_m000_proc100.lp,24,pure41,1.0,200.0,411.99775164014795,-211.99775164014795,0.5999999999999996,-0.24636249105739944,0.0025289365416669637
primal_dual_integral,cie_core,cie_core_n024_f024_m000_proc110.lp,D:\git\git\RDMCT-A3C\cie\data\core\pure41\cie_core_n024_f024_m000_proc110.lp,24,pure41,1.1,220.0,-122.25435414414895,342.2543541441489,0.6000000000000003,0.3977336297665988,0.006591335010304755
primal_dual_integral,cie_core,cie_core_n032_f032_m000_proc090.lp,D:\git\git\RDMCT-A3C\cie\data\core\pure41\cie_core_n032_f032_m000_proc090.lp,32,pure41,0.9,720.0,823.7508033354341,-103.75080333543406,0.5999999999999981,-0.12056876151361619,0.0006057010938719642
primal_dual_integral,cie_core,cie_core_n032_f032_m000_proc100.lp,D:\git\git\RDMCT-A3C\cie\data\core\pure41\cie_core_n032_f032_m000_proc100.lp,32,pure41,1.0,700.0,663.1315266865538,36.8684733134462,0.6000000000000006,0.042844836120722984,7.64866659254839e-05
primal_dual_integral,cie_core,cie_core_n032_f032_m000_proc110.lp,D:\git\git\RDMCT-A3C\cie\data\core\pure41\cie_core_n032_f032_m000_proc110.lp,32,pure41,1.1,700.0,633.1176699779992,66.88233002200082,0.6000000000000009,0.07772392539290866,0.00025170869077010226
primal_dual_integral,cie_core,cie_core_n008_f000_m008_proc090.lp,D:\git\git\RDMCT-A3C\cie\data\core\spbs\cie_core_n008_f000_m008_proc090.lp,8,pure22,0.9,37.256106123406084,-637.142208934391,674.398315057797,0.5999999999999984,0.7837179761442662,0.02559224442215252
primal_dual_integral,cie_core,cie_core_n008_f000_m008_proc100.lp,D:\git\git\RDMCT-A3C\cie\data\core\spbs\cie_core_n008_f000_m008_proc100.lp,8,pure22,1.0,23.360652396843086,697.2395545325514,-673.8789021357084,0.6000000000000003,-0.7831143666230199,0.025552837967140606
primal_dual_integral,cie_core,cie_core_n008_f000_m008_proc110.lp,D:\git\git\RDMCT-A3C\cie\data\core\spbs\cie_core_n008_f000_m008_proc110.lp,8,pure22,1.1,40.49944724667048,41.01886016880414,-0.519412922133661,0.6000000000000003,-0.0006036095213003107,1.5181018925182948e-08
primal_dual_integral,cie_core,cie_core_n008_f002_m006_proc090.lp,D:\git\git\RDMCT-A3C\cie\data\core\spbs\cie_core_n008_f002_m006_proc090.lp,8,1to3,0.9,36.81838329308651,-825.3589336014052,862.1773168944917,0.5999999999999985,1.0019358690362918,0.041828145235895973
primal_dual_integral,cie_core,cie_core_n008_f002_m006_proc100.lp,D:\git\git\RDMCT-A3C\cie\data\core\spbs\cie_core_n008_f002_m006_proc100.lp,8,1to3,1.0,56.58894036508991,370.00261757868907,-313.41367721359916,0.6000000000000002,-0.3642178921824917,0.005527278041077385
primal_dual_integral,cie_core,cie_core_n008_f002_m006_proc110.lp,D:\git\git\RDMCT-A3C\cie\data\core\spbs\cie_core_n008_f002_m006_proc110.lp,8,1to3,1.1,54.449414120871744,603.2130538018123,-548.7636396809405,0.5999999999999999,-0.6377179768538576,0.016945175750107375
primal_dual_integral,cie_core,cie_core_n008_f004_m004_proc090.lp,D:\git\git\RDMCT-A3C\cie\data\core\spbs\cie_core_n008_f004_m004_proc090.lp,8,1to1,0.9,18.56476620272198,518.0031461486861,-499.4383799459642,0.6000000000000006,-0.5803971148808074,0.014035867123415249
primal_dual_integral,cie_core,cie_core_n008_f004_m004_proc100.lp,D:\git\git\RDMCT-A3C\cie\data\core\spbs\cie_core_n008_f004_m004_proc100.lp,8,1to1,1.0,38.46197757533072,10.519558787492336,27.942418787838385,0.6000000000000003,0.032471872203748746,4.393427018402466e-05
primal_dual_integral,cie_core,cie_core_n008_f004_m004_proc110.lp,D:\git\git\RDMCT-A3C\cie\data\core\spbs\cie_core_n008_f004_m004_proc110.lp,8,1to1,1.1,20.0,-451.49596115806344,471.49596115806344,0.6000000000000005,0.5479252426769861,0.012509252981776449
primal_dual_integral,cie_core,cie_core_n008_f006_m002_proc090.lp,D:\git\git\RDMCT-A3C\cie\data\core\spbs\cie_core_n008_f006_m002_proc090.lp,8,3to1,0.9,38.55715223032263,957.67738808902,-919.1202358586975,0.599999999999998,-1.0681092093456446,0.04753572012870702
primal_dual_integral,cie_core,cie_core_n008_f006_m002_proc100.lp,D:\git\git\RDMCT-A3C\cie\data\core\spbs\cie_core_n008_f006_m002_proc100.lp,8,3to1,1.0,38.439968912470796,-565.0850172184987,603.5249861309695,0.6,0.7013561127336511,0.020495849869535742
primal_dual_integral,cie_core,cie_core_n008_f006_m002_proc110.lp,D:\git\git\RDMCT-A3C\cie\data\core\spbs\cie_core_n008_f006_m002_proc110.lp,8,3to1,1.1,18.944774533525123,-296.65047519418385,315.59524972770896,0.6000000000000005,0.36675309661197436,0.005604493078103021
primal_dual_integral,cie_core,cie_core_n016_f000_m016_proc090.lp,D:\git\git\RDMCT-A3C\cie\data\core\spbs\cie_core_n016_f000_m016_proc090.lp,16,pure22,0.9,2013.5781798895837,2431.5922069766752,-418.01402708709156,0.599999999999999,-0.4857739113427853,0.009832345539219467
primal_dual_integral,cie_core,cie_core_n016_f000_m016_proc100.lp,D:\git\git\RDMCT-A3C\cie\data\core\spbs\cie_core_n016_f000_m016_proc100.lp,16,pure22,1.0,6031.349476369143,4772.536479112863,1258.8129972562801,0.6000000000000005,1.4628660133429348,0.08916570720807734
primal_dual_integral,cie_core,cie_core_n016_f000_m016_proc110.lp,D:\git\git\RDMCT-A3C\cie\data\core\spbs\cie_core_n016_f000_m016_proc110.lp,16,pure22,1.1,2672.516111646096,3513.315081815255,-840.798970169159,0.6000000000000005,-0.9770921020001142,0.03977954065795849
primal_dual_integral,cie_core,cie_core_n016_f004_m012_proc090.lp,D:\git\git\RDMCT-A3C\cie\data\core\spbs\cie_core_n016_f004_m012_proc090.lp,16,1to3,0.9,1858.337855703369,1146.358537353673,711.9793183496961,0.5999999999999998,0.8273908430298764,0.0285239836304037
primal_dual_integral,cie_core,cie_core_n016_f004_m012_proc100.lp,D:\git\git\RDMCT-A3C\cie\data\core\spbs\cie_core_n016_f004_m012_proc100.lp,16,1to3,1.0,2675.226168309145,3348.282597203013,-673.0564288938681,0.6000000000000008,-0.7821585708416021,0.025490501247540813
primal_dual_integral,cie_core,cie_core_n016_f004_m012_proc110.lp,D:\git\git\RDMCT-A3C\cie\data\core\spbs\cie_core_n016_f004_m012_proc110.lp,16,1to3,1.1,2939.569441036437,2978.492330492275,-38.922889455837776,0.6000000000000003,-0.045232272188286765,8.524826863813595e-05
primal_dual_integral,cie_core,cie_core_n016_f008_m008_proc090.lp,D:\git\git\RDMCT-A3C\cie\data\core\spbs\cie_core_n016_f008_m008_proc090.lp,16,1to1,0.9,1844.731198605748,2009.4269210174443,-164.69572241169635,0.5999999999999989,-0.1913928243386116,0.0015263005503462694
primal_dual_integral,cie_core,cie_core_n016_f008_m008_proc100.lp,D:\git\git\RDMCT-A3C\cie\data\core\spbs\cie_core_n016_f008_m008_proc100.lp,16,1to1,1.0,1951.1168925723728,2508.5058423254964,-557.3889497531236,0.6000000000000003,-0.6477414457778702,0.017482040857433587
primal_dual_integral,cie_core,cie_core_n016_f008_m008_proc110.lp,D:\git\git\RDMCT-A3C\cie\data\core\spbs\cie_core_n016_f008_m008_proc110.lp,16,1to1,1.1,2165.5742916109766,1443.4896194460796,722.084672164897,0.6000000000000001,0.8391342701165715,0.029339430136836306
primal_dual_integral,cie_core,cie_core_n016_f012_m004_proc090.lp,D:\git\git\RDMCT-A3C\cie\data\core\spbs\cie_core_n016_f012_m004_proc090.lp,16,3to1,0.9,1306.3966686551853,1787.6906594933541,-481.29399083816884,0.6000000000000001,-0.5593115285256323,0.01303455774756997
primal_dual_integral,cie_core,cie_core_n016_f012_m004_proc100.lp,D:\git\git\RDMCT-A3C\cie\data\core\spbs\cie_core_n016_f012_m004_proc100.lp,16,3to1,1.0,1423.8190403496442,1271.4907628550811,152.32827749456305,0.6000000000000008,0.17702062220803474,0.0013056791952883273
primal_dual_integral,cie_core,cie_core_n016_f012_m004_proc110.lp,D:\git\git\RDMCT-A3C\cie\data\core\spbs\cie_core_n016_f012_m004_proc110.lp,16,3to1,1.1,1265.8903152892153,936.9246019455347,328.9657133436806,0.6000000000000006,0.3822909063176849,0.006089430710549889
primal_dual_integral,cie_core,cie_core_n024_f000_m024_proc090.lp,D:\git\git\RDMCT-A3C\cie\data\core\spbs\cie_core_n024_f000_m024_proc090.lp,24,pure22,0.9,43418.891749345275,42043.086303034885,1375.8054463103908,0.5999999999999994,1.5988228853422215,0.10650977577891751
primal_dual_integral,cie_core,cie_core_n024_f000_m024_proc100.lp,D:\git\git\RDMCT-A3C\cie\data\core\spbs\cie_core_n024_f000_m024_proc100.lp,24,pure22,1.0,42692.45964758089,43933.05140621603,-1240.5917586351425,0.6000000000000003,-1.4416911202031495,0.08660305358635896
primal_dual_integral,cie_core,cie_core_n024_f000_m024_proc110.lp,D:\git\git\RDMCT-A3C\cie\data\core\spbs\cie_core_n024_f000_m024_proc110.lp,24,pure22,1.1,42013.73158567928,42148.94527335465,-135.21368767537206,0.6000000000000001,-0.1571317651392174,0.001028766317323591
primal_dual_integral,cie_core,cie_core_n024_f006_m018_proc090.lp,D:\git\git\RDMCT-A3C\cie\data\core\spbs\cie_core_n024_f006_m018_proc090.lp,24,1to3,0.9,35909.862310589946,39183.2732196985,-3273.4109091085556,0.5999999999999994,-3.804029333251316,0.6029432986765175
primal_dual_integral,cie_core,cie_core_n024_f006_m018_proc100.lp,D:\git\git\RDMCT-A3C\cie\data\core\spbs\cie_core_n024_f006_m018_proc100.lp,24,1to3,1.0,42482.134835110715,40934.2181105928,1547.9167245179124,0.6000000000000005,1.798833323708817,0.1348250552702215
primal_dual_integral,cie_core,cie_core_n024_f006_m018_proc110.lp,D:\git\git\RDMCT-A3C\cie\data\core\spbs\cie_core_n024_f006_m018_proc110.lp,24,1to3,1.1,41765.03729290886,40039.54310831829,1725.4941845905705,0.6000000000000009,2.005196009542421,0.16753379319520262
primal_dual_integral,cie_core,cie_core_n024_f012_m012_proc090.lp,D:\git\git\RDMCT-A3C\cie\data\core\spbs\cie_core_n024_f012_m012_proc090.lp,24,1to1,0.9,38828.75130683275,38459.720229015504,369.03107781724975,0.5999999999999988,0.42885084820605757,0.0076630437502939195
primal_dual_integral,cie_core,cie_core_n024_f012_m012_proc100.lp,D:\git\git\RDMCT-A3C\cie\data\core\spbs\cie_core_n024_f012_m012_proc100.lp,24,1to1,1.0,39436.738005818224,38507.81998136852,928.9180244497038,0.6000000000000002,1.0794952150247614,0.0485545799692232
primal_dual_integral,cie_core,cie_core_n024_f012_m012_proc110.lp,D:\git\git\RDMCT-A3C\cie\data\core\spbs\cie_core_n024_f012_m012_proc110.lp,24,1to1,1.1,35619.969920658245,36917.91902292533,-1297.9491022670845,0.6000000000000003,-1.508346063230972,0.09479616026934894
primal_dual_integral,cie_core,cie_core_n024_f018_m006_proc090.lp,D:\git\git\RDMCT-A3C\cie\data\core\spbs\cie_core_n024_f018_m006_proc090.lp,24,3to1,0.9,37440.633389264614,35781.8024017798,1658.8309874848128,0.5999999999999988,1.9277267384121142,0.15483876574954117
primal_dual_integral,cie_core,cie_core_n024_f018_m006_proc100.lp,D:\git\git\RDMCT-A3C\cie\data\core\spbs\cie_core_n024_f018_m006_proc100.lp,24,3to1,1.0,33790.37809749377,34814.62333618649,-1024.245238692718,0.6000000000000005,-1.190274927473485,0.0590314334571672
primal_dual_integral,cie_core,cie_core_n024_f018_m006_proc110.lp,D:\git\git\RDMCT-A3C\cie\data\core\spbs\cie_core_n024_f018_m006_proc110.lp,24,3to1,1.1,33320.58669092091,33955.17243971318,-634.5857487922694,0.6000000000000008,-0.7374518109388367,0.02265979889404048
primal_dual_integral,cie_core,cie_core_n032_f000_m032_proc090.lp,D:\git\git\RDMCT-A3C\cie\data\core\spbs\cie_core_n032_f000_m032_proc090.lp,32,pure22,0.9,37103.28893941628,38735.478673697406,-1632.189734281128,0.5999999999999992,-1.8967669501437394,0.14990520263156545
primal_dual_integral,cie_core,cie_core_n032_f000_m032_proc100.lp,D:\git\git\RDMCT-A3C\cie\data\core\spbs\cie_core_n032_f000_m032_proc100.lp,32,pure22,1.0,41038.741014608095,40383.08335109363,655.6576635144665,0.6000000000000004,0.7619394734831143,0.02418965671882194
primal_dual_integral,cie_core,cie_core_n032_f000_m032_proc110.lp,D:\git\git\RDMCT-A3C\cie\data\core\spbs\cie_core_n032_f000_m032_proc110.lp,32,pure22,1.1,40079.747538074604,39103.215467307986,976.5320707666178,0.6000000000000005,1.1348274766605775,0.05365972507432568
primal_dual_integral,cie_core,cie_core_n032_f008_m024_proc090.lp,D:\git\git\RDMCT-A3C\cie\data\core\spbs\cie_core_n032_f008_m024_proc090.lp,32,1to3,0.9,42057.5168476884,40358.26257382414,1699.2542738642587,0.5999999999999992,1.9747026211850198,0.16247710175479063
primal_dual_integral,cie_core,cie_core_n032_f008_m024_proc100.lp,D:\git\git\RDMCT-A3C\cie\data\core\spbs\cie_core_n032_f008_m024_proc100.lp,32,1to3,1.0,41305.40042052294,41866.84703893351,-561.4466184105695,0.6000000000000002,-0.6524568606848676,0.01773749812728138
primal_dual_integral,cie_core,cie_core_n032_f008_m024_proc110.lp,D:\git\git\RDMCT-A3C\cie\data\core\spbs\cie_core_n032_f008_m024_proc110.lp,32,1to3,1.1,40338.60263028088,41476.410285734746,-1137.8076554538638,0.6000000000000005,-1.3222457605003581,0.07284724379838227
primal_dual_integral,cie_core,cie_core_n032_f016_m016_proc090.lp,D:\git\git\RDMCT-A3C\cie\data\core\spbs\cie_core_n032_f016_m016_proc090.lp,32,1to1,0.9,42307.46538504532,42012.36236050501,295.103024540309,0.599999999999999,0.3429390910132419,0.004900300839374505
primal_dual_integral,cie_core,cie_core_n032_f016_m016_proc100.lp,D:\git\git\RDMCT-A3C\cie\data\core\spbs\cie_core_n032_f016_m016_proc100.lp,32,1to1,1.0,41418.63019358867,41818.10168707309,-399.471493484416,0.6000000000000002,-0.46422564145063694,0.008979393590843978
primal_dual_integral,cie_core,cie_core_n032_f016_m016_proc110.lp,D:\git\git\RDMCT-A3C\cie\data\core\spbs\cie_core_n032_f016_m016_proc110.lp,32,1to1,1.1,40836.80744664969,40732.43897770564,104.3684689440488,0.600000000000001,0.12128655043732706,0.0006129344715410974
primal_dual_integral,cie_core,cie_core_n032_f024_m008_proc090.lp,D:\git\git\RDMCT-A3C\cie\data\core\spbs\cie_core_n032_f024_m008_proc090.lp,32,3to1,0.9,42597.04146326816,42855.458224056245,-258.41676078808814,0.5999999999999999,-0.30030600054100215,0.003757653915038847
primal_dual_integral,cie_core,cie_core_n032_f024_m008_proc100.lp,D:\git\git\RDMCT-A3C\cie\data\core\spbs\cie_core_n032_f024_m008_proc100.lp,32,3to1,1.0,41914.310707745215,41645.918732678,268.39197506721393,0.6000000000000002,0.3118981925318317,0.004053353437692652
primal_dual_integral,cie_core,cie_core_n032_f024_m008_proc110.lp,D:\git\git\RDMCT-A3C\cie\data\core\spbs\cie_core_n032_f024_m008_proc110.lp,32,3to1,1.1,41280.730871001324,41290.70608528043,-9.975214279103966,0.6000000000000005,-0.011592191990804085,5.599121464652611e-06
gap,cie_core,cie_core_n008_f008_m000_proc090.lp,D:\git\git\RDMCT-A3C\cie\data\core\pure41\cie_core_n008_f008_m000_proc090.lp,8,pure41,0.9,0.0,-0.04108006258829245,0.04108006258829245,0.5999999999999888,0.253926647041738,0.0026866142532440155
gap,cie_core,cie_core_n008_f008_m000_proc100.lp,D:\git\git\RDMCT-A3C\cie\data\core\pure41\cie_core_n008_f008_m000_proc100.lp,8,pure41,1.0,0.0,-0.0060159293619704846,0.0060159293619704846,0.6000000000000056,0.037186038079710645,5.761672616940512e-05
gap,cie_core,cie_core_n008_f008_m000_proc110.lp,D:\git\git\RDMCT-A3C\cie\data\core\pure41\cie_core_n008_f008_m000_proc110.lp,8,pure41,1.1,0.0,0.04709599195026464,-0.04709599195026464,0.6000000000000043,-0.2911126851214641,0.003531108143276259
gap,cie_core,cie_core_n016_f016_m000_proc090.lp,D:\git\git\RDMCT-A3C\cie\data\core\pure41\cie_core_n016_f016_m000_proc090.lp,16,pure41,0.9,0.0,-0.04108006258828941,0.04108006258828941,0.6000000000000036,0.25392664704172396,0.002686614253243885
gap,cie_core,cie_core_n016_f016_m000_proc100.lp,D:\git\git\RDMCT-A3C\cie\data\core\pure41\cie_core_n016_f016_m000_proc100.lp,16,pure41,1.0,0.0,-0.006015929361965891,0.006015929361965891,0.5999999999999996,0.037186038079681974,5.761672616931482e-05
gap,cie_core,cie_core_n016_f016_m000_proc110.lp,D:\git\git\RDMCT-A3C\cie\data\core\pure41\cie_core_n016_f016_m000_proc110.lp,16,pure41,1.1,0.0,0.04709599195026099,-0.04709599195026099,0.5999999999999989,-0.29111268512143956,0.003531108143275584
gap,cie_core,cie_core_n024_f024_m000_proc090.lp,D:\git\git\RDMCT-A3C\cie\data\core\pure41\cie_core_n024_f024_m000_proc090.lp,24,pure41,0.9,0.0,-0.011009697092700072,0.011009697092700072,0.6000000000000016,0.06805382688222313,0.0001929718063881511
gap,cie_core,cie_core_n024_f024_m000_proc100.lp,D:\git\git\RDMCT-A3C\cie\data\core\pure41\cie_core_n024_f024_m000_proc100.lp,24,pure41,1.0,0.0,-0.008100204957834822,0.008100204957834822,0.5999999999999996,0.05006949249098949,0.00010445641992938538
gap,cie_core,cie_core_n024_f024_m000_proc110.lp,D:\git\git\RDMCT-A3C\cie\data\core\pure41\cie_core_n024_f024_m000_proc110.lp,24,pure41,1.1,0.0,0.019109902050539373,-0.019109902050539373,0.6000000000000003,-0.11812331937324025,0.0005813799408230223
gap,cie_core,cie_core_n032_f032_m000_proc090.lp,D:\git\git\RDMCT-A3C\cie\data\core\pure41\cie_core_n032_f032_m000_proc090.lp,32,pure41,0.9,0.0,0.09316982226928291,-0.09316982226928291,0.5999999999999981,-0.5759071209656921,0.013819542165791234
gap,cie_core,cie_core_n032_f032_m000_proc100.lp,D:\git\git\RDMCT-A3C\cie\data\core\pure41\cie_core_n032_f032_m000_proc100.lp,32,pure41,1.0,0.0,0.020132063681779583,-0.020132063681779583,0.6000000000000006,-0.12444156865043382,0.0006452376670075281
gap,cie_core,cie_core_n032_f032_m000_proc110.lp,D:\git\git\RDMCT-A3C\cie\data\core\pure41\cie_core_n032_f032_m000_proc110.lp,32,pure41,1.1,0.0,-0.11330188595106541,0.11330188595106541,0.6000000000000009,0.7003486896161459,0.020437011960293936
gap,cie_core,cie_core_n008_f000_m008_proc090.lp,D:\git\git\RDMCT-A3C\cie\data\core\spbs\cie_core_n008_f000_m008_proc090.lp,8,pure22,0.9,0.0,0.005304648221532288,-0.005304648221532288,0.5999999999999984,-0.03278942269707039,4.479776003363116e-05
gap,cie_core,cie_core_n008_f000_m008_proc100.lp,D:\git\git\RDMCT-A3C\cie\data\core\spbs\cie_core_n008_f000_m008_proc100.lp,8,pure22,1.0,0.0,0.03803155001381569,-0.03803155001381569,0.6000000000000003,-0.23508299083168313,0.002302667190765387
gap,cie_core,cie_core_n008_f000_m008_proc110.lp,D:\git\git\RDMCT-A3C\cie\data\core\spbs\cie_core_n008_f000_m008_proc110.lp,8,pure22,1.1,0.0,-0.04333619823534405,0.04333619823534405,0.6000000000000003,0.2678724135287293,0.002989817913737778
gap,cie_core,cie_core_n008_f002_m006_proc090.lp,D:\git\git\RDMCT-A3C\cie\data\core\spbs\cie_core_n008_f002_m006_proc090.lp,8,1to3,0.9,0.0,-0.02609963839812504,0.02609963839812504,0.5999999999999985,0.16132871397636417,0.0010844564147194735
gap,cie_core,cie_core_n008_f002_m006_proc100.lp,D:\git\git\RDMCT-A3C\cie\data\core\spbs\cie_core_n008_f002_m006_proc100.lp,8,1to3,1.0,0.0,0.0546382041032776,-0.0546382041032776,0.6000000000000002,-0.3377330776580082,0.004752651322681261
gap,cie_core,cie_core_n008_f002_m006_proc110.lp,D:\git\git\RDMCT-A3C\cie\data\core\spbs\cie_core_n008_f002_m006_proc110.lp,8,1to3,1.1,0.0,-0.0285385657051499,0.0285385657051499,0.5999999999999999,0.17640436368162718,0.0012966041469133235
gap,cie_core,cie_core_n008_f004_m004_proc090.lp,D:\git\git\RDMCT-A3C\cie\data\core\spbs\cie_core_n008_f004_m004_proc090.lp,8,1to1,0.9,0.0,0.2040028056526187,-0.2040028056526187,0.6000000000000006,-1.2609948759240868,0.06625450321278363
gap,cie_core,cie_core_n008_f004_m004_proc100.lp,D:\git\git\RDMCT-A3C\cie\data\core\spbs\cie_core_n008_f004_m004_proc100.lp,8,1to1,1.0,0.0,-0.08702734151497099,0.08702734151497099,0.6000000000000003,0.5379388355204479,0.012057424615045659
gap,cie_core,cie_core_n008_f004_m004_proc110.lp,D:\git\git\RDMCT-A3C\cie\data\core\spbs\cie_core_n008_f004_m004_proc110.lp,8,1to1,1.1,0.0,-0.11697546413764476,0.11697546413764476,0.6000000000000005,0.7230560404036204,0.02178375156517346
gap,cie_core,cie_core_n008_f006_m002_proc090.lp,D:\git\git\RDMCT-A3C\cie\data\core\spbs\cie_core_n008_f006_m002_proc090.lp,8,3to1,0.9,0.0,-0.14212775288773075,0.14212775288773075,0.599999999999998,0.878528937603031,0.03215887892524599
gap,cie_core,cie_core_n008_f006_m002_proc100.lp,D:\git\git\RDMCT-A3C\cie\data\core\spbs\cie_core_n008_f006_m002_proc100.lp,8,3to1,1.0,0.0,0.0003735167598485495,-0.0003735167598485495,0.6,-0.0023088051104690386,2.2210754325533123e-07
gap,cie_core,cie_core_n008_f006_m002_proc110.lp,D:\git\git\RDMCT-A3C\cie\data\core\spbs\cie_core_n008_f006_m002_proc110.lp,8,3to1,1.1,0.0,0.1417542361278891,-0.1417542361278891,0.6000000000000005,-0.8762201324926073,0.03199007169105683
gap,cie_core,cie_core_n016_f000_m016_proc090.lp,D:\git\git\RDMCT-A3C\cie\data\core\spbs\cie_core_n016_f000_m016_proc090.lp,16,pure22,0.9,0.0,0.005304648221531406,-0.005304648221531406,0.599999999999999,-0.03278942269706497,4.479776003361644e-05
gap,cie_core,cie_core_n016_f000_m016_proc100.lp,D:\git\git\RDMCT-A3C\cie\data\core\spbs\cie_core_n016_f000_m016_proc100.lp,16,pure22,1.0,0.0,0.03803155001381636,-0.03803155001381636,0.6000000000000005,-0.23508299083168732,0.002302667190765471
gap,cie_core,cie_core_n016_f000_m016_proc110.lp,D:\git\git\RDMCT-A3C\cie\data\core\spbs\cie_core_n016_f000_m016_proc110.lp,16,pure22,1.1,0.0,-0.04333619823535161,0.04333619823535161,0.6000000000000005,0.2678724135287761,0.0029898179137388247
gap,cie_core,cie_core_n016_f004_m012_proc090.lp,D:\git\git\RDMCT-A3C\cie\data\core\spbs\cie_core_n016_f004_m012_proc090.lp,16,1to3,0.9,0.0,-0.02609963839812681,0.02609963839812681,0.5999999999999998,0.16132871397637533,0.001084456414719629
gap,cie_core,cie_core_n016_f004_m012_proc100.lp,D:\git\git\RDMCT-A3C\cie\data\core\spbs\cie_core_n016_f004_m012_proc100.lp,16,1to3,1.0,0.0,0.05463820410327738,-0.05463820410327738,0.6000000000000008,-0.3377330776580071,0.004752651322681241
gap,cie_core,cie_core_n016_f004_m012_proc110.lp,D:\git\git\RDMCT-A3C\cie\data\core\spbs\cie_core_n016_f004_m012_proc110.lp,16,1to3,1.1,0.0,-0.028538565705158354,0.028538565705158354,0.6000000000000003,0.17640436368167955,0.0012966041469140962
gap,cie_core,cie_core_n016_f008_m008_proc090.lp,D:\git\git\RDMCT-A3C\cie\data\core\spbs\cie_core_n016_f008_m008_proc090.lp,16,1to1,0.9,0.0,0.20400280565261375,-0.20400280565261375,0.5999999999999989,-1.2609948759240532,0.06625450321277962
gap,cie_core,cie_core_n016_f008_m008_proc100.lp,D:\git\git\RDMCT-A3C\cie\data\core\spbs\cie_core_n016_f008_m008_proc100.lp,16,1to1,1.0,0.0,-0.08702734151497435,0.08702734151497435,0.6000000000000003,0.5379388355204686,0.012057424615046592
gap,cie_core,cie_core_n016_f008_m008_proc110.lp,D:\git\git\RDMCT-A3C\cie\data\core\spbs\cie_core_n016_f008_m008_proc110.lp,16,1to1,1.1,0.0,-0.11697546413765642,0.11697546413765642,0.6000000000000001,0.7230560404036921,0.02178375156517774
gap,cie_core,cie_core_n016_f012_m004_proc090.lp,D:\git\git\RDMCT-A3C\cie\data\core\spbs\cie_core_n016_f012_m004_proc090.lp,16,3to1,0.9,0.0,-0.14212775288773535,0.14212775288773535,0.6000000000000001,0.8785289376030617,0.032158878925248525
gap,cie_core,cie_core_n016_f012_m004_proc100.lp,D:\git\git\RDMCT-A3C\cie\data\core\spbs\cie_core_n016_f012_m004_proc100.lp,16,3to1,1.0,0.0,0.00037351675984550575,-0.00037351675984550575,0.6000000000000008,-0.002308805110450227,2.2210754325171252e-07
gap,cie_core,cie_core_n016_f012_m004_proc110.lp,D:\git\git\RDMCT-A3C\cie\data\core\spbs\cie_core_n016_f012_m004_proc110.lp,16,3to1,1.1,0.0,0.14175423612787783,-0.14175423612787783,0.6000000000000006,-0.8762201324925378,0.03199007169105177
gap,cie_core,cie_core_n024_f000_m024_proc090.lp,D:\git\git\RDMCT-A3C\cie\data\core\spbs\cie_core_n024_f000_m024_proc090.lp,24,pure22,0.9,4.072914679336618,3.801646497636548,0.27126818170007017,0.5999999999999994,1.6767798169771941,0.11714960644258608
gap,cie_core,cie_core_n024_f000_m024_proc100.lp,D:\git\git\RDMCT-A3C\cie\data\core\spbs\cie_core_n024_f000_m024_proc100.lp,24,pure22,1.0,3.7474296424797147,3.802218758337374,-0.05478911585765944,0.6000000000000003,-0.33866590281393416,0.004778941405365719
gap,cie_core,cie_core_n024_f000_m024_proc110.lp,D:\git\git\RDMCT-A3C\cie\data\core\spbs\cie_core_n024_f000_m024_proc110.lp,24,pure22,1.1,3.478470129941935,3.694949195784354,-0.21647906584241872,0.6000000000000001,-1.338113914163311,0.07460620196989406
gap,cie_core,cie_core_n024_f006_m018_proc090.lp,D:\git\git\RDMCT-A3C\cie\data\core\spbs\cie_core_n024_f006_m018_proc090.lp,24,1to3,0.9,3.1962350631269176,3.412927266251305,-0.2166922031243872,0.5999999999999994,-1.339431371634401,0.0747531833049337
gap,cie_core,cie_core_n024_f006_m018_proc100.lp,D:\git\git\RDMCT-A3C\cie\data\core\spbs\cie_core_n024_f006_m018_proc100.lp,24,1to3,1.0,3.649376482449482,3.4615104676612507,0.18786601478823117,0.6000000000000005,1.1612491369929216,0.05618748159028368
gap,cie_core,cie_core_n024_f006_m018_proc110.lp,D:\git\git\RDMCT-A3C\cie\data\core\spbs\cie_core_n024_f006_m018_proc110.lp,24,1to3,1.1,3.3812580718851057,3.352431883548962,0.028826188336143588,0.6000000000000009,0.17818223464140454,0.001322871197575194
gap,cie_core,cie_core_n024_f012_m012_proc090.lp,D:\git\git\RDMCT-A3C\cie\data\core\spbs\cie_core_n024_f012_m012_proc090.lp,24,1to1,0.9,3.219113676590383,2.7531208613243434,0.46599281526603953,0.5999999999999988,2.8804238764662844,0.34570173783820896
gap,cie_core,cie_core_n024_f012_m012_proc100.lp,D:\git\git\RDMCT-A3C\cie\data\core\spbs\cie_core_n024_f012_m012_proc100.lp,24,1to1,1.0,2.2487622197831216,2.429936073065297,-0.1811738532821754,0.6000000000000002,-1.119883130574546,0.05225575942272694
gap,cie_core,cie_core_n024_f012_m012_proc110.lp,D:\git\git\RDMCT-A3C\cie\data\core\spbs\cie_core_n024_f012_m012_proc110.lp,24,1to1,1.1,2.089267174154892,2.3740861361387617,-0.2848189619838699,0.6000000000000003,-1.7605407458917797,0.12914598824771617
gap,cie_core,cie_core_n024_f018_m006_proc090.lp,D:\git\git\RDMCT-A3C\cie\data\core\spbs\cie_core_n024_f018_m006_proc090.lp,24,3to1,0.9,0.8220707516734317,1.353649242607872,-0.5315784909344402,0.5999999999999988,-3.285826148691409,0.44986056164267346
gap,cie_core,cie_core_n024_f018_m006_proc100.lp,D:\git\git\RDMCT-A3C\cie\data\core\spbs\cie_core_n024_f018_m006_proc100.lp,24,3to1,1.0,1.5039926205577296,1.4639958711639944,0.03999674939373521,0.6000000000000005,0.24723040390436166,0.0025467863589464144
gap,cie_core,cie_core_n024_f018_m006_proc110.lp,D:\git\git\RDMCT-A3C\cie\data\core\spbs\cie_core_n024_f018_m006_proc110.lp,24,3to1,1.1,2.0710565177688656,1.579474776228174,0.49158174154069156,0.6000000000000008,3.0385957447869725,0.3847110041765635
gap,cie_core,cie_core_n032_f000_m032_proc090.lp,D:\git\git\RDMCT-A3C\cie\data\core\spbs\cie_core_n032_f000_m032_proc090.lp,32,pure22,0.9,2.77450256175104,3.0351614470080412,-0.2606588852570013,0.5999999999999992,-1.6112009715830264,0.10816535711792
gap,cie_core,cie_core_n032_f000_m032_proc100.lp,D:\git\git\RDMCT-A3C\cie\data\core\spbs\cie_core_n032_f000_m032_proc100.lp,32,pure22,1.0,3.0906386728717843,2.959786456986499,0.13085221588528517,0.6000000000000004,0.8088318844772655,0.027258709056126908
gap,cie_core,cie_core_n032_f000_m032_proc110.lp,D:\git\git\RDMCT-A3C\cie\data\core\spbs\cie_core_n032_f000_m032_proc110.lp,32,pure22,1.1,2.8216795071639797,2.691872837792259,0.12980666937172058,0.6000000000000005,0.8023690871057908,0.0268248396642909
gap,cie_core,cie_core_n032_f008_m024_proc090.lp,D:\git\git\RDMCT-A3C\cie\data\core\spbs\cie_core_n032_f008_m024_proc090.lp,32,1to3,0.9,3.4254365782550975,3.2609436519269654,0.16449292632813206,0.5999999999999992,1.016773943681641,0.04307621885624639
gap,cie_core,cie_core_n032_f008_m024_proc100.lp,D:\git\git\RDMCT-A3C\cie\data\core\spbs\cie_core_n032_f008_m024_proc100.lp,32,1to3,1.0,3.1549899960328593,3.233579602614543,-0.07858960658168357,0.6000000000000002,-0.4857829816769517,0.009832712720289573
gap,cie_core,cie_core_n032_f008_m024_proc110.lp,D:\git\git\RDMCT-A3C\cie\data\core\spbs\cie_core_n032_f008_m024_proc110.lp,32,1to3,1.1,2.8779536421145817,2.9638569618610355,-0.08590331974645382,0.6000000000000005,-0.5309909620047236,0.011747975072112603
gap,cie_core,cie_core_n032_f016_m016_proc090.lp,D:\git\git\RDMCT-A3C\cie\data\core\spbs\cie_core_n032_f016_m016_proc090.lp,32,1to1,0.9,3.512500496226225,3.5704877001870368,-0.057987203960811584,0.599999999999999,-0.3584341246181755,0.005353125903783217
gap,cie_core,cie_core_n032_f016_m016_proc100.lp,D:\git\git\RDMCT-A3C\cie\data\core\spbs\cie_core_n032_f016_m016_proc100.lp,32,1to1,1.0,3.178474831457855,3.1713556612056215,0.00711917025223352,0.6000000000000002,0.04400545953365134,8.068668619865946e-05
gap,cie_core,cie_core_n032_f016_m016_proc110.lp,D:\git\git\RDMCT-A3C\cie\data\core\spbs\cie_core_n032_f016_m016_proc110.lp,32,1to1,1.1,3.0057297013464344,2.954861667637868,0.05086803370856652,0.600000000000001,0.3144286650844536,0.004119391059449662
gap,cie_core,cie_core_n032_f024_m008_proc090.lp,D:\git\git\RDMCT-A3C\cie\data\core\spbs\cie_core_n032_f024_m008_proc090.lp,32,3to1,0.9,3.5777662690568683,3.3304432838979072,0.24732298515896112,0.5999999999999999,1.5287682734852388,0.09738051808395985
gap,cie_core,cie_core_n032_f024_m008_proc100.lp,D:\git\git\RDMCT-A3C\cie\data\core\spbs\cie_core_n032_f024_m008_proc100.lp,32,3to1,1.0,3.325592945857621,3.364842661731661,-0.039249715874039914,0.6000000000000002,-0.24261279368343464,0.002452540319120036
gap,cie_core,cie_core_n032_f024_m008_proc110.lp,D:\git\git\RDMCT-A3C\cie\data\core\spbs\cie_core_n032_f024_m008_proc110.lp,32,3to1,1.1,3.111604240869697,3.3196775101546216,-0.20807326928492476,0.6000000000000005,-1.2861554798018273,0.06892482992601134
solving_time,cie_core,cie_core_n008_f008_m000_proc090.lp,D:\git\git\RDMCT-A3C\cie\data\core\pure41\cie_core_n008_f008_m000_proc090.lp,8,pure41,0.9,0.03687755999999354,1.9362526259996125,-1.899375065999619,0.5999999999999888,-0.2605749735023801,0.002829138200656789
solving_time,cie_core,cie_core_n008_f008_m000_proc100.lp,D:\git\git\RDMCT-A3C\cie\data\core\pure41\cie_core_n008_f008_m000_proc100.lp,8,pure41,1.0,0.035339159999603,-5.668524357000091,5.703863516999695,0.6000000000000056,0.7825121596093005,0.025513553330684408
solving_time,cie_core,cie_core_n008_f008_m000_proc110.lp,D:\git\git\RDMCT-A3C\cie\data\core\pure41\cie_core_n008_f008_m000_proc110.lp,8,pure41,1.1,0.03511664000016026,3.8396050910000135,-3.804488450999853,0.6000000000000043,-0.5219371861068836,0.011350767760049018
solving_time,cie_core,cie_core_n016_f016_m000_proc090.lp,D:\git\git\RDMCT-A3C\cie\data\core\pure41\cie_core_n016_f016_m000_proc090.lp,16,pure41,0.9,0.2568866000001435,-6.1118648673328035,6.368751467332947,0.6000000000000036,0.8737280353683927,0.03180836165786345
solving_time,cie_core,cie_core_n016_f016_m000_proc100.lp,D:\git\git\RDMCT-A3C\cie\data\core\pure41\cie_core_n016_f016_m000_proc100.lp,16,pure41,1.0,0.25548322000031476,6.313268993667741,-6.057785773667426,0.5999999999999996,-0.8310666996282572,0.028777994134625118
solving_time,cie_core,cie_core_n016_f016_m000_proc110.lp,D:\git\git\RDMCT-A3C\cie\data\core\pure41\cie_core_n016_f016_m000_proc110.lp,16,pure41,1.1,0.24689135999979045,0.5578570536668179,-0.3109656936670275,0.5999999999999989,-0.04266133574033778,7.58328986312422e-05
solving_time,cie_core,cie_core_n024_f024_m000_proc090.lp,D:\git\git\RDMCT-A3C\cie\data\core\pure41\cie_core_n024_f024_m000_proc090.lp,24,pure41,0.9,2.2914068599997335,4.956703790000022,-2.6652969300002884,0.6000000000000016,-0.3656516763556118,0.005570881184236249
solving_time,cie_core,cie_core_n024_f024_m000_proc100.lp,D:\git\git\RDMCT-A3C\cie\data\core\pure41\cie_core_n024_f024_m000_proc100.lp,24,pure41,1.0,2.283526999999958,7.556034667000718,-5.27250766700076,0.5999999999999996,-0.7233345168173928,0.02180053430081043
solving_time,cie_core,cie_core_n024_f024_m000_proc110.lp,D:\git\git\RDMCT-A3C\cie\data\core\pure41\cie_core_n024_f024_m000_proc110.lp,24,pure41,1.1,2.325731679999808,-5.6120729170004235,7.937804597000231,0.6000000000000003,1.0889861931728926,0.049412122038382925
solving_time,cie_core,cie_core_n032_f032_m000_proc090.lp,D:\git\git\RDMCT-A3C\cie\data\core\pure41\cie_core_n032_f032_m000_proc090.lp,32,pure41,0.9,7.561414139999942,9.365493611333074,-1.8040794713331314,0.5999999999999981,-0.24750138551040582,0.0025523723262320845
solving_time,cie_core,cie_core_n032_f032_m000_proc100.lp,D:\git\git\RDMCT-A3C\cie\data\core\pure41\cie_core_n032_f032_m000_proc100.lp,32,pure41,1.0,7.383484660000249,1.7570547363331999,5.626429923667049,0.6000000000000006,0.7718890568361584,0.024825529835975656
solving_time,cie_core,cie_core_n032_f032_m000_proc110.lp,D:\git\git\RDMCT-A3C\cie\data\core\pure41\cie_core_n032_f032_m000_proc110.lp,32,pure41,1.1,7.305440340000132,11.12779079233401,-3.822350452333877,0.6000000000000009,-0.5243876713257463,0.011457601243268329
solving_time,cie_core,cie_core_n008_f000_m008_proc090.lp,D:\git\git\RDMCT-A3C\cie\data\core\spbs\cie_core_n008_f000_m008_proc090.lp,8,pure22,0.9,0.3878060200000618,0.32878255766619424,0.05902346233386757,0.5999999999999984,0.008097419729774185,2.732008595005659e-06
solving_time,cie_core,cie_core_n008_f000_m008_proc100.lp,D:\git\git\RDMCT-A3C\cie\data\core\spbs\cie_core_n008_f000_m008_proc100.lp,8,pure22,1.0,0.38452213999935336,2.6461689196666214,-2.261646779667268,0.6000000000000003,-0.3102749742444331,0.004011273318432657
solving_time,cie_core,cie_core_n008_f000_m008_proc110.lp,D:\git\git\RDMCT-A3C\cie\data\core\spbs\cie_core_n008_f000_m008_proc110.lp,8,pure22,1.1,0.46113861999983785,-1.7414846973327727,2.2026233173326104,0.6000000000000003,0.3021775545145506,0.0038046364355164295
solving_time,cie_core,cie_core_n008_f002_m006_proc090.lp,D:\git\git\RDMCT-A3C\cie\data\core\spbs\cie_core_n008_f002_m006_proc090.lp,8,1to3,0.9,0.4598759799999243,-3.7503716056665652,4.210247585666489,0.5999999999999985,0.577603219454782,0.013901061630188626
solving_time,cie_core,cie_core_n008_f002_m006_proc100.lp,D:\git\git\RDMCT-A3C\cie\data\core\spbs\cie_core_n008_f002_m006_proc100.lp,8,1to3,1.0,0.4494511399998373,-0.8334749436668076,1.282926083666645,0.6000000000000002,0.1760044323215414,0.0012907316748678361
solving_time,cie_core,cie_core_n008_f002_m006_proc110.lp,D:\git\git\RDMCT-A3C\cie\data\core\spbs\cie_core_n008_f002_m006_proc110.lp,8,1to3,1.1,0.699784279999949,6.192957949333714,-5.493173669333765,0.5999999999999999,-0.7536076517764108,0.023663520533998155
solving_time,cie_core,cie_core_n008_f004_m004_proc090.lp,D:\git\git\RDMCT-A3C\cie\data\core\spbs\cie_core_n008_f004_m004_proc090.lp,8,1to1,0.9,0.3116820200000802,1.205717116000052,-0.8940350959999717,0.6000000000000006,-0.12265253746910075,0.0006268185394837168
solving_time,cie_core,cie_core_n008_f004_m004_proc100.lp,D:\git\git\RDMCT-A3C\cie\data\core\spbs\cie_core_n008_f004_m004_proc100.lp,8,1to1,1.0,0.35094842000016796,0.5295800080002273,-0.17863158800005935,0.6000000000000003,-0.024506440114452657,2.5023566961802302e-05
solving_time,cie_core,cie_core_n008_f004_m004_proc110.lp,D:\git\git\RDMCT-A3C\cie\data\core\spbs\cie_core_n008_f004_m004_proc110.lp,8,1to1,1.1,0.3299860600001921,-0.7426806239990853,1.0726666839992773,0.6000000000000005,0.14715897758345,0.0009023235284752664
solving_time,cie_core,cie_core_n008_f006_m002_proc090.lp,D:\git\git\RDMCT-A3C\cie\data\core\spbs\cie_core_n008_f006_m002_proc090.lp,8,3to1,0.9,0.3276365199997599,1.8034974060007014,-1.4758608860009415,0.599999999999998,-0.2024731282130963,0.0017081403186831909
solving_time,cie_core,cie_core_n008_f006_m002_proc100.lp,D:\git\git\RDMCT-A3C\cie\data\core\spbs\cie_core_n008_f006_m002_proc100.lp,8,3to1,1.0,0.44353902000002565,4.990050252999762,-4.546511232999736,0.6,-0.62373517757205,0.0162102321558682
solving_time,cie_core,cie_core_n008_f006_m002_proc110.lp,D:\git\git\RDMCT-A3C\cie\data\core\spbs\cie_core_n008_f006_m002_proc110.lp,8,3to1,1.1,0.4246158200001446,-5.597756298999887,6.022372119000031,0.6000000000000005,0.8262083057850587,0.02844250685617577
solving_time,cie_core,cie_core_n016_f000_m016_proc090.lp,D:\git\git\RDMCT-A3C\cie\data\core\spbs\cie_core_n016_f000_m016_proc090.lp,16,pure22,0.9,46.33722055999988,45.70580256433299,0.6314179956668866,0.599999999999999,0.08662413782042355,0.0003126558855471542
solving_time,cie_core,cie_core_n016_f000_m016_proc100.lp,D:\git\git\RDMCT-A3C\cie\data\core\spbs\cie_core_n016_f000_m016_proc100.lp,16,pure22,1.0,85.76365441999988,68.05309977033366,17.71055464966622,0.6000000000000005,2.429708271504826,0.2459784285257909
solving_time,cie_core,cie_core_n016_f000_m016_proc110.lp,D:\git\git\RDMCT-A3C\cie\data\core\spbs\cie_core_n016_f000_m016_proc110.lp,16,pure22,1.1,30.059932120000305,48.401904765333256,-18.34197264533295,0.6000000000000005,-2.516332409325228,0.26383036642585506
solving_time,cie_core,cie_core_n016_f004_m012_proc090.lp,D:\git\git\RDMCT-A3C\cie\data\core\spbs\cie_core_n016_f004_m012_proc090.lp,16,1to3,0.9,40.14523943999975,52.241155387666645,-12.095915947666896,0.5999999999999998,-1.659436850557769,0.11473877754121185
solving_time,cie_core,cie_core_n016_f004_m012_proc100.lp,D:\git\git\RDMCT-A3C\cie\data\core\spbs\cie_core_n016_f004_m012_proc100.lp,16,1to3,1.0,82.03713915999997,75.18796289366665,6.849176266333316,0.6000000000000008,0.9396374397353069,0.03678827158968022
solving_time,cie_core,cie_core_n016_f004_m012_proc110.lp,D:\git\git\RDMCT-A3C\cie\data\core\spbs\cie_core_n016_f004_m012_proc110.lp,16,1to3,1.1,72.19759408000009,66.95085439866614,5.246739681333949,0.6000000000000003,0.7197994108225144,0.021587966325851648
solving_time,cie_core,cie_core_n016_f008_m008_proc090.lp,D:\git\git\RDMCT-A3C\cie\data\core\spbs\cie_core_n016_f008_m008_proc090.lp,16,1to1,0.9,25.898655699999654,25.048797129332364,0.8498585706672905,0.5999999999999989,0.11659196674557543,0.0005664036129000542
solving_time,cie_core,cie_core_n016_f008_m008_proc100.lp,D:\git\git\RDMCT-A3C\cie\data\core\spbs\cie_core_n016_f008_m008_proc100.lp,16,1to1,1.0,38.30181345999972,44.402570865332784,-6.100757405333063,0.6000000000000003,-0.8369619711747097,0.029187722549694022
solving_time,cie_core,cie_core_n016_f008_m008_proc110.lp,D:\git\git\RDMCT-A3C\cie\data\core\spbs\cie_core_n016_f008_m008_proc110.lp,16,1to1,1.1,33.117667679999975,27.866768845332444,5.250898834667531,0.6000000000000001,0.720370004429375,0.02162220597006575
solving_time,cie_core,cie_core_n016_f012_m004_proc090.lp,D:\git\git\RDMCT-A3C\cie\data\core\spbs\cie_core_n016_f012_m004_proc090.lp,16,3to1,0.9,15.17052472000014,10.924636806000159,4.245887913999981,0.6000000000000001,0.5824927106234102,0.014137406580392002
solving_time,cie_core,cie_core_n016_f012_m004_proc100.lp,D:\git\git\RDMCT-A3C\cie\data\core\spbs\cie_core_n016_f012_m004_proc100.lp,16,3to1,1.0,21.739912759999605,34.141100496999464,-12.401187736999859,0.6000000000000008,-1.7013170404372764,0.12060331967009424
solving_time,cie_core,cie_core_n016_f012_m004_proc110.lp,D:\git\git\RDMCT-A3C\cie\data\core\spbs\cie_core_n016_f012_m004_proc110.lp,16,3to1,1.1,16.44505237999965,8.289752556998792,8.15529982300086,0.6000000000000006,1.1188243298140002,0.052156995040989584
solving_time,cie_core,cie_core_n024_f000_m024_proc090.lp,D:\git\git\RDMCT-A3C\cie\data\core\spbs\cie_core_n024_f000_m024_proc090.lp,24,pure22,0.9,539.7501691599997,540.4513266016671,-0.7011574416674193,0.5999999999999994,-0.09619168170312473,0.00038553498453646823
solving_time,cie_core,cie_core_n024_f000_m024_proc100.lp,D:\git\git\RDMCT-A3C\cie\data\core\spbs\cie_core_n024_f000_m024_proc100.lp,24,pure22,1.0,539.7958908400003,552.972820823668,-13.17692998366772,0.6000000000000003,-1.8077410000799037,0.13616364680707896
solving_time,cie_core,cie_core_n024_f000_m024_proc110.lp,D:\git\git\RDMCT-A3C\cie\data\core\spbs\cie_core_n024_f000_m024_proc110.lp,24,pure22,1.1,539.7870176000009,525.9089301746674,13.878087425333547,0.6000000000000001,1.9039326817828095,0.15103998569836177
solving_time,cie_core,cie_core_n024_f006_m018_proc090.lp,D:\git\git\RDMCT-A3C\cie\data\core\spbs\cie_core_n024_f006_m018_proc090.lp,24,1to3,0.9,539.7822259000004,536.2531239116671,3.5291019883333092,0.5999999999999994,0.48415695960144073,0.009766998397104607
solving_time,cie_core,cie_core_n024_f006_m018_proc100.lp,D:\git\git\RDMCT-A3C\cie\data\core\spbs\cie_core_n024_f006_m018_proc100.lp,24,1to3,1.0,539.7919459599995,549.3741284336672,-9.582182473667785,0.6000000000000005,-1.3145781414461783,0.07200482041533718
solving_time,cie_core,cie_core_n024_f006_m018_proc110.lp,D:\git\git\RDMCT-A3C\cie\data\core\spbs\cie_core_n024_f006_m018_proc110.lp,24,1to3,1.1,539.7774047799998,533.7243242946665,6.053080485333226,0.6000000000000009,0.8304211818445657,0.028733305802338658
solving_time,cie_core,cie_core_n024_f012_m012_proc090.lp,D:\git\git\RDMCT-A3C\cie\data\core\spbs\cie_core_n024_f012_m012_proc090.lp,24,1to1,0.9,483.9832667800001,482.78254753333357,1.2007192466665515,0.5999999999999988,0.16472648898298278,0.0011306173405275254
solving_time,cie_core,cie_core_n024_f012_m012_proc100.lp,D:\git\git\RDMCT-A3C\cie\data\core\spbs\cie_core_n024_f012_m012_proc100.lp,24,1to1,1.0,498.7192530399996,492.3105182853341,6.408734754665488,0.6000000000000002,0.8792133364148844,0.03220900378874139
solving_time,cie_core,cie_core_n024_f012_m012_proc110.lp,D:\git\git\RDMCT-A3C\cie\data\core\spbs\cie_core_n024_f012_m012_proc110.lp,24,1to1,1.1,460.75256662000027,468.3620206213336,-7.609454001333347,0.6000000000000003,-1.043939825398047,0.04540876496050443
solving_time,cie_core,cie_core_n024_f018_m006_proc090.lp,D:\git\git\RDMCT-A3C\cie\data\core\spbs\cie_core_n024_f018_m006_proc090.lp,24,3to1,0.9,480.5192745200005,481.88264138333466,-1.3633668633341358,0.5999999999999988,-0.18704009052596002,0.0014576664776649643
solving_time,cie_core,cie_core_n024_f018_m006_proc100.lp,D:\git\git\RDMCT-A3C\cie\data\core\spbs\cie_core_n024_f018_m006_proc100.lp,24,3to1,1.0,516.8961874600002,495.27330209033414,21.62288536966605,0.6000000000000005,2.966440321927943,0.3666570076483324
solving_time,cie_core,cie_core_n024_f018_m006_proc110.lp,D:\git\git\RDMCT-A3C\cie\data\core\spbs\cie_core_n024_f018_m006_proc110.lp,24,3to1,1.1,441.74973999999895,462.00925850633325,-20.259518506334302,0.6000000000000008,-2.779400231402311,0.3218777352633018
solving_time,cie_core,cie_core_n032_f000_m032_proc090.lp,D:\git\git\RDMCT-A3C\cie\data\core\spbs\cie_core_n032_f000_m032_proc090.lp,32,pure22,0.9,539.7198041800002,539.7090881963335,0.01071598366672788,0.5999999999999992,0.001470124152935549,9.005270937685243e-08
solving_time,cie_core,cie_core_n032_f000_m032_proc100.lp,D:\git\git\RDMCT-A3C\cie\data\core\spbs\cie_core_n032_f000_m032_proc100.lp,32,pure22,1.0,539.7508347800009,542.0228126663336,-2.2719778863327065,0.6000000000000004,-0.31169229718069075,0.004048003671740676
solving_time,cie_core,cie_core_n032_f000_m032_proc110.lp,D:\git\git\RDMCT-A3C\cie\data\core\spbs\cie_core_n032_f000_m032_proc110.lp,32,pure22,1.1,539.7590275600011,537.497765657335,2.2612619026660923,0.6000000000000005,0.31022217302777083,0.004009908193253016
solving_time,cie_core,cie_core_n032_f008_m024_proc090.lp,D:\git\git\RDMCT-A3C\cie\data\core\spbs\cie_core_n032_f008_m024_proc090.lp,32,1to3,0.9,539.733617340001,535.3770509663341,4.356566373666965,0.5999999999999992,0.5976766715015265,0.014884058485714268
solving_time,cie_core,cie_core_n032_f008_m024_proc100.lp,D:\git\git\RDMCT-A3C\cie\data\core\spbs\cie_core_n032_f008_m024_proc100.lp,32,1to3,1.0,539.74036586,538.2902857363337,1.4500801236663392,0.6000000000000002,0.19893626938912637,0.0016489849699359619
solving_time,cie_core,cie_core_n032_f008_m024_proc110.lp,D:\git\git\RDMCT-A3C\cie\data\core\spbs\cie_core_n032_f008_m024_proc110.lp,32,1to3,1.1,539.3726787400007,545.1793252373349,-5.806646497334214,0.6000000000000005,-0.7966129408907788,0.026441340733110705
solving_time,cie_core,cie_core_n032_f016_m016_proc090.lp,D:\git\git\RDMCT-A3C\cie\data\core\spbs\cie_core_n032_f016_m016_proc090.lp,32,1to1,0.9,539.3524584599988,540.5090011813328,-1.156542721333949,0.599999999999999,-0.15866591825946855,0.0010489530673800102
solving_time,cie_core,cie_core_n032_f016_m016_proc100.lp,D:\git\git\RDMCT-A3C\cie\data\core\spbs\cie_core_n032_f016_m016_proc100.lp,32,1to1,1.0,539.699856420001,539.8292021813328,-0.12934576133181963,0.6000000000000002,-0.017744925125647265,1.3120098654784494e-05
solving_time,cie_core,cie_core_n032_f016_m016_proc110.lp,D:\git\git\RDMCT-A3C\cie\data\core\spbs\cie_core_n032_f016_m016_proc110.lp,32,1to1,1.1,539.70543664,538.4195481573341,1.2858884826658823,0.600000000000001,0.17641084338513183,0.0012966994026605682
solving_time,cie_core,cie_core_n032_f024_m008_proc090.lp,D:\git\git\RDMCT-A3C\cie\data\core\spbs\cie_core_n032_f024_m008_proc090.lp,32,3to1,0.9,539.6905134200002,541.0971735846664,-1.4066601646661638,0.5999999999999999,-0.19297949188452596,0.0015517118453337415
solving_time,cie_core,cie_core_n032_f024_m008_proc100.lp,D:\git\git\RDMCT-A3C\cie\data\core\spbs\cie_core_n032_f024_m008_proc100.lp,32,3to1,1.0,539.6048781399986,544.2800645396652,-4.675186399666586,0.6000000000000002,-0.6413881039186342,0.017140779160347546
solving_time,cie_core,cie_core_n032_f024_m008_proc110.lp,D:\git\git\RDMCT-A3C\cie\data\core\spbs\cie_core_n032_f024_m008_proc110.lp,32,3to1,1.1,539.6367111599997,533.5548645956663,6.081846564333318,0.6000000000000005,0.8343675958032385,0.029007053538603243
