response,effect_type,term,factor,level,baseline,factor_a,level_a,baseline_a,factor_b,level_b,baseline_b,estimate,std_error,ci_low,ci_high,t_statistic,p_value
failure_rate,intercept,Intercept,,,,,,,,,,0.0,0.0,0.0,0.0,0.0,1.0
failure_rate,main,wafer_count[T.16],wafer_count,16,8,,,,,,,0.0,0.0,0.0,0.0,0.0,1.0
failure_rate,main,wafer_count[T.24],wafer_count,24,8,,,,,,,0.0,0.0,0.0,0.0,0.0,1.0
failure_rate,main,wafer_count[T.32],wafer_count,32,8,,,,,,,0.0,0.0,0.0,0.0,0.0,1.0
failure_rate,main,recipe_mix[T.3to1],recipe_mix,3to1,pure41,,,,,,,0.0,0.0,0.0,0.0,0.0,1.0
failure_rate,main,recipe_mix[T.1to1],recipe_mix,1to1,pure41,,,,,,,0.0,0.0,0.0,0.0,0.0,1.0
failure_rate,main,recipe_mix[T.1to3],recipe_mix,1to3,pure41,,,,,,,0.0,0.0,0.0,0.0,0.0,1.0
failure_rate,main,recipe_mix[T.pure22],recipe_mix,pure22,pure41,,,,,,,0.0,0.0,0.0,0.0,0.0,1.0
failure_rate,main,process_scale[T.1.0],process_scale,1.0,0.9,,,,,,,0.0,0.0,0.0,0.0,0.0,1.0
failure_rate,main,process_scale[T.1.1],process_scale,1.1,0.9,,,,,,,0.0,0.0,0.0,0.0,0.0,1.0
failure_rate,interaction,wafer_count[T.16]:recipe_mix[T.3to1],,,,wafer_count,16,8,recipe_mix,3to1,pure41,0.0,0.0,0.0,0.0,0.0,1.0
failure_rate,interaction,wafer_count[T.16]:recipe_mix[T.1to1],,,,wafer_count,16,8,recipe_mix,1to1,pure41,0.0,0.0,0.0,0.0,0.0,1.0
failure_rate,interaction,wafer_count[T.16]:recipe_mix[T.1to3],,,,wafer_count,16,8,recipe_mix,1to3,pure41,0.0,0.0,0.0,0.0,0.0,1.0
failure_rate,interaction,wafer_count[T.16]:recipe_mix[T.pure22],,,,wafer_count,16,8,recipe_mix,pure22,pure41,0.0,0.0,0.0,0.0,0.0,1.0
failure_rate,interaction,wafer_count[T.24]:recipe_mix[T.3to1],,,,wafer_count,24,8,recipe_mix,3to1,pure41,0.0,0.0,0.0,0.0,0.0,1.0
failure_rate,interaction,wafer_count[T.24]:recipe_mix[T.1to1],,,,wafer_count,24,8,recipe_mix,1to1,pure41,0.0,0.0,0.0,0.0,0.0,1.0
failure_rate,interaction,wafer_count[T.24]:recipe_mix[T.1to3],,,,wafer_count,24,8,recipe_mix,1to3,pure41,0.0,0.0,0.0,0.0,0.0,1.0
failure_rate,interaction,wafer_count[T.24]:recipe_mix[T.pure22],,,,wafer_count,24,8,recipe_mix,pure22,pure41,0.0,0.0,0.0,0.0,0.0,1.0
failure_rate,interaction,wafer_count[T.32]:recipe_mix[T.3to1],,,,wafer_count,32,8,recipe_mix,3to1,pure41,0.0,0.0,0.0,0.0,0.0,1.0
failure_rate,interaction,wafer_count[T.32]:recipe_mix[T.1to1],,,,wafer_count,32,8,recipe_mix,1to1,pure41,0.0,0.0,0.0,0.0,0.0,1.0
failure_rate,interaction,wafer_count[T.32]:recipe_mix[T.1to3],,,,wafer_count,32,8,recipe_mix,1to3,pure41,0.0,0.0,0.0,0.0,0.0,1.0
failure_rate,interaction,wafer_count[T.32]:recipe_mix[T.pure22],,,,wafer_count,32,8,recipe_mix,pure22,pure41,0.0,0.0,0.0,0.0,0.0,1.0
failure_rate,interaction,wafer_count[T.16]:process_scale[T.1.0],,,,wafer_count,16,8,process_scale,1.0,0.9,0.0,0.0,0.0,0.0,0.0,1.0
failure_rate,interaction,wafer_count[T.16]:process_scale[T.1.1],,,,wafer_count,16,8,process_scale,1.1,0.9,0.0,0.0,0.0,0.0,0.0,1.0
failure_rate,interaction,wafer_count[T.24]:process_scale[T.1.0],,,,wafer_count,24,8,process_scale,1.0,0.9,0.0,0.0,0.0,0.0,0.0,1.0
failure_rate,interaction,wafer_count[T.24]:process_scale[T.1.1],,,,wafer_count,24,8,process_scale,1.1,0.9,0.0,0.0,0.0,0.0,0.0,1.0
failure_rate,interaction,wafer_count[T.32]:process_scale[T.1.0],,,,wafer_count,32,8,process_scale,1.0,0.9,0.0,0.0,0.0,0.0,0.0,1.0
failure_rate,interaction,wafer_count[T.32]:process_scale[T.1.1],,,,wafer_count,32,8,process_scale,1.1,0.9,0.0,0.0,0.0,0.0,0.0,1.0
failure_rate,interaction,recipe_mix[T.3to1]:process_scale[T.1.0],,,,recipe_mix,3to1,pure41,process_scale,1.0,0.9,0.0,0.0,0.0,0.0,0.0,1.0
failure_rate,interaction,recipe_mix[T.3to1]:process_scale[T.1.1],,,,recipe_mix,3to1,pure41,process_scale,1.1,0.9,0.0,0.0,0.0,0.0,0.0,1.0
failure_rate,interaction,recipe_mix[T.1to1]:process_scale[T.1.0],,,,recipe_mix,1to1,pure41,process_scale,1.0,0.9,0.0,0.0,0.0,0.0,0.0,1.0
failure_rate,interaction,recipe_mix[T.1to1]:process_scale[T.1.1],,,,recipe_mix,1to1,pure41,process_scale,1.1,0.9,0.0,0.0,0.0,0.0,0.0,1.0
failure_rate,interaction,recipe_mix[T.1to3]:process_scale[T.1.0],,,,recipe_mix,1to3,pure41,process_scale,1.0,0.9,0.0,0.0,0.0,0.0,0.0,1.0
failure_rate,interaction,recipe_mix[T.1to3]:process_scale[T.1.1],,,,recipe_mix,1to3,pure41,process_scale,1.1,0.9,0.0,0.0,0.0,0.0,0.0,1.0
failure_rate,interaction,recipe_mix[T.pure22]:process_scale[T.1.0],,,,recipe_mix,pure22,pure41,process_scale,1.0,0.9,0.0,0.0,0.0,0.0,0.0,1.0
failure_rate,interaction,recipe_mix[T.pure22]:process_scale[T.1.1],,,,recipe_mix,pure22,pure41,process_scale,1.1,0.9,0.0,0.0,0.0,0.0,0.0,1.0
optimal_rate,intercept,Intercept,,,,,,,,,,1.0000000000000013,0.03162277660168349,0.9347337968571026,1.0652662031429,31.622776601684137,4.4771041827853685e-21
optimal_rate,main,wafer_count[T.16],wafer_count,16,8,,,,,,,-3.0649365210918146e-15,0.03944053188733062,-0.0814012570321088,0.08140125703210267,-7.771032423820725e-14,0.9999999999999387
optimal_rate,main,wafer_count[T.24],wafer_count,24,8,,,,,,,-1.898084000520394e-15,0.039440531887330633,-0.08140125703210767,0.08140125703210387,-4.812521306615822e-14,0.999999999999962
optimal_rate,main,wafer_count[T.32],wafer_count,32,8,,,,,,,-4.270384928920615e-16,0.039440531887330564,-0.08140125703210606,0.0814012570321052,-1.0827401976017433e-14,0.9999999999999915
optimal_rate,main,recipe_mix[T.3to1],recipe_mix,3to1,pure41,,,,,,,0.03333333333333118,0.040824829046386284,-0.05092497261421531,0.11759163928087768,0.8164965809276737,0.4222470412682664
optimal_rate,main,recipe_mix[T.1to1],recipe_mix,1to1,pure41,,,,,,,-0.033333333333334624,0.04082482904638644,-0.11759163928088143,0.05092497261421219,-0.8164965809277548,0.4222470412682209
optimal_rate,main,recipe_mix[T.1to3],recipe_mix,1to3,pure41,,,,,,,-1.1062958303678843e-15,0.04082482904638633,-0.0842583059475477,0.08425830594754548,-2.7098602889699293e-14,0.9999999999999787
optimal_rate,main,recipe_mix[T.pure22],recipe_mix,pure22,pure41,,,,,,,-1.036906891328812e-15,0.040824829046386346,-0.08425830594754766,0.08425830594754558,-2.5398927945311137e-14,0.99999999999998
optimal_rate,main,process_scale[T.1.0],process_scale,1.0,0.9,,,,,,,-5.393179038663866e-16,0.03651483716701081,-0.07536291990707554,0.07536291990707446,-1.4769829080701236e-14,0.9999999999999883
optimal_rate,main,process_scale[T.1.1],process_scale,1.1,0.9,,,,,,,-6.780957819445312e-16,0.03651483716701076,-0.07536291990707557,0.07536291990707421,-1.857041779600636e-14,0.9999999999999853
optimal_rate,interaction,wafer_count[T.16]:recipe_mix[T.3to1],,,,wafer_count,16,8,recipe_mix,3to1,pure41,3.3802231297671383e-15,0.047140452079103244,-0.09729311124055243,0.0972931112405592,7.170536090945865e-14,0.9999999999999434
optimal_rate,interaction,wafer_count[T.16]:recipe_mix[T.1to1],,,,wafer_count,16,8,recipe_mix,1to1,pure41,4.1330931183410726e-15,0.047140452079103314,-0.09729311124055183,0.0972931112405601,8.767614513763252e-14,0.9999999999999307
optimal_rate,interaction,wafer_count[T.16]:recipe_mix[T.1to3],,,,wafer_count,16,8,recipe_mix,1to3,pure41,2.769600466223302e-15,0.04714045207910323,-0.09729311124055301,0.09729311124055856,5.875209812531754e-14,0.9999999999999536
optimal_rate,interaction,wafer_count[T.16]:recipe_mix[T.pure22],,,,wafer_count,16,8,recipe_mix,pure22,pure41,2.7036809741361835e-15,0.0471404520791033,-0.09729311124055322,0.09729311124055863,5.735373452930222e-14,0.9999999999999547
optimal_rate,interaction,wafer_count[T.24]:recipe_mix[T.3to1],,,,wafer_count,24,8,recipe_mix,3to1,pure41,-0.5333333333333328,0.047140452079103244,-0.6306264445738886,-0.43604022209277693,-11.313708498984731,4.187537308079471e-11
optimal_rate,interaction,wafer_count[T.24]:recipe_mix[T.1to1],,,,wafer_count,24,8,recipe_mix,1to1,pure41,-0.6666666666666657,0.04714045207910327,-0.7639597779072216,-0.5693735554261099,-14.1421356237309,3.885937823023446e-13
optimal_rate,interaction,wafer_count[T.24]:recipe_mix[T.1to3],,,,wafer_count,24,8,recipe_mix,1to3,pure41,-0.9999999999999998,0.047140452079103175,-1.0972931112405555,-0.902706888759444,-21.21320343559642,4.6870851271384767e-17
optimal_rate,interaction,wafer_count[T.24]:recipe_mix[T.pure22],,,,wafer_count,24,8,recipe_mix,pure22,pure41,-0.9999999999999992,0.04714045207910323,-1.097293111240555,-0.9027068887594434,-21.21320343559638,4.6870851271386776e-17
optimal_rate,interaction,wafer_count[T.32]:recipe_mix[T.3to1],,,,wafer_count,32,8,recipe_mix,3to1,pure41,-0.9999999999999994,0.04714045207910318,-1.097293111240555,-0.9027068887594437,-21.21320343559641,4.687085127138543e-17
optimal_rate,interaction,wafer_count[T.32]:recipe_mix[T.1to1],,,,wafer_count,32,8,recipe_mix,1to1,pure41,-1.0000000000000004,0.047140452079103334,-1.0972931112405564,-0.9027068887594445,-21.21320343559636,4.6870851271388113e-17
optimal_rate,interaction,wafer_count[T.32]:recipe_mix[T.1to3],,,,wafer_count,32,8,recipe_mix,1to3,pure41,-1.0,0.047140452079103175,-1.0972931112405557,-0.9027068887594443,-21.213203435596423,4.6870851271384767e-17
optimal_rate,interaction,wafer_count[T.32]:recipe_mix[T.pure22],,,,wafer_count,32,8,recipe_mix,pure22,pure41,-0.9999999999999992,0.04714045207910323,-1.097293111240555,-0.9027068887594434,-21.21320343559638,4.6870851271386776e-17
optimal_rate,interaction,wafer_count[T.16]:process_scale[T.1.0],,,,wafer_count,16,8,process_scale,1.0,0.9,2.3293190094048645e-16,0.036514837167010955,-0.07536291990707505,0.07536291990707553,6.379102825383183e-15,0.9999999999999949
optimal_rate,interaction,wafer_count[T.16]:process_scale[T.1.1],,,,wafer_count,16,8,process_scale,1.1,0.9,1.80112192322352e-15,0.03651483716701085,-0.07536291990707328,0.07536291990707689,4.9325755308330794e-14,0.999999999999961
optimal_rate,interaction,wafer_count[T.24]:process_scale[T.1.0],,,,wafer_count,24,8,process_scale,1.0,0.9,-6.691243065674532e-16,0.03651483716701091,-0.07536291990707587,0.07536291990707454,-1.8324723824099896e-14,0.9999999999999856
optimal_rate,interaction,wafer_count[T.24]:process_scale[T.1.1],,,,wafer_count,24,8,process_scale,1.1,0.9,1.3778493950851792e-15,0.03651483716701097,-0.07536291990707394,0.07536291990707669,3.773395972665013e-14,0.9999999999999702
optimal_rate,interaction,wafer_count[T.32]:process_scale[T.1.0],,,,wafer_count,32,8,process_scale,1.0,0.9,8.643712461960442e-16,0.03651483716701095,-0.07536291990707442,0.07536291990707614,2.3671781480021327e-14,0.9999999999999813
optimal_rate,interaction,wafer_count[T.32]:process_scale[T.1.1],,,,wafer_count,32,8,process_scale,1.1,0.9,-3.152407174681846e-16,0.03651483716701093,-0.07536291990707555,0.07536291990707492,-8.633222600071913e-15,0.9999999999999931
optimal_rate,interaction,recipe_mix[T.3to1]:process_scale[T.1.0],,,,recipe_mix,3to1,pure41,process_scale,1.0,0.9,-0.04999999999999844,0.04082482904638626,-0.13425830594754487,0.034258305947547994,-1.224744871391552,0.23255698060331664
optimal_rate,interaction,recipe_mix[T.3to1]:process_scale[T.1.1],,,,recipe_mix,3to1,pure41,process_scale,1.1,0.9,-0.049999999999999024,0.04082482904638624,-0.13425830594754543,0.03425830594754737,-1.224744871391567,0.23255698060331104
optimal_rate,interaction,recipe_mix[T.1to1]:process_scale[T.1.0],,,,recipe_mix,1to1,pure41,process_scale,1.0,0.9,0.05000000000000106,0.0408248290463863,-0.03425830594754546,0.13425830594754756,1.2247448713916151,0.2325569806032932
optimal_rate,interaction,recipe_mix[T.1to1]:process_scale[T.1.1],,,,recipe_mix,1to1,pure41,process_scale,1.1,0.9,0.04999999999999993,0.04082482904638627,-0.034258305947546516,0.1342583059475464,1.2247448713915883,0.23255698060330324
optimal_rate,interaction,recipe_mix[T.1to3]:process_scale[T.1.0],,,,recipe_mix,1to3,pure41,process_scale,1.0,0.9,3.3032783729754953e-16,0.04082482904638632,-0.08425830594754623,0.0842583059475469,8.091346492160978e-15,0.9999999999999936
optimal_rate,interaction,recipe_mix[T.1to3]:process_scale[T.1.1],,,,recipe_mix,1to3,pure41,process_scale,1.1,0.9,1.3950825494010075e-16,0.04082482904638631,-0.08425830594754641,0.08425830594754669,3.4172403950935733e-15,0.9999999999999973
optimal_rate,interaction,recipe_mix[T.pure22]:process_scale[T.1.0],,,,recipe_mix,pure22,pure41,process_scale,1.0,0.9,-1.5539473597595646e-16,0.04082482904638627,-0.0842583059475466,0.0842583059475463,-3.806378118556058e-15,0.999999999999997
optimal_rate,interaction,recipe_mix[T.pure22]:process_scale[T.1.1],,,,recipe_mix,pure22,pure41,process_scale,1.1,0.9,-4.2601159822833837e-16,0.04082482904638625,-0.08425830594754684,0.08425830594754598,-1.0435110401669844e-14,0.9999999999999918
incumbent_rate,intercept,Intercept,,,,,,,,,,1.0000000000000007,3.506442180468385e-16,0.9999999999999999,1.0000000000000013,,0.0
incumbent_rate,main,wafer_count[T.16],wafer_count,16,8,,,,,,,-8.414261871979485e-16,4.373301761948444e-16,-1.7440313088030166e-15,6.117893440711959e-17,0.0,1.0
incumbent_rate,main,wafer_count[T.24],wafer_count,24,8,,,,,,,-7.06395876230419e-16,4.3733017619484454e-16,-1.6090009978354875e-15,1.962092453746494e-16,0.0,1.0
incumbent_rate,main,wafer_count[T.32],wafer_count,32,8,,,,,,,-7.075984400158245e-16,4.373301761948438e-16,-1.6102035616208914e-15,1.9500668158924233e-16,0.0,1.0
incumbent_rate,main,recipe_mix[T.3to1],recipe_mix,3to1,pure41,,,,,,,-6.313975295308016e-16,4.5267973897978e-16,-1.5656825916893174e-15,3.0288753262771424e-16,0.0,1.0
incumbent_rate,main,recipe_mix[T.1to1],recipe_mix,1to1,pure41,,,,,,,-6.088806534744167e-16,4.526797389797818e-16,-1.543165715632936e-15,3.254044086841027e-16,0.0,1.0
incumbent_rate,main,recipe_mix[T.1to3],recipe_mix,1to3,pure41,,,,,,,-7.174995739655229e-16,4.526797389797805e-16,-1.6517846361240398e-15,2.1678548819299394e-16,0.0,1.0
incumbent_rate,main,recipe_mix[T.pure22],recipe_mix,pure22,pure41,,,,,,,-6.759927091678264e-16,4.526797389797807e-16,-1.6102777713263436e-15,2.582923529906909e-16,0.0,1.0
incumbent_rate,main,process_scale[T.1.0],process_scale,1.0,0.9,,,,,,,-6.354311256162011e-16,4.0488906735825696e-16,-1.4710810893558184e-15,2.002188381234162e-16,0.0,1.0
incumbent_rate,main,process_scale[T.1.1],process_scale,1.1,0.9,,,,,,,-7.017382814544329e-16,4.0488906735825647e-16,-1.537388245194049e-15,1.3391168228518335e-16,0.0,1.0
incumbent_rate,interaction,wafer_count[T.16]:recipe_mix[T.3to1],,,,wafer_count,16,8,recipe_mix,3to1,pure41,5.64247627898443e-16,5.227095383133321e-16,-5.1457183637569e-16,1.643067092172576e-15,0.0,1.0
incumbent_rate,interaction,wafer_count[T.16]:recipe_mix[T.1to1],,,,wafer_count,16,8,recipe_mix,1to1,pure41,5.75282427208141e-16,5.227095383133329e-16,-5.035370370659935e-16,1.6541018914822754e-15,0.0,1.0
incumbent_rate,interaction,wafer_count[T.16]:recipe_mix[T.1to3],,,,wafer_count,16,8,recipe_mix,1to3,pure41,5.727262780077394e-16,5.22709538313332e-16,-5.060931862663931e-16,1.6515457422818718e-15,0.0,1.0
incumbent_rate,interaction,wafer_count[T.16]:recipe_mix[T.pure22],,,,wafer_count,16,8,recipe_mix,pure22,pure41,5.717929884446196e-16,5.227095383133327e-16,-5.070264758295145e-16,1.6506124527187537e-15,0.0,1.0
incumbent_rate,interaction,wafer_count[T.24]:recipe_mix[T.3to1],,,,wafer_count,24,8,recipe_mix,3to1,pure41,2.636931810834001e-16,5.227095383133321e-16,-8.151262831907329e-16,1.342512645357533e-15,0.0,1.0
incumbent_rate,interaction,wafer_count[T.24]:recipe_mix[T.1to1],,,,wafer_count,24,8,recipe_mix,1to1,pure41,2.7347210194889275e-16,5.227095383133324e-16,-8.053473623252407e-16,1.3522915662230263e-15,0.0,1.0
incumbent_rate,interaction,wafer_count[T.24]:recipe_mix[T.1to3],,,,wafer_count,24,8,recipe_mix,1to3,pure41,2.6947591905173564e-16,5.227095383133313e-16,-8.093435452223955e-16,1.3482953833258668e-15,0.0,1.0
incumbent_rate,interaction,wafer_count[T.24]:recipe_mix[T.pure22],,,,wafer_count,24,8,recipe_mix,pure22,pure41,2.71967313399896e-16,5.22709538313332e-16,-8.068521508742366e-16,1.3507867776740284e-15,0.0,1.0
incumbent_rate,interaction,wafer_count[T.32]:recipe_mix[T.3to1],,,,wafer_count,32,8,recipe_mix,3to1,pure41,3.7476773784073233e-16,5.227095383133314e-16,-7.040517264333991e-16,1.4535872021148636e-15,0.0,1.0
incumbent_rate,interaction,wafer_count[T.32]:recipe_mix[T.1to1],,,,wafer_count,32,8,recipe_mix,1to1,pure41,3.8370437484597447e-16,5.227095383133331e-16,-6.951150894281605e-16,1.4625238391201093e-15,0.0,1.0
incumbent_rate,interaction,wafer_count[T.32]:recipe_mix[T.1to3],,,,wafer_count,32,8,recipe_mix,1to3,pure41,3.8006080397350067e-16,5.227095383133314e-16,-6.987586603006307e-16,1.458880268247632e-15,0.0,1.0
incumbent_rate,interaction,wafer_count[T.32]:recipe_mix[T.pure22],,,,wafer_count,32,8,recipe_mix,pure22,pure41,3.812543566314381e-16,5.22709538313332e-16,-6.975651076426944e-16,1.4600738209055707e-15,0.0,1.0
incumbent_rate,interaction,wafer_count[T.16]:process_scale[T.1.0],,,,wafer_count,16,8,process_scale,1.0,0.9,4.0819340133057885e-16,4.0488906735825863e-16,-4.274565624090419e-16,1.2438433650701996e-15,0.0,1.0
incumbent_rate,interaction,wafer_count[T.16]:process_scale[T.1.1],,,,wafer_count,16,8,process_scale,1.1,0.9,2.3240522864751556e-16,4.048890673582575e-16,-6.032447350921028e-16,1.068055192387134e-15,0.0,1.0
incumbent_rate,interaction,wafer_count[T.24]:process_scale[T.1.0],,,,wafer_count,24,8,process_scale,1.0,0.9,4.2642855475280247e-16,4.0488906735825824e-16,-4.092214089868174e-16,1.2620785184924224e-15,0.0,1.0
incumbent_rate,interaction,wafer_count[T.24]:process_scale[T.1.1],,,,wafer_count,24,8,process_scale,1.1,0.9,1.6790813450550643e-16,4.048890673582588e-16,-6.677418292341146e-16,1.0035580982451275e-15,0.0,1.0
incumbent_rate,interaction,wafer_count[T.32]:process_scale[T.1.0],,,,wafer_count,32,8,process_scale,1.0,0.9,2.0009075151959797e-16,4.048890673582586e-16,-6.355592122200227e-16,1.0357407152592185e-15,0.0,1.0
incumbent_rate,interaction,wafer_count[T.32]:process_scale[T.1.1],,,,wafer_count,32,8,process_scale,1.1,0.9,4.520166005173525e-16,4.048890673582583e-16,-3.836333632222675e-16,1.2876665642569724e-15,0.0,1.0
incumbent_rate,interaction,recipe_mix[T.3to1]:process_scale[T.1.0],,,,recipe_mix,3to1,pure41,process_scale,1.0,0.9,5.223766649512813e-16,4.526797389797798e-16,-4.119083972072342e-16,1.4566617271097966e-15,0.0,1.0
incumbent_rate,interaction,recipe_mix[T.3to1]:process_scale[T.1.1],,,,recipe_mix,3to1,pure41,process_scale,1.1,0.9,5.322265090460723e-16,4.526797389797795e-16,-4.0205855311244255e-16,1.4665115712045872e-15,0.0,1.0
incumbent_rate,interaction,recipe_mix[T.1to1]:process_scale[T.1.0],,,,recipe_mix,1to1,pure41,process_scale,1.0,0.9,5.386222497750535e-16,4.526797389797801e-16,-3.9566281238346256e-16,1.4729073119335697e-15,0.0,1.0
incumbent_rate,interaction,recipe_mix[T.1to1]:process_scale[T.1.1],,,,recipe_mix,1to1,pure41,process_scale,1.1,0.9,5.464325340790274e-16,4.526797389797799e-16,-3.8785252807948827e-16,1.480717596237543e-15,0.0,1.0
incumbent_rate,interaction,recipe_mix[T.1to3]:process_scale[T.1.0],,,,recipe_mix,1to3,pure41,process_scale,1.0,0.9,5.293127465216519e-16,4.526797389797804e-16,-4.049723156368648e-16,1.4635978086801686e-15,0.0,1.0
incumbent_rate,interaction,recipe_mix[T.1to3]:process_scale[T.1.1],,,,recipe_mix,1to3,pure41,process_scale,1.1,0.9,5.402874854392548e-16,4.526797389797803e-16,-3.9399757671926164e-16,1.4745725475977712e-15,0.0,1.0
incumbent_rate,interaction,recipe_mix[T.pure22]:process_scale[T.1.0],,,,recipe_mix,pure22,pure41,process_scale,1.0,0.9,5.352234532583605e-16,4.526797389797798e-16,-3.9906160890015497e-16,1.4695085154168759e-15,0.0,1.0
incumbent_rate,interaction,recipe_mix[T.pure22]:process_scale[T.1.1],,,,recipe_mix,pure22,pure41,process_scale,1.1,0.9,5.438130189069557e-16,4.526797389797796e-16,-3.9047204325155936e-16,1.4780980810654707e-15,0.0,1.0
primal_dual_integral,intercept,Intercept,,,,,,,,,,118.01701614763812,1053.907021127347,-2057.1401688467654,2293.1742011420415,0.11198048194175352,0.9117701983853364
primal_dual_integral,main,wafer_count[T.16],wafer_count,16,8,,,,,,,-470.0414381348112,1314.4529968580266,-3182.9390876777334,2242.8562114081105,-0.35759470993513215,0.7237722502951884
primal_dual_integral,main,wafer_count[T.24],wafer_count,24,8,,,,,,,212.2395863564623,1314.452996858027,-2500.6580631864604,2925.1372358993854,0.16146609035377027,0.87307789781111
primal_dual_integral,main,wafer_count[T.32],wafer_count,32,8,,,,,,,705.733787187796,1314.4529968580248,-2007.1638623551223,3418.631436730714,0.5369030226829958,0.5962774273946949
primal_dual_integral,main,recipe_mix[T.3to1],recipe_mix,3to1,pure41,,,,,,,839.660371941382,1360.5881137591066,-1968.4554790142197,3647.7762228969837,0.6171304625185375,0.5429597409320277
primal_dual_integral,main,recipe_mix[T.1to1],recipe_mix,1to1,pure41,,,,,,,399.986130001048,1360.588113759112,-2408.129720954565,3208.101980956661,0.2939803206834896,0.7713004177595566
primal_dual_integral,main,recipe_mix[T.1to3],recipe_mix,1to3,pure41,,,,,,,-943.3759497490432,1360.5881137591082,-3751.491800704648,1864.7399012065616,-0.693358952800662,0.49474044815602924
primal_dual_integral,main,recipe_mix[T.pure22],recipe_mix,pure22,pure41,,,,,,,-755.159225082029,1360.5881137591089,-3563.2750760376352,2052.956625873577,-0.5550241233518004,0.5840146217188398
primal_dual_integral,main,process_scale[T.1.0],process_scale,1.0,0.9,,,,,,,-473.8421905781577,1216.9470046974234,-2985.4973631506978,2037.8129819943822,-0.3893696181913623,0.7004363029870022
primal_dual_integral,main,process_scale[T.1.1],process_scale,1.1,0.9,,,,,,,119.79114213517747,1216.9470046974218,-2391.8640304373594,2631.446314707714,0.09843579192255951,0.9224037906596063
primal_dual_integral,interaction,wafer_count[T.16]:recipe_mix[T.3to1],,,,wafer_count,16,8,recipe_mix,3to1,pure41,1300.0547095391453,1571.071827470054,-1942.4781753906045,4542.587594468895,0.827495399515033,0.4161088573132654
primal_dual_integral,interaction,wafer_count[T.16]:recipe_mix[T.1to1],,,,wafer_count,16,8,recipe_mix,1to1,pure41,1961.4652130035695,1571.0718274700564,-1281.0676719261858,5203.998097933325,1.2484885660270384,0.22389448681576932
primal_dual_integral,interaction,wafer_count[T.16]:recipe_mix[T.1to3],,,,wafer_count,16,8,recipe_mix,1to3,pure41,2441.758909089889,1571.0718274700534,-800.7739758398598,5684.2917940196385,1.554199411125544,0.1332259011951244
primal_dual_integral,interaction,wafer_count[T.16]:recipe_mix[T.pure22],,,,wafer_count,16,8,recipe_mix,pure22,pure41,3538.775854045877,1571.0718274700557,296.24296911612373,6781.308738975631,2.2524596216230766,0.033711406001972276
primal_dual_integral,interaction,wafer_count[T.24]:recipe_mix[T.3to1],,,,wafer_count,24,8,recipe_mix,3to1,pure41,34611.885427334324,1571.071827470054,31369.352542404573,37854.418312264075,22.030746667433355,1.9736507527134955e-17
primal_dual_integral,interaction,wafer_count[T.24]:recipe_mix[T.1to1],,,,wafer_count,24,8,recipe_mix,1to1,pure41,37729.47749651036,1571.071827470055,34486.944611580606,40972.01038144011,24.015119383349447,2.715756458127288e-18
primal_dual_integral,interaction,wafer_count[T.24]:recipe_mix[T.1to3],,,,wafer_count,24,8,recipe_mix,1to3,pure41,39796.39256694344,1571.0718274700516,36553.859682013695,43038.92545187318,25.330727641541934,7.911883199310659e-19
primal_dual_integral,interaction,wafer_count[T.24]:recipe_mix[T.pure22],,,,wafer_count,24,8,recipe_mix,pure22,pure41,42467.98892561281,1571.0718274700534,39225.45604068306,45710.52181054256,27.031220459220094,1.750313437821569e-19
primal_dual_integral,interaction,wafer_count[T.32]:recipe_mix[T.3to1],,,,wafer_count,32,8,recipe_mix,3to1,pure41,41192.04704877943,1571.0718274700519,37949.514163849686,44434.579933709174,26.21907307389779,3.556798603526922e-19
primal_dual_integral,interaction,wafer_count[T.32]:recipe_mix[T.1to1],,,,wafer_count,32,8,recipe_mix,1to1,pure41,40788.625427168525,1571.0718274700569,37546.092542238766,44031.15831209828,25.962291929613205,4.469747027038866e-19
primal_dual_integral,interaction,wafer_count[T.32]:recipe_mix[T.1to3],,,,wafer_count,32,8,recipe_mix,1to3,pure41,40477.88772023775,1571.0718274700516,37235.354835308004,43720.42060516749,25.76450485107394,5.33749466926963e-19
primal_dual_integral,interaction,wafer_count[T.32]:recipe_mix[T.pure22],,,,wafer_count,32,8,recipe_mix,pure22,pure41,38666.887095444,1571.0718274700537,35424.35421051425,41909.41998037375,24.611788219581598,1.5405946640738948e-18
primal_dual_integral,interaction,wafer_count[T.16]:process_scale[T.1.0],,,,wafer_count,16,8,process_scale,1.0,0.9,1006.5625086692457,1216.9470046974284,-1505.0926639033046,3518.217681241796,0.8271210700087216,0.41631683718155965
primal_dual_integral,interaction,wafer_count[T.16]:process_scale[T.1.1],,,,wafer_count,16,8,process_scale,1.1,0.9,403.5618057353848,1216.9470046974247,-2108.093366837158,2915.216978307928,0.33161822509742256,0.7430560065219303
primal_dual_integral,interaction,wafer_count[T.24]:process_scale[T.1.0],,,,wafer_count,24,8,process_scale,1.0,0.9,555.5833397142053,1216.947004697427,-1956.0718328583423,3067.2385122867527,0.4565386475907729,0.6521076182625642
primal_dual_integral,interaction,wafer_count[T.24]:process_scale[T.1.1],,,,wafer_count,24,8,process_scale,1.1,0.9,-572.3020987834268,1216.9470046974288,-3083.9572713559783,1939.3530737891244,-0.4702769278977099,0.6424027748648133
primal_dual_integral,interaction,wafer_count[T.32]:process_scale[T.1.0],,,,wafer_count,32,8,process_scale,1.0,0.9,313.22291392927747,1216.9470046974282,-2198.4322586432722,2824.8780865018275,0.2573841857699914,0.7990761710796447
primal_dual_integral,interaction,wafer_count[T.32]:process_scale[T.1.1],,,,wafer_count,32,8,process_scale,1.1,0.9,-310.42427549261237,1216.9470046974272,-2822.0794480651602,2201.230897079936,-0.25508446488990205,0.800831108811705
primal_dual_integral,interaction,recipe_mix[T.3to1]:process_scale[T.1.0],,,,recipe_mix,3to1,pure41,process_scale,1.0,0.9,-1048.920214729361,1360.5881137591061,-3857.0360656849616,1759.1956362262397,-0.7709314847910496,0.44827123638408417
primal_dual_integral,interaction,recipe_mix[T.3to1]:process_scale[T.1.1],,,,recipe_mix,3to1,pure41,process_scale,1.1,0.9,-1374.1190054183814,1360.5881137591052,-4182.234856373981,1433.9968455372175,-1.0099448845116634,0.32259611986682324
primal_dual_integral,interaction,recipe_mix[T.1to1]:process_scale[T.1.0],,,,recipe_mix,1to1,pure41,process_scale,1.0,0.9,-33.64139678303608,1360.588113759107,-2841.757247738639,2774.4744541725663,-0.024725628897410982,0.9804782511754209
primal_dual_integral,interaction,recipe_mix[T.1to1]:process_scale[T.1.1],,,,recipe_mix,1to1,pure41,process_scale,1.1,0.9,-1089.290249441927,1360.5881137591061,-3897.4061003975276,1718.8256015136737,-0.800602503010538,0.4312162502406569
primal_dual_integral,interaction,recipe_mix[T.1to3]:process_scale[T.1.0],,,,recipe_mix,1to3,pure41,process_scale,1.0,0.9,1669.203741758252,1360.588113759108,-1138.9121091973525,4477.319592713857,1.226825168379932,0.2317880475876538
primal_dual_integral,interaction,recipe_mix[T.1to3]:process_scale[T.1.1],,,,recipe_mix,1to3,pure41,process_scale,1.1,0.9,1308.78084526804,1360.5881137591075,-1499.3350056875636,4116.896696223644,0.9619228861643282,0.3456805681673578
primal_dual_integral,interaction,recipe_mix[T.pure22]:process_scale[T.1.0],,,,recipe_mix,pure22,pure41,process_scale,1.0,0.9,1808.2239540451,1360.5881137591061,-999.8918969105007,4616.339805000701,1.3290017278258013,0.19634463295776755
primal_dual_integral,interaction,recipe_mix[T.pure22]:process_scale[T.1.1],,,,recipe_mix,pure22,pure41,process_scale,1.1,0.9,558.3699269680176,1360.5881137591055,-2249.7459239875816,3366.485777923617,0.4103886557007494,0.6851615527483048
gap,intercept,Intercept,,,,,,,,,,-0.04108006258829245,0.1981383070961654,-0.4500174296074792,0.3678573044308943,-0.20733023911602544,0.8375010940013976
gap,main,wafer_count[T.16],wafer_count,16,8,,,,,,,3.037882275362823e-15,0.247121886783085,-0.5100345066784087,0.5100345066784147,1.2293052286499296e-14,0.9999999999999902
gap,main,wafer_count[T.24],wafer_count,24,8,,,,,,,0.030070365495592378,0.24712188678308508,-0.4799641411828195,0.5401048721740043,0.12168232400227297,0.9041637253107978
gap,main,wafer_count[T.32],wafer_count,32,8,,,,,,,0.13424988485757536,0.24712188678308467,-0.3757846218208356,0.6442843915359864,0.5432537223035021,0.5919656272697732
gap,main,recipe_mix[T.3to1],recipe_mix,3to1,pure41,,,,,,,-0.10104769029943829,0.25579545454306213,-0.6289835610018499,0.4268881804029734,-0.39503317398639437,0.6963075070337472
gap,main,recipe_mix[T.1to1],recipe_mix,1to1,pure41,,,,,,,0.24508286824091113,0.2557954545430632,-0.28285300246150263,0.773018738943325,0.9581204977966151,0.3475551585024681
gap,main,recipe_mix[T.1to3],recipe_mix,1to3,pure41,,,,,,,0.01498042419016741,0.2557954545430624,-0.5129554465122448,0.5429162948925796,0.05856407502208175,0.9537842260486347
gap,main,recipe_mix[T.pure22],recipe_mix,pure22,pure41,,,,,,,0.04638471080982474,0.2557954545430626,-0.4815511598925878,0.5743205815122373,0.18133516442926462,0.8576272470822699
gap,main,process_scale[T.1.0],process_scale,1.0,0.9,,,,,,,0.035064133226321965,0.22879040987749616,-0.43713606463412763,0.5072643310867716,0.15325875435555517,0.8794755419938097
gap,main,process_scale[T.1.1],process_scale,1.1,0.9,,,,,,,0.08817605453855709,0.22879040987749585,-0.3840241433218919,0.5603762523990061,0.38540100778599207,0.7033350937877197
gap,interaction,wafer_count[T.16]:recipe_mix[T.3to1],,,,wafer_count,16,8,recipe_mix,3to1,pure41,-7.637399179186002e-15,0.29536714907583983,-0.6096078341298026,0.6096078341297873,-2.5857307432740222e-14,0.9999999999999796
gap,interaction,wafer_count[T.16]:recipe_mix[T.1to1],,,,wafer_count,16,8,recipe_mix,1to1,pure41,-7.956588298765735e-15,0.2953671490758403,-0.6096078341298039,0.6096078341297879,-2.6937959497732607e-14,0.9999999999999787
gap,interaction,wafer_count[T.16]:recipe_mix[T.1to3],,,,wafer_count,16,8,recipe_mix,1to3,pure41,-4.806330466391853e-15,0.2953671490758397,-0.6096078341297995,0.6096078341297899,-1.6272393464981304e-14,0.9999999999999871
gap,interaction,wafer_count[T.16]:recipe_mix[T.pure22],,,,wafer_count,16,8,recipe_mix,pure22,pure41,-3.9181520466917276e-15,0.29536714907584016,-0.6096078341297995,0.6096078341297917,-1.3265361631958876e-14,0.9999999999999896
gap,interaction,wafer_count[T.24]:recipe_mix[T.3to1],,,,wafer_count,24,8,recipe_mix,3to1,pure41,1.4657066300000103,0.29536714907583983,0.8560987958702154,2.0753144641298054,4.962321079327846,4.573481753041566e-05
gap,interaction,wafer_count[T.24]:recipe_mix[T.1to1],,,,wafer_count,24,8,recipe_mix,1to1,pure41,2.5190476901761323,0.29536714907584,1.909439856046337,3.1286555243059277,8.528530332699011,9.985234306455114e-09
gap,interaction,wafer_count[T.24]:recipe_mix[T.1to3],,,,wafer_count,24,8,recipe_mix,1to3,pure41,3.4089565391538375,0.2953671490758394,2.7993487050240433,4.018564373283631,11.541420736259818,2.7879209568011986e-11
gap,interaction,wafer_count[T.24]:recipe_mix[T.pure22],,,,wafer_count,24,8,recipe_mix,pure22,pure41,3.766271483919423,0.2953671490758397,3.1566636497896283,4.3758793180492175,12.751152237828517,3.5204352464364356e-12
gap,interaction,wafer_count[T.32]:recipe_mix[T.3to1],,,,wafer_count,32,8,recipe_mix,3to1,pure41,3.3383211519280627,0.29536714907583944,2.7287133177982685,3.947928986057857,11.302276378308084,4.2745872661340525e-11
gap,interaction,wafer_count[T.32]:recipe_mix[T.1to1],,,,wafer_count,32,8,recipe_mix,1to1,pure41,3.2322350096768426,0.2953671490758404,2.6226271755470467,3.8418428438066385,10.943109346418593,8.219930270706801e-11
gap,interaction,wafer_count[T.32]:recipe_mix[T.1to3],,,,wafer_count,32,8,recipe_mix,1to3,pure41,3.152793405467515,0.2953671490758394,2.543185571337721,3.762401239597309,10.674150511768639,1.3542889474312367e-10
gap,interaction,wafer_count[T.32]:recipe_mix[T.pure22],,,,wafer_count,32,8,recipe_mix,pure22,pure41,2.8956069139289333,0.2953671490758398,2.2859990797991383,3.5052147480587283,9.803415589678337,7.233562549254266e-10
gap,interaction,wafer_count[T.16]:process_scale[T.1.0],,,,wafer_count,16,8,process_scale,1.0,0.9,1.555778237980301e-15,0.22879040987749708,-0.4722001978604499,0.47220019786045303,6.8000150828582494e-15,0.9999999999999947
gap,interaction,wafer_count[T.16]:process_scale[T.1.1],,,,wafer_count,16,8,process_scale,1.1,0.9,-6.687627719861486e-15,0.22879040987749644,-0.4722001978604568,0.4722001978604435,-2.923036731933961e-14,0.9999999999999769
gap,interaction,wafer_count[T.24]:process_scale[T.1.0],,,,wafer_count,24,8,process_scale,1.0,0.9,-0.032154641091456715,0.22879040987749685,-0.5043548389519077,0.4400455567689943,-0.14054190955238702,0.8894047552106243
gap,interaction,wafer_count[T.24]:process_scale[T.1.1],,,,wafer_count,24,8,process_scale,1.1,0.9,-0.05805645539531765,0.2287904098774972,-0.5302566532557693,0.4141437424651341,-0.2537538851667918,0.8018469753153556
gap,interaction,wafer_count[T.32]:process_scale[T.1.0],,,,wafer_count,32,8,process_scale,1.0,0.9,-0.10810189181382529,0.22879040987749705,-0.5803020896742768,0.36409830604662613,-0.4724931078698058,0.6408432501419312
gap,interaction,wafer_count[T.32]:process_scale[T.1.1],,,,wafer_count,32,8,process_scale,1.1,0.9,-0.2946477627589054,0.2287904098774969,-0.7668479606193566,0.17755243510154572,-1.2878501459771459,0.21007792319673504
gap,interaction,recipe_mix[T.3to1]:process_scale[T.1.0],,,,recipe_mix,3to1,pure41,process_scale,1.0,0.9,0.10743713642125734,0.255795454543062,-0.4204987342811541,0.6353730071236687,0.4200119060488261,0.6782131788581602
gap,interaction,recipe_mix[T.3to1]:process_scale[T.1.1],,,,recipe_mix,3to1,pure41,process_scale,1.1,0.9,0.19570593447706275,0.2557954545430619,-0.33222993622534847,0.723641805179474,0.7650876159103782,0.4516777665373257
gap,interaction,recipe_mix[T.1to1]:process_scale[T.1.0],,,,recipe_mix,1to1,pure41,process_scale,1.0,0.9,-0.32609428039391164,0.2557954545430622,-0.8540301510963234,0.20184159030850013,-1.274824374719352,0.2145757417501958
gap,interaction,recipe_mix[T.1to1]:process_scale[T.1.1],,,,recipe_mix,1to1,pure41,process_scale,1.1,0.9,-0.40915432432882054,0.2557954545430621,-0.937090195031232,0.11878154637359101,-1.5995371186705007,0.1227844351471033
gap,interaction,recipe_mix[T.1to3]:process_scale[T.1.0],,,,recipe_mix,1to3,pure41,process_scale,1.0,0.9,0.04567370927508067,0.25579545454306235,-0.4822621614273314,0.5736095799774927,0.17855559379141214,0.8597853676625857
gap,interaction,recipe_mix[T.1to3]:process_scale[T.1.1],,,,recipe_mix,1to3,pure41,process_scale,1.1,0.9,-0.09061498184558195,0.2557954545430623,-0.6185508525479939,0.43732088885683007,-0.3542478188576538,0.7262467069353575
gap,interaction,recipe_mix[T.pure22]:process_scale[T.1.0],,,,recipe_mix,pure22,pure41,process_scale,1.0,0.9,-0.002337231434038566,0.255795454543062,-0.53027310213645,0.5255986392683729,-0.009137110892817305,0.9927852702487692
gap,interaction,recipe_mix[T.pure22]:process_scale[T.1.1],,,,recipe_mix,pure22,pure41,process_scale,1.1,0.9,-0.13681690099543342,0.25579545454306196,-0.6647527716978447,0.3911189697069779,-0.5348683823949691,0.5976620562804271
solving_time,intercept,Intercept,,,,,,,,,,1.9362526259996125,8.927372570224176,-16.488938780803508,20.36144403280273,0.21688941631692102,0.8301276696715828
solving_time,main,wafer_count[T.16],wafer_count,16,8,,,,,,,-8.048117493332416,11.134389840620846,-31.028368669995427,14.932133683330594,-0.7228162125212295,0.4767782468216727
solving_time,main,wafer_count[T.24],wafer_count,24,8,,,,,,,3.0204511640004097,11.13438984062085,-19.95980001266261,26.000702340663427,0.2712722661264383,0.7885012973023904
solving_time,main,wafer_count[T.32],wafer_count,32,8,,,,,,,7.429240985333461,11.13438984062083,-15.551010191329517,30.40949216199644,0.6672337767651956,0.5109878260968527
solving_time,main,recipe_mix[T.3to1],recipe_mix,3to1,pure41,,,,,,,-0.13275521999891107,11.525188429955815,-23.919575043076623,23.654064603078798,-0.011518702779197861,0.9909048255112278
solving_time,main,recipe_mix[T.1to1],recipe_mix,1to1,pure41,,,,,,,-0.7305355099995605,11.525188429955861,-24.51735533307737,23.056284313078244,-0.06338599272709317,0.9499841183350916
solving_time,main,recipe_mix[T.1to3],recipe_mix,1to3,pure41,,,,,,,-5.686624231666178,11.52518842995583,-29.473444054743915,18.100195591411563,-0.49340835216938594,0.626208981365442
solving_time,main,recipe_mix[T.pure22],recipe_mix,pure22,pure41,,,,,,,-1.6074700683334182,11.525188429955834,-25.39428989141117,22.17934975474433,-0.13947451515459328,0.8902390321357319
solving_time,main,process_scale[T.1.0],process_scale,1.0,0.9,,,,,,,-7.604776982999704,10.30844191315004,-28.880355420176073,13.670801454176663,-0.737723222099997,0.46783493104290685
solving_time,main,process_scale[T.1.1],process_scale,1.1,0.9,,,,,,,1.9033524650004008,10.308441913150027,-19.37222597217594,23.178930902176745,0.18464016977894376,0.8550626408712741
solving_time,interaction,wafer_count[T.16]:recipe_mix[T.3to1],,,,wafer_count,16,8,recipe_mix,3to1,pure41,17.169256893331873,13.30814128499233,-10.29739676270627,44.63591054937002,1.290131846788683,0.20929756905917013
solving_time,interaction,wafer_count[T.16]:recipe_mix[T.1to1],,,,wafer_count,16,8,recipe_mix,1to1,pure41,31.891197506664728,13.308141284992349,4.4245438506265415,59.357851162702914,2.3963675184774735,0.024705522763351726
solving_time,interaction,wafer_count[T.16]:recipe_mix[T.1to3],,,,wafer_count,16,8,recipe_mix,1to3,pure41,64.03964448666562,13.308141284992324,36.57299083062749,91.50629814270376,4.812065270067695,6.697167934681712e-05
solving_time,interaction,wafer_count[T.16]:recipe_mix[T.pure22],,,,wafer_count,16,8,recipe_mix,pure22,pure41,53.42513749999922,13.308141284992344,25.95848384396104,80.89179115603739,4.014470267177506,0.0005079867709612537
solving_time,interaction,wafer_count[T.24]:recipe_mix[T.3to1],,,,wafer_count,24,8,recipe_mix,3to1,pure41,477.05869281333355,13.30814128499233,449.5920391572954,504.5253464693717,35.84713166152778,2.3453661749365163e-22
solving_time,interaction,wafer_count[T.24]:recipe_mix[T.1to1],,,,wafer_count,24,8,recipe_mix,1to1,pure41,478.5563792533331,13.308141284992336,451.08972559729494,506.02303290937124,35.95967077633927,2.1782803784299346e-22
solving_time,interaction,wafer_count[T.24]:recipe_mix[T.1to3],,,,wafer_count,24,8,recipe_mix,1to3,pure41,536.9830443533333,13.308141284992308,509.5163906972952,564.4496980093714,40.349965697981666,1.4331122527796498e-23
solving_time,interaction,wafer_count[T.24]:recipe_mix[T.pure22],,,,wafer_count,24,8,recipe_mix,pure22,pure41,537.1020928800006,13.308141284992324,509.6354392239624,564.5687465360387,40.35891123921971,1.425613997718121e-23
solving_time,interaction,wafer_count[T.32]:recipe_mix[T.3to1],,,,wafer_count,32,8,recipe_mix,3to1,pure41,531.8644351933323,13.308141284992312,504.3977815372942,559.3310888493704,39.96534330403598,1.797642755612859e-23
solving_time,interaction,wafer_count[T.32]:recipe_mix[T.1to1],,,,wafer_count,32,8,recipe_mix,1to1,pure41,531.8740430799993,13.308141284992352,504.4073894239611,559.3406967360374,39.96606525960135,1.796874654453023e-23
solving_time,interaction,wafer_count[T.32]:recipe_mix[T.1to3],,,,wafer_count,32,8,recipe_mix,1to3,pure41,531.6981815866671,13.30814128499231,504.23152793062906,559.1648352427053,39.95285067992682,1.8109881461998467e-23
solving_time,interaction,wafer_count[T.32]:recipe_mix[T.pure22],,,,wafer_count,32,8,recipe_mix,pure22,pure41,531.9510646533338,13.308141284992326,504.48441099729564,559.4177183093719,39.97185281262518,1.7907295101574456e-23
solving_time,interaction,wafer_count[T.16]:process_scale[T.1.0],,,,wafer_count,16,8,process_scale,1.0,0.9,20.02991084400025,10.308441913150082,-1.2456675931762042,41.305489281176705,1.9430590008417143,0.06382827325670083
solving_time,interaction,wafer_count[T.16]:process_scale[T.1.1],,,,wafer_count,16,8,process_scale,1.1,0.9,4.766369455999221,10.308441913150054,-16.509208981177174,26.041947893175617,0.46237535178996936,0.6479767294819225
solving_time,interaction,wafer_count[T.24]:process_scale[T.1.0],,,,wafer_count,24,8,process_scale,1.0,0.9,10.2041078600004,10.308441913150071,-11.071470577176031,31.479686297176833,0.9898787756647708,0.33210895379924776
solving_time,interaction,wafer_count[T.24]:process_scale[T.1.1],,,,wafer_count,24,8,process_scale,1.1,0.9,-12.472129172000846,10.308441913150086,-33.74770760917731,8.803449265175617,-1.209894693793698,0.23810197630315436
solving_time,interaction,wafer_count[T.32]:process_scale[T.1.0],,,,wafer_count,32,8,process_scale,1.0,0.9,-0.003661892000169434,10.30844191315008,-21.27924032917662,21.27191654517628,-0.00035523234558833765,0.9997195018760744
solving_time,interaction,wafer_count[T.32]:process_scale[T.1.1],,,,wafer_count,32,8,process_scale,1.1,0.9,-0.14105528399946587,10.308441913150073,-21.416633721175902,21.134523153176968,-0.01368347274863403,0.9891956242036877
solving_time,interaction,recipe_mix[T.3to1]:process_scale[T.1.0],,,,recipe_mix,3to1,pure41,process_scale,1.0,0.9,10.791329829998764,11.525188429955811,-12.99548999307894,34.578149653076466,0.9363256744636269,0.35843250274775207
solving_time,interaction,recipe_mix[T.3to1]:process_scale[T.1.1],,,,recipe_mix,3to1,pure41,process_scale,1.1,0.9,-9.304606170000989,11.525188429955804,-33.09142599307868,14.4822136530767,-0.8073278998039487,0.42740676933192934
solving_time,interaction,recipe_mix[T.1to1]:process_scale[T.1.0],,,,recipe_mix,1to1,pure41,process_scale,1.0,0.9,6.928639874999879,11.525188429955818,-16.85817994807784,30.715459698077595,0.6011736742621258,0.5533605963749061
solving_time,interaction,recipe_mix[T.1to1]:process_scale[T.1.1],,,,recipe_mix,1to1,pure41,process_scale,1.1,0.9,-3.8517502049995382,11.525188429955813,-27.638570028077247,19.935069618078167,-0.3342027966317862,0.7411293932097387
solving_time,interaction,recipe_mix[T.1to3]:process_scale[T.1.0],,,,recipe_mix,1to3,pure41,process_scale,1.0,0.9,10.521673644999462,11.525188429955827,-13.265146178078274,34.308493468077195,0.9129285572157703,0.3703603389501112
solving_time,interaction,recipe_mix[T.1to3]:process_scale[T.1.1],,,,recipe_mix,1to3,pure41,process_scale,1.1,0.9,8.039977089999878,11.525188429955822,-15.746842733077846,31.8267969130776,0.6976004894724915,0.4921305731640596
solving_time,interaction,recipe_mix[T.pure22]:process_scale[T.1.0],,,,recipe_mix,pure22,pure41,process_scale,1.0,0.9,9.922163345000131,11.525188429955811,-13.864656478077572,33.708983168077836,0.8609111603946396,0.39780650428056497
solving_time,interaction,recipe_mix[T.pure22]:process_scale[T.1.1],,,,recipe_mix,pure22,pure41,process_scale,1.1,0.9,-3.973619719999368,11.525188429955806,-27.760439543077062,19.813200103078323,-0.3447769851355571,0.7332651788942645
