al_utilization,atr_utilization,ch2_utilization,ch3_utilization,clean_count,clean_time_share,cmax,gap,instance,lllower_capacity_utilization,llupper_capacity_utilization,mean_cycle_time,method,p95_cycle_time,path,pdi,pec_peak_in_tool,physical_cadence_cv,physical_cadence_deviation_sum,physical_route_max_wait,physical_route_total_wait,physically_feasible,run_label,solution_file,solver_seed,solving_time,status,suite,throughput_wph,total_wafers,training_seed,validation_note,vtr_utilization,warm_start
0.0456490773137761,0.0924393815603966,0.21493107235236247,0.15026154615784632,3,0.07132668330277515,10514.9989495,2.8208571760537287,cie_sensitivity_n024_f012_m012_clean03.lp,0.045363770580565,0.04165478304882069,501.0,scip_default,774.0,D:\git\git\RDMCT-A3C\cie\data\sensitivity\spbs\cie_sensitivity_n024_f012_m012_clean03.lp,40065.70474066452,8,0.35178842050609477,0.0,266.0,2712.0,True,,D:\git\git\RDMCT-A3C\cie\results\sensitivity\cie_sensitivity_600s_mem2048_repro_v1\seeds1to4\solutions\cie_sensitivity__cie_sensitivity_n024_f012_m012_clean03__scip_default__solverseed_1__trainseed_-1__unlabeled.sol,1,539.3417074000008,timelimit,cie_sensitivity,8.216833916479699,24,-1,checked active primary model at feasibility tolerance 1.000001e-06; removed 13 inactive auxiliaries,0.014455541149362431,auto
0.17303532798376506,0.3503965391671244,0.814708002590228,0.5695746212798938,3,0.2703676999746331,2774.000001,0.0,cie_sensitivity_n024_f012_m012_clean03.lp,0.30299206910490545,0.3577865899935884,549.9166665833332,scip_default,872.5000000000001,D:\git\git\RDMCT-A3C\cie\data\sensitivity\spbs\cie_sensitivity_n024_f012_m012_clean03.lp,23375.076965837718,8,0.24014605321403706,0.0,238.5,3885.9999979999975,True,,D:\git\git\RDMCT-A3C\cie\results\sensitivity\cie_sensitivity_600s_mem2048_repro_v1\seeds1to4\solutions\cie_sensitivity__cie_sensitivity_n024_f012_m012_clean03__scip_default__solverseed_2__trainseed_-1__unlabeled.sol,2,314.5630007999989,optimal,cie_sensitivity,31.146359037077737,24,-1,checked active primary model at feasibility tolerance 1.000001e-06; removed 13 inactive auxiliaries,0.054794520528192316,auto
0.0456490773137761,0.0924393815603966,0.21493107235236247,0.15026154615784632,3,0.07132668330277515,10514.9989495,2.8432013700657746,cie_sensitivity_n024_f012_m012_clean03.lp,0.045363770580565,0.04165478304882069,501.0,scip_default,774.0,D:\git\git\RDMCT-A3C\cie\data\sensitivity\spbs\cie_sensitivity_n024_f012_m012_clean03.lp,40114.236757023755,8,0.35178842050609477,0.0,266.0,2712.0,True,,D:\git\git\RDMCT-A3C\cie\results\sensitivity\cie_sensitivity_600s_mem2048_repro_v1\seeds1to4\solutions\cie_sensitivity__cie_sensitivity_n024_f012_m012_clean03__scip_default__solverseed_3__trainseed_-1__unlabeled.sol,3,539.952146499998,timelimit,cie_sensitivity,8.216833916479699,24,-1,checked active primary model at feasibility tolerance 1.000001e-06; removed 13 inactive auxiliaries,0.014455541149362431,auto
0.0456490773137761,0.0924393815603966,0.21493107235236247,0.15026154615784632,3,0.07132668330277515,10514.9989495,2.8544717553152497,cie_sensitivity_n024_f012_m012_clean03.lp,0.0460294862913909,0.04165478304882069,501.0,scip_default,774.0,D:\git\git\RDMCT-A3C\cie\data\sensitivity\spbs\cie_sensitivity_n024_f012_m012_clean03.lp,40145.96152472454,8,0.35178842050609477,0.0,266.0,2712.0,True,,D:\git\git\RDMCT-A3C\cie\results\sensitivity\cie_sensitivity_600s_mem2048_repro_v1\seeds1to4\solutions\cie_sensitivity__cie_sensitivity_n024_f012_m012_clean03__scip_default__solverseed_4__trainseed_-1__unlabeled.sol,4,539.7569882999996,timelimit,cie_sensitivity,8.216833916479699,24,-1,checked active primary model at feasibility tolerance 1.000001e-06; removed 13 inactive auxiliaries,0.014455541149362431,auto
0.0456490773137761,0.0924393815603966,0.10271042395599622,0.08559201996333018,0,0.0,10514.9989495,6.009999299,cie_sensitivity_n024_f012_m012_clean10.lp,0.0969091870473705,0.06457442395011244,636.1666666666666,scip_default,1257.0,D:\git\git\RDMCT-A3C\cie\data\sensitivity\spbs\cie_sensitivity_n024_f012_m012_clean10.lp,46325.83395172155,4,0.5489217977803267,0.0,310.0,5956.0,True,,D:\git\git\RDMCT-A3C\cie\results\sensitivity\cie_sensitivity_600s_mem2048_repro_v1\seeds1to4\solutions\cie_sensitivity__cie_sensitivity_n024_f012_m012_clean10__scip_default__solverseed_1__trainseed_-1__unlabeled.sol,1,539.6921197999982,timelimit,cie_sensitivity,8.216833916479699,24,-1,checked active primary model at feasibility tolerance 1.000001e-06; removed 13 inactive auxiliaries,0.008368997507525618,auto
0.2479338841694555,0.5020661154431474,0.5578512393812747,0.46487603281772943,0,0.0,1936.000001,0.2872340425531915,cie_sensitivity_n024_f012_m012_clean10.lp,0.2964876031526413,0.2778925615816663,560.6666664166665,scip_default,991.0000000000007,D:\git\git\RDMCT-A3C\cie\data\sensitivity\spbs\cie_sensitivity_n024_f012_m012_clean10.lp,29769.032604996384,4,0.47888213015507003,5.000003966415534e-07,265.0,4143.9999970000035,True,,D:\git\git\RDMCT-A3C\cie\results\sensitivity\cie_sensitivity_600s_mem2048_repro_v1\seeds1to4\solutions\cie_sensitivity__cie_sensitivity_n024_f012_m012_clean10__scip_default__solverseed_2__trainseed_-1__unlabeled.sol,2,539.7790934000004,timelimit,cie_sensitivity,44.62809915050201,24,-1,checked active primary model at feasibility tolerance 1.000001e-06; removed 13 inactive auxiliaries,0.04545454543106686,auto
0.3145478372774914,0.63695937048692,0.7077326338743561,0.5897771948952972,0,0.0,1526.000001,0.0,cie_sensitivity_n024_f012_m012_clean10.lp,0.3047182173625694,0.2699868943184896,469.33333358333374,scip_default,565.999998999999,D:\git\git\RDMCT-A3C\cie\data\sensitivity\spbs\cie_sensitivity_n024_f012_m012_clean10.lp,17730.337008289825,4,0.24014605476119757,2.2737367544323206e-12,102.99999899999898,1952.0000060000039,True,,D:\git\git\RDMCT-A3C\cie\results\sensitivity\cie_sensitivity_600s_mem2048_repro_v1\seeds1to4\solutions\cie_sensitivity__cie_sensitivity_n024_f012_m012_clean10__scip_default__solverseed_3__trainseed_-1__unlabeled.sol,3,533.8313168999975,optimal,cie_sensitivity,56.618610709948484,24,-1,checked active primary model at feasibility tolerance 1.000001e-06; removed 13 inactive auxiliaries,0.057667103500873305,auto
0.3145478372774917,0.63695937048692,0.7077326338743556,0.5897771948952959,0,0.0,1526.000001,0.0,cie_sensitivity_n024_f012_m012_clean10.lp,0.3604193968804591,0.32830930515838125,494.99999999999955,scip_default,664.0,D:\git\git\RDMCT-A3C\cie\data\sensitivity\spbs\cie_sensitivity_n024_f012_m012_clean10.lp,38422.63369417017,4,0.21607382575045667,3.637978807091713e-12,201.0,2430.0000000000005,True,,D:\git\git\RDMCT-A3C\cie\results\sensitivity\cie_sensitivity_600s_mem2048_repro_v1\seeds1to4\solutions\cie_sensitivity__cie_sensitivity_n024_f012_m012_clean10__scip_default__solverseed_4__trainseed_-1__unlabeled.sol,4,448.24533840000004,optimal,cie_sensitivity,56.618610709948484,24,-1,checked active primary model at feasibility tolerance 1.000001e-06; removed 13 inactive auxiliaries,0.05766710350087345,auto
0.04566210501848723,0.08310503113364617,0.16742771840112117,0.08561644690966441,1,0.023782346363795677,10511.9989498,3.824230816337754,cie_sensitivity_n024_f012_m012_motion080.lp,0.06143455712695727,0.0757800684535996,550.3166666666684,scip_default,951.400000000008,D:\git\git\RDMCT-A3C\cie\data\sensitivity\spbs\cie_sensitivity_n024_f012_m012_motion080.lp,42881.55330215834,6,0.33019029186889887,3.979039320256561e-12,564.3999999999999,4102.000000000062,True,,D:\git\git\RDMCT-A3C\cie\results\sensitivity\cie_sensitivity_600s_mem2048_repro_v1\seeds1to4\solutions\cie_sensitivity__cie_sensitivity_n024_f012_m012_motion080__scip_default__solverseed_1__trainseed_-1__unlabeled.sol,1,539.2887448000001,timelimit,cie_sensitivity,8.219178903327785,24,-1,checked active primary model at feasibility tolerance 1.000001e-06; removed 13 inactive auxiliaries,0.008523592936784622,auto
0.04566210501848809,0.08310503113364895,0.16742771840112206,0.08561644690966441,1,0.023782346363795677,10511.9989498,3.8171565158096494,cie_sensitivity_n024_f012_m012_motion080.lp,0.05860921437893834,0.07860541120161767,550.3166666666696,scip_default,951.4000000000091,D:\git\git\RDMCT-A3C\cie\data\sensitivity\spbs\cie_sensitivity_n024_f012_m012_motion080.lp,42853.576789769024,6,0.3301902918688958,5.002220859751105e-12,564.400000000009,4102.000000000041,True,,D:\git\git\RDMCT-A3C\cie\results\sensitivity\cie_sensitivity_600s_mem2048_repro_v1\seeds1to4\solutions\cie_sensitivity__cie_sensitivity_n024_f012_m012_motion080__scip_default__solverseed_2__trainseed_-1__unlabeled.sol,2,539.7660003000019,timelimit,cie_sensitivity,8.219178903327785,24,-1,checked active primary model at feasibility tolerance 1.000001e-06; removed 13 inactive auxiliaries,0.008523592936784535,auto
0.0456621050184877,0.08310503113364696,0.16742771840112158,0.08561644690966444,1,0.023782346363795677,10511.9989498,3.8384419353769546,cie_sensitivity_n024_f012_m012_motion080.lp,0.06238585098150884,0.07482877459904572,550.31666666667,scip_default,951.3999999999996,D:\git\git\RDMCT-A3C\cie\data\sensitivity\spbs\cie_sensitivity_n024_f012_m012_motion080.lp,42919.76348721045,6,0.330190291868892,1.2732925824820995e-11,564.4000000000106,4101.999999999931,True,,D:\git\git\RDMCT-A3C\cie\results\sensitivity\cie_sensitivity_600s_mem2048_repro_v1\seeds1to4\solutions\cie_sensitivity__cie_sensitivity_n024_f012_m012_motion080__scip_default__solverseed_3__trainseed_-1__unlabeled.sol,3,539.7986863999977,timelimit,cie_sensitivity,8.219178903327785,24,-1,checked active primary model at feasibility tolerance 1.000001e-06; removed 13 inactive auxiliaries,0.008523592936789769,auto
0.21770682138166308,0.3962264149146222,0.7982583450660965,0.40820029009061837,1,0.11338896946961624,2204.80000100001,0.0,cie_sensitivity_n024_f012_m012_motion080.lp,0.2548984033677091,0.22705007246596043,489.716666416676,scip_default,786.199998000077,D:\git\git\RDMCT-A3C\cie\data\sensitivity\spbs\cie_sensitivity_n024_f012_m012_motion080.lp,21547.54741302558,6,0.22702926015607783,4.888534022029489e-12,241.79999999999893,2647.599998000129,True,,D:\git\git\RDMCT-A3C\cie\results\sensitivity\cie_sensitivity_600s_mem2048_repro_v1\seeds1to4\solutions\cie_sensitivity__cie_sensitivity_n024_f012_m012_motion080__scip_default__solverseed_4__trainseed_-1__unlabeled.sol,4,351.7314473999977,optimal,cie_sensitivity,39.18722784869937,24,-1,checked active primary model at feasibility tolerance 1.000001e-06; removed 13 inactive auxiliaries,0.04063860665791104,auto
0.04563605704072723,0.10176840720082236,0.1673322091493331,0.0855676069513635,1,0.023768779708712086,10517.9989492,3.6618202943888067,cie_sensitivity_n024_f012_m012_motion120.lp,0.08355201443206471,0.06710401887363543,714.3999999999978,scip_default,1600.4,D:\git\git\RDMCT-A3C\cie\data\sensitivity\spbs\cie_sensitivity_n024_f012_m012_motion120.lp,42483.28798743934,6,0.2529973462322877,1.0686562745831907e-11,1169.7999999999952,7627.199999999966,True,,D:\git\git\RDMCT-A3C\cie\results\sensitivity\cie_sensitivity_600s_mem2048_repro_v1\seeds1to4\solutions\cie_sensitivity__cie_sensitivity_n024_f012_m012_motion120__scip_default__solverseed_1__trainseed_-1__unlabeled.sol,1,539.879280000001,timelimit,cie_sensitivity,8.214490267330897,24,-1,checked active primary model at feasibility tolerance 1.000001e-06; removed 13 inactive auxiliaries,0.012778095971403496,auto
0.04563605704072714,0.10176840720082106,0.16733220914933292,0.0855676069513635,1,0.023768779708712086,10517.9989492,3.6519234622733356,cie_sensitivity_n024_f012_m012_motion120.lp,0.0641947202372896,0.08646131306841072,714.3999999999986,scip_default,1600.4,D:\git\git\RDMCT-A3C\cie\data\sensitivity\spbs\cie_sensitivity_n024_f012_m012_motion120.lp,42464.96747171068,6,0.2529973462322855,2.6147972675971687e-12,1169.799999999996,7627.199999999993,True,,D:\git\git\RDMCT-A3C\cie\results\sensitivity\cie_sensitivity_600s_mem2048_repro_v1\seeds1to4\solutions\cie_sensitivity__cie_sensitivity_n024_f012_m012_motion120__scip_default__solverseed_2__trainseed_-1__unlabeled.sol,2,539.7919503999983,timelimit,cie_sensitivity,8.214490267330897,24,-1,checked active primary model at feasibility tolerance 1.000001e-06; removed 13 inactive auxiliaries,0.012778095971404533,auto
0.0456360570407272,0.10176840720082345,0.16733220914933347,0.0855676069513635,1,0.023768779708712086,10517.9989492,3.642068562185563,cie_sensitivity_n024_f012_m012_motion120.lp,0.07387336733467784,0.07678266597102208,714.3999999999982,scip_default,1600.3999999999944,D:\git\git\RDMCT-A3C\cie\data\sensitivity\spbs\cie_sensitivity_n024_f012_m012_motion120.lp,42432.06387458123,6,0.2529973462322886,1.432454155292362e-11,1169.799999999992,7627.19999999997,True,,D:\git\git\RDMCT-A3C\cie\results\sensitivity\cie_sensitivity_600s_mem2048_repro_v1\seeds1to4\solutions\cie_sensitivity__cie_sensitivity_n024_f012_m012_motion120__scip_default__solverseed_3__trainseed_-1__unlabeled.sol,3,539.755237100002,timelimit,cie_sensitivity,8.214490267330897,24,-1,checked active primary model at feasibility tolerance 1.000001e-06; removed 13 inactive auxiliaries,0.012778095971402717,auto
0.04563605704072723,0.1017684072008228,0.16733220914933347,0.0855676069513635,1,0.023768779708712086,10517.9989492,3.6519234622734085,cie_sensitivity_n024_f012_m012_motion120.lp,0.07387336733467784,0.07678266597102185,714.3999999999987,scip_default,1600.4,D:\git\git\RDMCT-A3C\cie\data\sensitivity\spbs\cie_sensitivity_n024_f012_m012_motion120.lp,42469.90639429848,6,0.2529973462322827,4.774847184307873e-12,1169.799999999992,7627.199999999977,True,,D:\git\git\RDMCT-A3C\cie\results\sensitivity\cie_sensitivity_600s_mem2048_repro_v1\seeds1to4\solutions\cie_sensitivity__cie_sensitivity_n024_f012_m012_motion120__scip_default__solverseed_4__trainseed_-1__unlabeled.sol,4,539.7402574000007,timelimit,cie_sensitivity,8.214490267330897,24,-1,checked active primary model at feasibility tolerance 1.000001e-06; removed 13 inactive auxiliaries,0.012778095971403582,auto
0.213713267936903,0.432769367572228,0.7836153157686429,0.4007123773816913,1,0.1113089937171371,2246.00000100001,0.0,cie_sensitivity_n024_f012_m012_nominal.lp,0.2132680319620342,0.20569902061189044,545.583333625003,scip_default,1109.9999999999989,D:\git\git\RDMCT-A3C\cie\data\sensitivity\spbs\cie_sensitivity_n024_f012_m012_nominal.lp,24612.47420529188,6,0.2267567120424005,63.9999994999971,486.0,3342.000003000051,True,,D:\git\git\RDMCT-A3C\cie\results\sensitivity\cie_sensitivity_600s_mem2048_repro_v1\seeds1to4\solutions\cie_sensitivity__cie_sensitivity_n024_f012_m012_nominal__scip_default__solverseed_1__trainseed_-1__unlabeled.sol,1,311.6911371000024,optimal,cie_sensitivity,38.46838822864258,24,-1,checked active primary model at feasibility tolerance 1.000001e-06; removed 13 inactive auxiliaries,0.049866429185277616,auto
0.0456490773137761,0.0924393815603966,0.16737995015051235,0.08559201996333018,1,0.02377556110092505,10514.9989495,3.75361616116635,cie_sensitivity_n024_f012_m012_nominal.lp,0.061911561106808836,0.08121731672075998,601.0,scip_default,1292.0,D:\git\git\RDMCT-A3C\cie\data\sensitivity\spbs\cie_sensitivity_n024_f012_m012_nominal.lp,42703.603245063096,6,0.24014605321403706,0.0,651.0,5112.0,True,,D:\git\git\RDMCT-A3C\cie\results\sensitivity\cie_sensitivity_600s_mem2048_repro_v1\seeds1to4\solutions\cie_sensitivity__cie_sensitivity_n024_f012_m012_nominal__scip_default__solverseed_2__trainseed_-1__unlabeled.sol,2,539.9014373999962,timelimit,cie_sensitivity,8.216833916479699,24,-1,checked active primary model at feasibility tolerance 1.000001e-06; removed 13 inactive auxiliaries,0.010651451373214422,auto
0.0456490773137761,0.0924393815603966,0.16737995015051235,0.08559201996333018,1,0.02377556110092505,10514.9989495,3.7279671531025182,cie_sensitivity_n024_f012_m012_nominal.lp,0.051545416466805515,0.0915834613607633,601.0,scip_default,1292.0,D:\git\git\RDMCT-A3C\cie\data\sensitivity\spbs\cie_sensitivity_n024_f012_m012_nominal.lp,42648.13961612162,6,0.24014605321403706,0.0,651.0,5112.0,True,,D:\git\git\RDMCT-A3C\cie\results\sensitivity\cie_sensitivity_600s_mem2048_repro_v1\seeds1to4\solutions\cie_sensitivity__cie_sensitivity_n024_f012_m012_nominal__scip_default__solverseed_3__trainseed_-1__unlabeled.sol,3,539.7582376000028,timelimit,cie_sensitivity,8.216833916479699,24,-1,checked active primary model at feasibility tolerance 1.000001e-06; removed 13 inactive auxiliaries,0.010651451373214422,auto
0.0456490773137761,0.0924393815603966,0.16737995015051235,0.08559201996333018,1,0.02377556110092505,10514.9989495,3.7622277846467393,cie_sensitivity_n024_f012_m012_nominal.lp,0.06485973068332354,0.07826914714424527,601.0,scip_default,1292.0,D:\git\git\RDMCT-A3C\cie\data\sensitivity\spbs\cie_sensitivity_n024_f012_m012_nominal.lp,42724.05806079534,6,0.24014605321403706,0.0,651.0,5112.0,True,,D:\git\git\RDMCT-A3C\cie\results\sensitivity\cie_sensitivity_600s_mem2048_repro_v1\seeds1to4\solutions\cie_sensitivity__cie_sensitivity_n024_f012_m012_nominal__scip_default__solverseed_4__trainseed_-1__unlabeled.sol,4,539.7758205999999,timelimit,cie_sensitivity,8.216833916479699,24,-1,checked active primary model at feasibility tolerance 1.000001e-06; removed 13 inactive auxiliaries,0.010651451373214422,auto
0.04564907275150443,0.09243937232179647,0.1673799334221829,0.0855920114090708,1,0.02377555872474189,10515.0000003928,3.7450361008090103,cie_sensitivity_n024_f012_m012_pec10.lp,0.07398953875139676,0.08083689966412243,610.75,scip_default,956.0,D:\git\git\RDMCT-A3C\cie\data\sensitivity\spbs\cie_sensitivity_n024_f012_m012_pec10.lp,42690.82263367881,6,0.35178842050609477,0.0,418.0,5346.0,True,,D:\git\git\RDMCT-A3C\cie\results\sensitivity\cie_sensitivity_600s_mem2048_repro_v1\seeds1to4\solutions\cie_sensitivity__cie_sensitivity_n024_f012_m012_pec10__scip_default__solverseed_1__trainseed_-1__unlabeled.sol,1,539.786720600001,timelimit,cie_sensitivity,8.216833095270797,24,-1,checked active primary model at feasibility tolerance 1.000001e-06; removed 13 inactive auxiliaries,0.010651450308684366,auto
0.04564907275150443,0.09243937232179647,0.1673799334221829,0.0855920114090708,1,0.02377555872474189,10515.0000003928,3.7279676256262286,cie_sensitivity_n024_f012_m012_pec10.lp,0.07532097003998231,0.07998097955003171,610.75,scip_default,965.0,D:\git\git\RDMCT-A3C\cie\data\sensitivity\spbs\cie_sensitivity_n024_f012_m012_pec10.lp,42651.809137744785,6,0.35178842050609477,0.0,418.0,5346.0,True,,D:\git\git\RDMCT-A3C\cie\results\sensitivity\cie_sensitivity_600s_mem2048_repro_v1\seeds1to4\solutions\cie_sensitivity__cie_sensitivity_n024_f012_m012_pec10__scip_default__solverseed_2__trainseed_-1__unlabeled.sol,2,539.761859299997,timelimit,cie_sensitivity,8.216833095270797,24,-1,checked active primary model at feasibility tolerance 1.000001e-06; removed 13 inactive auxiliaries,0.010651450308684366,auto
0.04564907275150443,0.09243937232179647,0.1673799334221829,0.0855920114090708,1,0.02377555872474189,10515.0000003928,3.727967625626244,cie_sensitivity_n024_f012_m012_pec10.lp,0.06409890632190414,0.09120304326810989,610.75,scip_default,956.0,D:\git\git\RDMCT-A3C\cie\data\sensitivity\spbs\cie_sensitivity_n024_f012_m012_pec10.lp,42642.35853476969,6,0.35178842050609477,0.0,418.0,5346.0,True,,D:\git\git\RDMCT-A3C\cie\results\sensitivity\cie_sensitivity_600s_mem2048_repro_v1\seeds1to4\solutions\cie_sensitivity__cie_sensitivity_n024_f012_m012_pec10__scip_default__solverseed_3__trainseed_-1__unlabeled.sol,3,539.751325199999,timelimit,cie_sensitivity,8.216833095270797,24,-1,checked active primary model at feasibility tolerance 1.000001e-06; removed 13 inactive auxiliaries,0.010651450308684366,auto
0.21371326793690396,0.4327693675722307,0.7836153157686485,0.4007123773816953,1,0.11130899371713758,2246.000001,0.0,cie_sensitivity_n024_f012_m012_pec10.lp,0.2956366873127174,0.34550311605275896,529.6666664999999,scip_default,698.9999999999999,D:\git\git\RDMCT-A3C\cie\data\sensitivity\spbs\cie_sensitivity_n024_f012_m012_pec10.lp,17835.190358854743,6,0.24014605275997936,0.0,202.0,3399.9999959999996,True,,D:\git\git\RDMCT-A3C\cie\results\sensitivity\cie_sensitivity_600s_mem2048_repro_v1\seeds1to4\solutions\cie_sensitivity__cie_sensitivity_n024_f012_m012_pec10__scip_default__solverseed_4__trainseed_-1__unlabeled.sol,4,226.0274036999981,optimal,cie_sensitivity,38.46838822864275,24,-1,checked active primary model at feasibility tolerance 1.000001e-06; removed 13 inactive auxiliaries,0.04986642918527764,auto
0.2407221663787757,0.4874623869170198,0.7562688060399859,0.3610832495681633,1,0.12537612832227876,1994.000001,0.0,cie_sensitivity_n024_f012_m012_process080.lp,0.292711467589749,0.2743229687691459,461.7500000000003,scip_default,725.000000000001,D:\git\git\RDMCT-A3C\cie\data\sensitivity\spbs\cie_sensitivity_n024_f012_m012_process080.lp,27347.389145365436,6,0.28365711874549215,1.9554136088117957e-11,299.0,3038.000000000001,True,,D:\git\git\RDMCT-A3C\cie\results\sensitivity\cie_sensitivity_600s_mem2048_repro_v1\seeds1to4\solutions\cie_sensitivity__cie_sensitivity_n024_f012_m012_process080__scip_default__solverseed_1__trainseed_-1__unlabeled.sol,1,347.75541670000166,optimal,cie_sensitivity,43.32998994817954,24,-1,checked active primary model at feasibility tolerance 1.000001e-06; removed 13 inactive auxiliaries,0.056168505488380885,auto
0.0456490773137761,0.0924393815603966,0.14341418456077992,0.06847361597066415,1,0.02377556110092505,10514.9989495,4.353869118380856,cie_sensitivity_n024_f012_m012_process080.lp,0.08378507731965988,0.042700907737261394,646.1666666666666,scip_default,1822.0,D:\git\git\RDMCT-A3C\cie\data\sensitivity\spbs\cie_sensitivity_n024_f012_m012_process080.lp,43971.240081289485,6,0.3740440143427492,0.0,1252.0,6736.0,True,,D:\git\git\RDMCT-A3C\cie\results\sensitivity\cie_sensitivity_600s_mem2048_repro_v1\seeds1to4\solutions\cie_sensitivity__cie_sensitivity_n024_f012_m012_process080__scip_default__solverseed_2__trainseed_-1__unlabeled.sol,2,539.7313469999972,timelimit,cie_sensitivity,8.216833916479699,24,-1,checked active primary model at feasibility tolerance 1.000001e-06; removed 13 inactive auxiliaries,0.010651451373214422,auto
0.24072216637877547,0.4874623869170194,0.7562688060399859,0.3610832495681633,1,0.12537612832227876,1994.000001,0.0,cie_sensitivity_n024_f012_m012_process080.lp,0.37428953608778565,0.3248077559387468,489.27777777777766,scip_default,677.0000020000031,D:\git\git\RDMCT-A3C\cie\data\sensitivity\spbs\cie_sensitivity_n024_f012_m012_process080.lp,35613.73810248338,6,0.253258149420745,2.05773176276125e-11,285.00000100000204,3542.6666666666606,True,,D:\git\git\RDMCT-A3C\cie\results\sensitivity\cie_sensitivity_600s_mem2048_repro_v1\seeds1to4\solutions\cie_sensitivity__cie_sensitivity_n024_f012_m012_process080__scip_default__solverseed_3__trainseed_-1__unlabeled.sol,3,438.0363924999983,optimal,cie_sensitivity,43.32998994817954,24,-1,checked active primary model at feasibility tolerance 1.000001e-06; removed 13 inactive auxiliaries,0.056168505488381114,auto
0.0456490773137761,0.0924393815603966,0.14341418456077992,0.06847361597066415,1,0.02377556110092505,10514.9989495,4.337562918020305,cie_sensitivity_n024_f012_m012_process080.lp,0.039277226938728184,0.08720875811819309,646.1666666666666,scip_default,1822.0,D:\git\git\RDMCT-A3C\cie\data\sensitivity\spbs\cie_sensitivity_n024_f012_m012_process080.lp,43965.74317156243,6,0.3740440143427492,0.0,1252.0,6736.0,True,,D:\git\git\RDMCT-A3C\cie\results\sensitivity\cie_sensitivity_600s_mem2048_repro_v1\seeds1to4\solutions\cie_sensitivity__cie_sensitivity_n024_f012_m012_process080__scip_default__solverseed_4__trainseed_-1__unlabeled.sol,4,539.5541016000025,timelimit,cie_sensitivity,8.216833916479699,24,-1,checked active primary model at feasibility tolerance 1.000001e-06; removed 13 inactive auxiliaries,0.010651451373214422,auto
0.0456490773137761,0.0924393815603966,0.1913457157402448,0.10271042395599622,1,0.02377556110092505,10514.9989495,3.257084594534407,cie_sensitivity_n024_f012_m012_process120.lp,0.05886828928589043,0.03708987531744308,602.5833333333334,scip_default,946.0,D:\git\git\RDMCT-A3C\cie\data\sensitivity\spbs\cie_sensitivity_n024_f012_m012_process120.lp,41393.01662919886,4,0.19375782341425943,0.0,360.0,3598.0,True,,D:\git\git\RDMCT-A3C\cie\results\sensitivity\cie_sensitivity_600s_mem2048_repro_v1\seeds1to4\solutions\cie_sensitivity__cie_sensitivity_n024_f012_m012_process120__scip_default__solverseed_1__trainseed_-1__unlabeled.sol,1,538.3952219000021,timelimit,cie_sensitivity,8.216833916479699,24,-1,checked active primary model at feasibility tolerance 1.000001e-06; removed 13 inactive auxiliaries,0.010651451373214422,auto
0.0456490773137761,0.0924393815603966,0.1913457157402448,0.10271042395599622,1,0.02377556110092505,10514.9989495,3.2570845945344007,cie_sensitivity_n024_f012_m012_process120.lp,0.047265815468639005,0.04869234913469451,602.5833333333334,scip_default,1068.0,D:\git\git\RDMCT-A3C\cie\data\sensitivity\spbs\cie_sensitivity_n024_f012_m012_process120.lp,41398.961852380904,4,0.19375782341425943,0.0,360.0,3598.0,True,,D:\git\git\RDMCT-A3C\cie\results\sensitivity\cie_sensitivity_600s_mem2048_repro_v1\seeds1to4\solutions\cie_sensitivity__cie_sensitivity_n024_f012_m012_process120__scip_default__solverseed_2__trainseed_-1__unlabeled.sol,2,539.8090852999958,timelimit,cie_sensitivity,8.216833916479699,24,-1,checked active primary model at feasibility tolerance 1.000001e-06; removed 13 inactive auxiliaries,0.010651451373214422,auto
0.0456490773137761,0.0924393815603966,0.1913457157402448,0.10271042395599622,1,0.02377556110092505,10514.9989495,3.274389816463415,cie_sensitivity_n024_f012_m012_process120.lp,0.047265815468639005,0.04869234913469451,602.5833333333334,scip_default,1068.0,D:\git\git\RDMCT-A3C\cie\data\sensitivity\spbs\cie_sensitivity_n024_f012_m012_process120.lp,41436.91715812605,4,0.19375782341425943,0.0,360.0,3598.0,True,,D:\git\git\RDMCT-A3C\cie\results\sensitivity\cie_sensitivity_600s_mem2048_repro_v1\seeds1to4\solutions\cie_sensitivity__cie_sensitivity_n024_f012_m012_process120__scip_default__solverseed_3__trainseed_-1__unlabeled.sol,3,539.7474041999994,timelimit,cie_sensitivity,8.216833916479699,24,-1,checked active primary model at feasibility tolerance 1.000001e-06; removed 13 inactive auxiliaries,0.010651451373214422,auto
0.0456490773137761,0.0924393815603966,0.1913457157402448,0.10271042395599622,1,0.02377556110092505,10514.9989495,3.260534419975689,cie_sensitivity_n024_f012_m012_process120.lp,0.05886828928589043,0.03708987531744308,602.5833333333334,scip_default,946.0,D:\git\git\RDMCT-A3C\cie\data\sensitivity\spbs\cie_sensitivity_n024_f012_m012_process120.lp,41406.19780027447,4,0.19375782341425943,0.0,360.0,3598.0,True,,D:\git\git\RDMCT-A3C\cie\results\sensitivity\cie_sensitivity_600s_mem2048_repro_v1\seeds1to4\solutions\cie_sensitivity__cie_sensitivity_n024_f012_m012_process120__scip_default__solverseed_4__trainseed_-1__unlabeled.sol,4,539.7668157000007,timelimit,cie_sensitivity,8.216833916479699,24,-1,checked active primary model at feasibility tolerance 1.000001e-06; removed 13 inactive auxiliaries,0.010651451373214422,auto
0.0456490773137761,0.0924393815603966,0.21493107235236247,0.15026154615784632,3,0.07132668330277515,10514.9989495,2.8347917390591983,cie_sensitivity_n024_f012_m012_clean03.lp,0.04878745137909821,0.040418453871572585,501.0,scip_default,774.0,D:\git\git\RDMCT-A3C\cie\data\sensitivity\spbs\cie_sensitivity_n024_f012_m012_clean03.lp,40079.55157706451,8,0.35178842050609477,0.0,266.0,2712.0,True,,D:\git\git\RDMCT-A3C\cie\results\sensitivity\cie_sensitivity_600s_mem2048_repro_v1\seeds5to7\solutions\cie_sensitivity__cie_sensitivity_n024_f012_m012_clean03__scip_default__solverseed_5__trainseed_-1__unlabeled.sol,5,540.0504680000013,timelimit,cie_sensitivity,8.216833916479699,24,-1,checked active primary model at feasibility tolerance 1.000001e-06; removed 13 inactive auxiliaries,0.014455541149362431,auto
0.0456490773137761,0.0924393815603966,0.21493107235236247,0.15026154615784632,3,0.07132668330277515,10514.9989495,2.834791739059081,cie_sensitivity_n024_f012_m012_clean03.lp,0.04878745137909821,0.040418453871572585,501.0,scip_default,774.0,D:\git\git\RDMCT-A3C\cie\data\sensitivity\spbs\cie_sensitivity_n024_f012_m012_clean03.lp,40088.67871985171,8,0.35178842050609477,0.0,266.0,2712.0,True,,D:\git\git\RDMCT-A3C\cie\results\sensitivity\cie_sensitivity_600s_mem2048_repro_v1\seeds5to7\solutions\cie_sensitivity__cie_sensitivity_n024_f012_m012_clean03__scip_default__solverseed_6__trainseed_-1__unlabeled.sol,6,539.7205926999995,timelimit,cie_sensitivity,8.216833916479699,24,-1,checked active primary model at feasibility tolerance 1.000001e-06; removed 13 inactive auxiliaries,0.014455541149362431,auto
0.0456490773137761,0.0924393815603966,0.21493107235236247,0.15026154615784632,3,0.07132668330277515,10514.9989495,2.8375908571167887,cie_sensitivity_n024_f012_m012_clean03.lp,0.045363770580565,0.040418453871572585,501.0,scip_default,774.0,D:\git\git\RDMCT-A3C\cie\data\sensitivity\spbs\cie_sensitivity_n024_f012_m012_clean03.lp,40105.600132195774,8,0.35178842050609477,0.0,266.0,2712.0,True,,D:\git\git\RDMCT-A3C\cie\results\sensitivity\cie_sensitivity_600s_mem2048_repro_v1\seeds5to7\solutions\cie_sensitivity__cie_sensitivity_n024_f012_m012_clean03__scip_default__solverseed_7__trainseed_-1__unlabeled.sol,7,539.7393875000016,timelimit,cie_sensitivity,8.216833916479699,24,-1,checked active primary model at feasibility tolerance 1.000001e-06; removed 13 inactive auxiliaries,0.014455541149362431,auto
0.3145478372774917,0.6369593704869199,0.707732633874356,0.5897771948952962,0,0.0,1526.000001,0.0,cie_sensitivity_n024_f012_m012_clean10.lp,0.2463958058673684,0.26736566103056,460.49999979166637,scip_default,529.9999999999991,D:\git\git\RDMCT-A3C\cie\data\sensitivity\spbs\cie_sensitivity_n024_f012_m012_clean10.lp,43580.07287825592,4,0.24014605366809563,5.000027840651455e-07,76.0,1739.999998,True,,D:\git\git\RDMCT-A3C\cie\results\sensitivity\cie_sensitivity_600s_mem2048_repro_v1\seeds5to7\solutions\cie_sensitivity__cie_sensitivity_n024_f012_m012_clean10__scip_default__solverseed_5__trainseed_-1__unlabeled.sol,5,516.4920314999999,optimal,cie_sensitivity,56.618610709948484,24,-1,checked active primary model at feasibility tolerance 1.000001e-06; removed 13 inactive auxiliaries,0.05766710350087345,auto
0.2671118529398377,0.5409015022031711,0.6010016691146345,0.500834724262195,0,0.0,1797.000001,0.19481382978723405,cie_sensitivity_n024_f012_m012_clean10.lp,0.3055091815216971,0.34724540826530575,514.6666664166663,scip_default,756.9999999999991,D:\git\git\RDMCT-A3C\cie\data\sensitivity\spbs\cie_sensitivity_n024_f012_m012_clean10.lp,12972.590632891788,4,0.4995869073091984,5.000010787625797e-07,263.999999999999,3039.9999969999953,True,,D:\git\git\RDMCT-A3C\cie\results\sensitivity\cie_sensitivity_600s_mem2048_repro_v1\seeds5to7\solutions\cie_sensitivity__cie_sensitivity_n024_f012_m012_clean10__scip_default__solverseed_6__trainseed_-1__unlabeled.sol,6,540.0589925999993,timelimit,cie_sensitivity,48.080133529170766,24,-1,checked active primary model at feasibility tolerance 1.000001e-06; removed 13 inactive auxiliaries,0.048970506372303685,auto
0.2555910541770017,0.5175718847084277,0.5750798718982536,0.47923322658187756,0,0.0,1878.000001,0.252,cie_sensitivity_n024_f012_m012_clean10.lp,0.19755058562430744,0.2609158678056887,521.083333333333,scip_default,720.9999999999991,D:\git\git\RDMCT-A3C\cie\data\sensitivity\spbs\cie_sensitivity_n024_f012_m012_clean10.lp,18918.415111253864,4,0.5055940011289991,1.8189894035458565e-12,228.0,3193.9999999999986,True,,D:\git\git\RDMCT-A3C\cie\results\sensitivity\cie_sensitivity_600s_mem2048_repro_v1\seeds5to7\solutions\cie_sensitivity__cie_sensitivity_n024_f012_m012_clean10__scip_default__solverseed_7__trainseed_-1__unlabeled.sol,7,539.7521612,timelimit,cie_sensitivity,46.00638975186028,24,-1,checked active primary model at feasibility tolerance 1.000001e-06; removed 13 inactive auxiliaries,0.046858359932450286,auto
0.21770682138166803,0.3962264149146339,0.7982583450661188,0.40820029009062764,1,0.11338896946961881,2204.80000099996,0.0,cie_sensitivity_n024_f012_m012_motion080.lp,0.2594339626000246,0.22360304734054925,489.91666641667797,scip_default,866.599999000046,D:\git\git\RDMCT-A3C\cie\data\sensitivity\spbs\cie_sensitivity_n024_f012_m012_motion080.lp,31427.876824380925,6,0.22702926060552236,9.99954977487505e-07,225.399999000035,2652.400000000023,True,,D:\git\git\RDMCT-A3C\cie\results\sensitivity\cie_sensitivity_600s_mem2048_repro_v1\seeds5to7\solutions\cie_sensitivity__cie_sensitivity_n024_f012_m012_motion080__scip_default__solverseed_5__trainseed_-1__unlabeled.sol,5,498.8520067000027,optimal,cie_sensitivity,39.18722784870026,24,-1,checked active primary model at feasibility tolerance 1.000001e-06; removed 13 inactive auxiliaries,0.04063860665791299,auto
0.2177068213816632,0.39622641446106865,0.7982583450660966,0.40820029009061837,1,0.11338896946961624,2204.80000100001,0.0,cie_sensitivity_n024_f012_m012_motion080.lp,0.25489840291414567,0.22705007246596132,489.71666650000066,scip_default,786.199999000017,D:\git\git\RDMCT-A3C\cie\data\sensitivity\spbs\cie_sensitivity_n024_f012_m012_motion080.lp,28198.277030945806,6,0.2270292585836584,3.979039320256561e-12,241.80000099999893,2647.5999960000363,True,,D:\git\git\RDMCT-A3C\cie\results\sensitivity\cie_sensitivity_600s_mem2048_repro_v1\seeds5to7\solutions\cie_sensitivity__cie_sensitivity_n024_f012_m012_motion080__scip_default__solverseed_6__trainseed_-1__unlabeled.sol,6,357.3058794999997,optimal,cie_sensitivity,39.18722784869937,24,-1,checked active primary model at feasibility tolerance 1.000001e-06; removed 13 inactive auxiliaries,0.04063860665791496,auto
0.0456621050184877,0.08310503113364748,0.16742771840112158,0.08561644690966444,1,0.023782346363795677,10511.9989498,3.8384419353770562,cie_sensitivity_n024_f012_m012_motion080.lp,0.062385850981508666,0.0748287745990477,550.3166666666693,scip_default,951.3999999999996,D:\git\git\RDMCT-A3C\cie\data\sensitivity\spbs\cie_sensitivity_n024_f012_m012_motion080.lp,42905.45655059871,6,0.3301902918688974,3.637978807091713e-12,564.4000000000005,4102.00000000002,True,,D:\git\git\RDMCT-A3C\cie\results\sensitivity\cie_sensitivity_600s_mem2048_repro_v1\seeds5to7\solutions\cie_sensitivity__cie_sensitivity_n024_f012_m012_motion080__scip_default__solverseed_7__trainseed_-1__unlabeled.sol,7,539.1789526999964,timelimit,cie_sensitivity,8.219178903327785,24,-1,checked active primary model at feasibility tolerance 1.000001e-06; removed 13 inactive auxiliaries,0.008523592936786308,auto
0.04563605704072718,0.10176840720082345,0.1673322091493328,0.0855676069513635,1,0.023768779708712086,10517.9989492,3.6717593267300392,cie_sensitivity_n024_f012_m012_motion120.lp,0.06419472023728968,0.08646131306841075,714.3999999999996,scip_default,1600.4,D:\git\git\RDMCT-A3C\cie\data\sensitivity\spbs\cie_sensitivity_n024_f012_m012_motion120.lp,42522.14945118812,6,0.25299734623228587,3.637978807091713e-12,1169.799999999994,7627.199999999978,True,,D:\git\git\RDMCT-A3C\cie\results\sensitivity\cie_sensitivity_600s_mem2048_repro_v1\seeds5to7\solutions\cie_sensitivity__cie_sensitivity_n024_f012_m012_motion120__scip_default__solverseed_5__trainseed_-1__unlabeled.sol,5,539.8998671000008,timelimit,cie_sensitivity,8.214490267330897,24,-1,checked active primary model at feasibility tolerance 1.000001e-06; removed 13 inactive auxiliaries,0.012778095971403496,auto
0.04563605704072727,0.10176840720082418,0.16733220914933294,0.0855676069513635,1,0.023768779708712086,10517.9989492,3.6817408297869436,cie_sensitivity_n024_f012_m012_motion120.lp,0.0641947202372896,0.0864613130684107,714.3999999999991,scip_default,1600.4,D:\git\git\RDMCT-A3C\cie\data\sensitivity\spbs\cie_sensitivity_n024_f012_m012_motion120.lp,42530.23608041258,6,0.25299734623228864,2.1259438653942198e-11,1169.799999999996,7627.199999999992,True,,D:\git\git\RDMCT-A3C\cie\results\sensitivity\cie_sensitivity_600s_mem2048_repro_v1\seeds5to7\solutions\cie_sensitivity__cie_sensitivity_n024_f012_m012_motion120__scip_default__solverseed_6__trainseed_-1__unlabeled.sol,6,539.7928960999998,timelimit,cie_sensitivity,8.214490267330897,24,-1,checked active primary model at feasibility tolerance 1.000001e-06; removed 13 inactive auxiliaries,0.012778095971403712,auto
0.0456360570407272,0.10176840720082327,0.16733220914933317,0.0855676069513635,1,0.023768779708712086,10517.9989492,3.6420685621855617,cie_sensitivity_n024_f012_m012_motion120.lp,0.08355201443206588,0.06710401887363548,714.4,scip_default,1600.4000000000012,D:\git\git\RDMCT-A3C\cie\data\sensitivity\spbs\cie_sensitivity_n024_f012_m012_motion120.lp,42432.06387458123,6,0.2529973462322828,2.2737367544323206e-13,1169.799999999998,7627.200000000018,True,,D:\git\git\RDMCT-A3C\cie\results\sensitivity\cie_sensitivity_600s_mem2048_repro_v1\seeds5to7\solutions\cie_sensitivity__cie_sensitivity_n024_f012_m012_motion120__scip_default__solverseed_7__trainseed_-1__unlabeled.sol,7,539.7796292999992,timelimit,cie_sensitivity,8.214490267330897,24,-1,checked active primary model at feasibility tolerance 1.000001e-06; removed 13 inactive auxiliaries,0.012778095971404576,auto
0.21371326793690498,0.43276936757223095,0.7836153157686494,0.4007123773816961,1,0.11130899371713758,2246.000001,0.0,cie_sensitivity_n024_f012_m012_nominal.lp,0.40739091700472446,0.3455031164979951,571.9166666666675,scip_default,1024.000000000002,D:\git\git\RDMCT-A3C\cie\data\sensitivity\spbs\cie_sensitivity_n024_f012_m012_nominal.lp,41116.097941432985,6,0.24014605321403615,2.0463630789890885e-12,310.0,4414.0000000000055,True,,D:\git\git\RDMCT-A3C\cie\results\sensitivity\cie_sensitivity_600s_mem2048_repro_v1\seeds5to7\solutions\cie_sensitivity__cie_sensitivity_n024_f012_m012_nominal__scip_default__solverseed_5__trainseed_-1__unlabeled.sol,5,520.791507599999,optimal,cie_sensitivity,38.46838822864275,24,-1,checked active primary model at feasibility tolerance 1.000001e-06; removed 13 inactive auxiliaries,0.04986642918527764,auto
0.0456490773137761,0.0924393815603966,0.16737995015051235,0.08559201996333018,1,0.02377556110092505,10514.9989495,3.7536161611663657,cie_sensitivity_n024_f012_m012_nominal.lp,0.043366623448087296,0.09976225437948151,601.0,scip_default,1292.0,D:\git\git\RDMCT-A3C\cie\data\sensitivity\spbs\cie_sensitivity_n024_f012_m012_nominal.lp,42707.33125304411,6,0.24014605321403706,0.0,651.0,5112.0,True,,D:\git\git\RDMCT-A3C\cie\results\sensitivity\cie_sensitivity_600s_mem2048_repro_v1\seeds5to7\solutions\cie_sensitivity__cie_sensitivity_n024_f012_m012_nominal__scip_default__solverseed_6__trainseed_-1__unlabeled.sol,6,539.8534298000013,timelimit,cie_sensitivity,8.216833916479699,24,-1,checked active primary model at feasibility tolerance 1.000001e-06; removed 13 inactive auxiliaries,0.010651451373214422,auto
0.0456490773137761,0.0924393815603966,0.16737995015051235,0.08559201996333018,1,0.02377556110092505,10514.9989495,3.7450356265794147,cie_sensitivity_n024_f012_m012_nominal.lp,0.08283405487562288,0.06029482295194593,601.0,scip_default,1292.0,D:\git\git\RDMCT-A3C\cie\data\sensitivity\spbs\cie_sensitivity_n024_f012_m012_nominal.lp,42689.10966301461,6,0.24014605321403706,0.0,651.0,5112.0,True,,D:\git\git\RDMCT-A3C\cie\results\sensitivity\cie_sensitivity_600s_mem2048_repro_v1\seeds5to7\solutions\cie_sensitivity__cie_sensitivity_n024_f012_m012_nominal__scip_default__solverseed_7__trainseed_-1__unlabeled.sol,7,539.8243978999999,timelimit,cie_sensitivity,8.216833916479699,24,-1,checked active primary model at feasibility tolerance 1.000001e-06; removed 13 inactive auxiliaries,0.010651451373214422,auto
0.04564907275150443,0.09243937232179647,0.1673799334221829,0.0855920114090708,1,0.02377555872474189,10515.0000003928,3.7450361008090023,cie_sensitivity_n024_f012_m012_pec10.lp,0.07532097003998231,0.07998097955003171,610.75,scip_default,965.0,D:\git\git\RDMCT-A3C\cie\data\sensitivity\spbs\cie_sensitivity_n024_f012_m012_pec10.lp,42703.035593340326,6,0.35178842050609477,0.0,418.0,5346.0,True,,D:\git\git\RDMCT-A3C\cie\results\sensitivity\cie_sensitivity_600s_mem2048_repro_v1\seeds5to7\solutions\cie_sensitivity__cie_sensitivity_n024_f012_m012_pec10__scip_default__solverseed_5__trainseed_-1__unlabeled.sol,5,539.7558673000021,timelimit,cie_sensitivity,8.216833095270797,24,-1,checked active primary model at feasibility tolerance 1.000001e-06; removed 13 inactive auxiliaries,0.010651450308684366,auto
0.21371326793690457,0.43276936757223095,0.7836153157686491,0.4007123773816953,1,0.11130899371713758,2246.000001,0.0,cie_sensitivity_n024_f012_m012_pec10.lp,0.2223953694468409,0.2544523596373765,501.7500000000002,scip_default,676.000000000001,D:\git\git\RDMCT-A3C\cie\data\sensitivity\spbs\cie_sensitivity_n024_f012_m012_pec10.lp,22301.14023371151,6,0.24014605321403662,1.0231815394945443e-12,236.00000000000102,2730.000000000003,True,,D:\git\git\RDMCT-A3C\cie\results\sensitivity\cie_sensitivity_600s_mem2048_repro_v1\seeds5to7\solutions\cie_sensitivity__cie_sensitivity_n024_f012_m012_pec10__scip_default__solverseed_6__trainseed_-1__unlabeled.sol,6,304.22949700000026,optimal,cie_sensitivity,38.46838822864275,24,-1,checked active primary model at feasibility tolerance 1.000001e-06; removed 13 inactive auxiliaries,0.04986642918527764,auto
0.04564907275150443,0.09243937232179647,0.1673799334221829,0.0855920114090708,1,0.02377555872474189,10515.0000003928,3.740757438860572,cie_sensitivity_n024_f012_m012_pec10.lp,0.07446504992589159,0.08083689966412243,610.75,scip_default,956.0,D:\git\git\RDMCT-A3C\cie\data\sensitivity\spbs\cie_sensitivity_n024_f012_m012_pec10.lp,42676.23395084391,6,0.35178842050609477,0.0,418.0,5346.0,True,,D:\git\git\RDMCT-A3C\cie\results\sensitivity\cie_sensitivity_600s_mem2048_repro_v1\seeds5to7\solutions\cie_sensitivity__cie_sensitivity_n024_f012_m012_pec10__scip_default__solverseed_7__trainseed_-1__unlabeled.sol,7,539.406745399996,timelimit,cie_sensitivity,8.216833095270797,24,-1,checked active primary model at feasibility tolerance 1.000001e-06; removed 13 inactive auxiliaries,0.010651450308684366,auto
0.24072216637877455,0.48746238691701926,0.7562688060399856,0.36108324956816296,1,0.12537612832227876,1994.000001,0.0,cie_sensitivity_n024_f012_m012_process080.lp,0.3896690068256425,0.3786359075332817,477.33333333333326,scip_default,668.0,D:\git\git\RDMCT-A3C\cie\data\sensitivity\spbs\cie_sensitivity_n024_f012_m012_process080.lp,30569.290795279056,6,0.29160592175990213,0.0,241.0,3439.999999999999,True,,D:\git\git\RDMCT-A3C\cie\results\sensitivity\cie_sensitivity_600s_mem2048_repro_v1\seeds5to7\solutions\cie_sensitivity__cie_sensitivity_n024_f012_m012_process080__scip_default__solverseed_5__trainseed_-1__unlabeled.sol,5,375.60099499999706,optimal,cie_sensitivity,43.32998994817954,24,-1,checked active primary model at feasibility tolerance 1.000001e-06; removed 13 inactive auxiliaries,0.056168505488381,auto
0.21447721170041295,0.43431635369333355,0.6738159067587947,0.3217158175506176,1,0.11170688109396476,2238.000001,0.13488843813387213,cie_sensitivity_n024_f012_m012_process080.lp,0.165773011320029,0.22117962501288535,500.49999999999824,scip_default,1268.9999989999878,D:\git\git\RDMCT-A3C\cie\data\sensitivity\spbs\cie_sensitivity_n024_f012_m012_process080.lp,10661.732719020896,6,0.40431422041630327,17.99999900000182,789.9999989999899,3857.9999989999933,True,,D:\git\git\RDMCT-A3C\cie\results\sensitivity\cie_sensitivity_600s_mem2048_repro_v1\seeds5to7\solutions\cie_sensitivity__cie_sensitivity_n024_f012_m012_process080__scip_default__solverseed_6__trainseed_-1__unlabeled.sol,6,539.9505664000026,timelimit,cie_sensitivity,38.60589810607422,24,-1,checked active primary model at feasibility tolerance 1.000001e-06; removed 13 inactive auxiliaries,0.05004468273009601,auto
0.0456490773137761,0.0924393815603966,0.14341418456077992,0.06847361597066415,1,0.02377556110092505,10514.9989495,4.364795381887755,cie_sensitivity_n024_f012_m012_process080.lp,0.07674751123378606,0.049738473823135204,646.1666666666666,scip_default,1822.0,D:\git\git\RDMCT-A3C\cie\data\sensitivity\spbs\cie_sensitivity_n024_f012_m012_process080.lp,43990.717020945216,6,0.3740440143427492,0.0,1252.0,6736.0,True,,D:\git\git\RDMCT-A3C\cie\results\sensitivity\cie_sensitivity_600s_mem2048_repro_v1\seeds5to7\solutions\cie_sensitivity__cie_sensitivity_n024_f012_m012_process080__scip_default__solverseed_7__trainseed_-1__unlabeled.sol,7,539.6995019000024,timelimit,cie_sensitivity,8.216833916479699,24,-1,checked active primary model at feasibility tolerance 1.000001e-06; removed 13 inactive auxiliaries,0.010651451373214422,auto
0.0456490773137761,0.0924393815603966,0.1913457157402448,0.10271042395599622,1,0.02377556110092505,10514.9989495,3.260534419975689,cie_sensitivity_n024_f012_m012_process120.lp,0.047265815468639005,0.04869234913469451,602.5833333333334,scip_default,1068.0,D:\git\git\RDMCT-A3C\cie\data\sensitivity\spbs\cie_sensitivity_n024_f012_m012_process120.lp,41396.55567454568,4,0.19375782341425943,0.0,360.0,3598.0,True,,D:\git\git\RDMCT-A3C\cie\results\sensitivity\cie_sensitivity_600s_mem2048_repro_v1\seeds5to7\solutions\cie_sensitivity__cie_sensitivity_n024_f012_m012_process120__scip_default__solverseed_5__trainseed_-1__unlabeled.sol,5,539.7677666999989,timelimit,cie_sensitivity,8.216833916479699,24,-1,checked active primary model at feasibility tolerance 1.000001e-06; removed 13 inactive auxiliaries,0.010651451373214422,auto
0.0456490773137761,0.0924393815603966,0.1913457157402448,0.10271042395599622,1,0.02377556110092505,10514.9989495,3.246768557552504,cie_sensitivity_n024_f012_m012_process120.lp,0.05886828928589043,0.03708987531744308,602.5833333333334,scip_default,946.0,D:\git\git\RDMCT-A3C\cie\data\sensitivity\spbs\cie_sensitivity_n024_f012_m012_process120.lp,41355.41462571595,4,0.19375782341425943,0.0,360.0,3598.0,True,,D:\git\git\RDMCT-A3C\cie\results\sensitivity\cie_sensitivity_600s_mem2048_repro_v1\seeds5to7\solutions\cie_sensitivity__cie_sensitivity_n024_f012_m012_process120__scip_default__solverseed_6__trainseed_-1__unlabeled.sol,6,539.8030436999979,timelimit,cie_sensitivity,8.216833916479699,24,-1,checked active primary model at feasibility tolerance 1.000001e-06; removed 13 inactive auxiliaries,0.010651451373214422,auto
0.0456490773137761,0.0924393815603966,0.1913457157402448,0.10271042395599622,1,0.02377556110092505,10514.9989495,3.246768557552504,cie_sensitivity_n024_f012_m012_process120.lp,0.047265815468639005,0.04869234913469451,602.5833333333334,scip_default,1068.0,D:\git\git\RDMCT-A3C\cie\data\sensitivity\spbs\cie_sensitivity_n024_f012_m012_process120.lp,41393.08435101351,4,0.19375782341425943,0.0,360.0,3598.0,True,,D:\git\git\RDMCT-A3C\cie\results\sensitivity\cie_sensitivity_600s_mem2048_repro_v1\seeds5to7\solutions\cie_sensitivity__cie_sensitivity_n024_f012_m012_process120__scip_default__solverseed_7__trainseed_-1__unlabeled.sol,7,539.7658730999938,timelimit,cie_sensitivity,8.216833916479699,24,-1,checked active primary model at feasibility tolerance 1.000001e-06; removed 13 inactive auxiliaries,0.010651451373214422,auto
0.0456490773137761,0.0924393815603966,0.21493107235236247,0.15026154615784632,3,0.07132668330277515,10514.9989495,2.8264188313318575,cie_sensitivity_n024_f012_m012_clean03.lp,0.045363770580565,0.040418453871572585,501.0,scip_default,774.0,D:\git\git\RDMCT-A3C\cie\data\sensitivity\spbs\cie_sensitivity_n024_f012_m012_clean03.lp,40102.76608531224,8,0.35178842050609477,0.0,266.0,2712.0,True,,D:\git\git\RDMCT-A3C\cie\results\sensitivity\cie_sensitivity_600s_mem2048_repro_v1\seeds8to10\solutions\cie_sensitivity__cie_sensitivity_n024_f012_m012_clean03__scip_default__solverseed_8__trainseed_-1__unlabeled.sol,8,539.9598045000002,timelimit,cie_sensitivity,8.216833916479699,24,-1,checked active primary model at feasibility tolerance 1.000001e-06; removed 13 inactive auxiliaries,0.014455541149362431,auto
0.0456490773137761,0.0924393815603966,0.21493107235236247,0.15026154615784632,3,0.07132668330277515,10514.9989495,2.8544717553152443,cie_sensitivity_n024_f012_m012_clean03.lp,0.045363770580565,0.040418453871572585,501.0,scip_default,774.0,D:\git\git\RDMCT-A3C\cie\data\sensitivity\spbs\cie_sensitivity_n024_f012_m012_clean03.lp,40148.00890505008,8,0.35178842050609477,0.0,266.0,2712.0,True,,D:\git\git\RDMCT-A3C\cie\results\sensitivity\cie_sensitivity_600s_mem2048_repro_v1\seeds8to10\solutions\cie_sensitivity__cie_sensitivity_n024_f012_m012_clean03__scip_default__solverseed_9__trainseed_-1__unlabeled.sol,9,539.7451906999995,timelimit,cie_sensitivity,8.216833916479699,24,-1,checked active primary model at feasibility tolerance 1.000001e-06; removed 13 inactive auxiliaries,0.014455541149362431,auto
0.0456490773137761,0.0924393815603966,0.21493107235236247,0.15026154615784632,3,0.07132668330277515,10514.9989495,2.8292057350691917,cie_sensitivity_n024_f012_m012_clean03.lp,0.04878745137909821,0.040418453871572585,501.0,scip_default,774.0,D:\git\git\RDMCT-A3C\cie\data\sensitivity\spbs\cie_sensitivity_n024_f012_m012_clean03.lp,40073.91206435744,8,0.35178842050609477,0.0,266.0,2712.0,True,,D:\git\git\RDMCT-A3C\cie\results\sensitivity\cie_sensitivity_600s_mem2048_repro_v1\seeds8to10\solutions\cie_sensitivity__cie_sensitivity_n024_f012_m012_clean03__scip_default__solverseed_10__trainseed_-1__unlabeled.sol,10,539.7714080999995,timelimit,cie_sensitivity,8.216833916479699,24,-1,checked active primary model at feasibility tolerance 1.000001e-06; removed 13 inactive auxiliaries,0.014455541149362431,auto
0.29869321698899015,0.604853764402705,0.6720597382252268,0.5600497818543556,0,0.0,1607.000001,0.06848404255319149,cie_sensitivity_n024_f012_m012_clean10.lp,0.243310516338948,0.2601120097945783,481.5833333333331,scip_default,638.0,D:\git\git\RDMCT-A3C\cie\data\sensitivity\spbs\cie_sensitivity_n024_f012_m012_clean10.lp,18412.324740287346,4,0.2401460532140379,3.069544618483633e-12,207.0,2246.0000000000005,True,,D:\git\git\RDMCT-A3C\cie\results\sensitivity\cie_sensitivity_600s_mem2048_repro_v1\seeds8to10\solutions\cie_sensitivity__cie_sensitivity_n024_f012_m012_clean10__scip_default__solverseed_8__trainseed_-1__unlabeled.sol,8,539.7112192000004,timelimit,cie_sensitivity,53.76477905801818,24,-1,checked active primary model at feasibility tolerance 1.000001e-06; removed 13 inactive auxiliaries,0.05476042311464815,auto
0.31454783727749186,0.6369593704869205,0.7077326338743561,0.5897771948952979,0,0.0,1526.000001,0.0,cie_sensitivity_n024_f012_m012_clean10.lp,0.29030144083204223,0.28440367150432666,469.33333358333425,scip_default,565.999998999998,D:\git\git\RDMCT-A3C\cie\data\sensitivity\spbs\cie_sensitivity_n024_f012_m012_clean10.lp,16556.11160526718,4,0.24014605321403606,4.320099833421409e-12,102.99999899999796,1952.0000060000084,True,,D:\git\git\RDMCT-A3C\cie\results\sensitivity\cie_sensitivity_600s_mem2048_repro_v1\seeds8to10\solutions\cie_sensitivity__cie_sensitivity_n024_f012_m012_clean10__scip_default__solverseed_9__trainseed_-1__unlabeled.sol,9,241.58513029999813,optimal,cie_sensitivity,56.618610709948484,24,-1,checked active primary model at feasibility tolerance 1.000001e-06; removed 13 inactive auxiliaries,0.057667103500873604,auto
0.0456490773137761,0.0924393815603966,0.10271042395599622,0.08559201996333018,0,0.0,10514.9989495,5.991355683843086,cie_sensitivity_n024_f012_m012_clean10.lp,0.07912506734387857,0.08235854365360437,636.1666666666666,scip_default,1156.0,D:\git\git\RDMCT-A3C\cie\data\sensitivity\spbs\cie_sensitivity_n024_f012_m012_clean10.lp,46306.72295867991,4,0.5489217977803267,0.0,310.0,5956.0,True,,D:\git\git\RDMCT-A3C\cie\results\sensitivity\cie_sensitivity_600s_mem2048_repro_v1\seeds8to10\solutions\cie_sensitivity__cie_sensitivity_n024_f012_m012_clean10__scip_default__solverseed_10__trainseed_-1__unlabeled.sol,10,539.9727591999999,timelimit,cie_sensitivity,8.216833916479699,24,-1,checked active primary model at feasibility tolerance 1.000001e-06; removed 13 inactive auxiliaries,0.008368997507525618,auto
0.045662105018487525,0.08310503113364696,0.16742771840112136,0.08561644690966441,1,0.023782346363795677,10511.9989498,3.842007806909169,cie_sensitivity_n024_f012_m012_motion080.lp,0.06238585098150995,0.07482877459904844,550.3166666666687,scip_default,951.4000000000001,D:\git\git\RDMCT-A3C\cie\data\sensitivity\spbs\cie_sensitivity_n024_f012_m012_motion080.lp,42917.573092670355,6,0.33019029186889604,2.8421709430404007e-12,564.4000000000019,4102.000000000057,True,,D:\git\git\RDMCT-A3C\cie\results\sensitivity\cie_sensitivity_600s_mem2048_repro_v1\seeds8to10\solutions\cie_sensitivity__cie_sensitivity_n024_f012_m012_motion080__scip_default__solverseed_8__trainseed_-1__unlabeled.sol,8,539.8002143999984,timelimit,cie_sensitivity,8.219178903327785,24,-1,checked active primary model at feasibility tolerance 1.000001e-06; removed 13 inactive auxiliaries,0.008523592936784535,auto
0.04566210501848779,0.08310503113364717,0.16742771840112178,0.08561644690966441,1,0.023782346363795677,10511.9989498,3.817156515809819,cie_sensitivity_n024_f012_m012_motion080.lp,0.057657920524386425,0.07955670505616912,550.316666666667,scip_default,951.4000000000021,D:\git\git\RDMCT-A3C\cie\data\sensitivity\spbs\cie_sensitivity_n024_f012_m012_motion080.lp,42852.96121406345,6,0.3301902918688929,2.0463630789890885e-12,564.400000000004,4101.999999999993,True,,D:\git\git\RDMCT-A3C\cie\results\sensitivity\cie_sensitivity_600s_mem2048_repro_v1\seeds8to10\solutions\cie_sensitivity__cie_sensitivity_n024_f012_m012_motion080__scip_default__solverseed_9__trainseed_-1__unlabeled.sol,9,539.7897892000037,timelimit,cie_sensitivity,8.219178903327785,24,-1,checked active primary model at feasibility tolerance 1.000001e-06; removed 13 inactive auxiliaries,0.008523592936784405,auto
0.21770682138166525,0.396226414461083,0.7982583450661034,0.4082002900906221,1,0.11338896946961727,2204.80000099999,0.0,cie_sensitivity_n024_f012_m012_motion080.lp,0.2173439762258105,0.30914368636195966,518.3499998333201,scip_default,930.599999999952,D:\git\git\RDMCT-A3C\cie\data\sensitivity\spbs\cie_sensitivity_n024_f012_m012_motion080.lp,32764.727937998952,6,0.2270292585836917,2.5011104298755527e-11,487.19999999995207,3334.799995999846,True,,D:\git\git\RDMCT-A3C\cie\results\sensitivity\cie_sensitivity_600s_mem2048_repro_v1\seeds8to10\solutions\cie_sensitivity__cie_sensitivity_n024_f012_m012_motion080__scip_default__solverseed_10__trainseed_-1__unlabeled.sol,10,499.98608859999877,optimal,cie_sensitivity,39.18722784869973,24,-1,checked active primary model at feasibility tolerance 1.000001e-06; removed 13 inactive auxiliaries,0.040638606657911615,auto
0.04563605704072718,0.10176840720082322,0.16733220914933294,0.0855676069513635,1,0.023768779708712086,10517.9989492,3.6618202943888982,cie_sensitivity_n024_f012_m012_motion120.lp,0.08355201443206461,0.06710401887363568,714.3999999999984,scip_default,1600.4,D:\git\git\RDMCT-A3C\cie\data\sensitivity\spbs\cie_sensitivity_n024_f012_m012_motion120.lp,42495.05186173042,6,0.2529973462322856,2.6147972675971687e-12,1169.799999999996,7627.200000000008,True,,D:\git\git\RDMCT-A3C\cie\results\sensitivity\cie_sensitivity_600s_mem2048_repro_v1\seeds8to10\solutions\cie_sensitivity__cie_sensitivity_n024_f012_m012_motion120__scip_default__solverseed_8__trainseed_-1__unlabeled.sol,8,539.6566547000002,timelimit,cie_sensitivity,8.214490267330897,24,-1,checked active primary model at feasibility tolerance 1.000001e-06; removed 13 inactive auxiliaries,0.012778095971403582,auto
0.04563605704072718,0.10176840720082327,0.16733220914933303,0.0855676069513635,1,0.023768779708712086,10517.9989492,3.651923462273337,cie_sensitivity_n024_f012_m012_motion120.lp,0.07387336733467725,0.07678266597102283,714.3999999999987,scip_default,1600.4,D:\git\git\RDMCT-A3C\cie\data\sensitivity\spbs\cie_sensitivity_n024_f012_m012_motion120.lp,42480.516570509884,6,0.2529973462322881,1.5916157281026244e-12,1169.7999999999952,7627.199999999987,True,,D:\git\git\RDMCT-A3C\cie\results\sensitivity\cie_sensitivity_600s_mem2048_repro_v1\seeds8to10\solutions\cie_sensitivity__cie_sensitivity_n024_f012_m012_motion120__scip_default__solverseed_9__trainseed_-1__unlabeled.sol,9,539.8229916000018,timelimit,cie_sensitivity,8.214490267330897,24,-1,checked active primary model at feasibility tolerance 1.000001e-06; removed 13 inactive auxiliaries,0.012778095971402545,auto
0.04563605704072723,0.10176840720082193,0.1673322091493333,0.0855676069513635,1,0.023768779708712086,10517.9989492,3.65192346227334,cie_sensitivity_n024_f012_m012_motion120.lp,0.06419472023728988,0.08646131306840947,714.3999999999983,scip_default,1600.4,D:\git\git\RDMCT-A3C\cie\data\sensitivity\spbs\cie_sensitivity_n024_f012_m012_motion120.lp,42472.95378169357,6,0.25299734623228054,2.7284841053187847e-12,1169.799999999996,7627.199999999952,True,,D:\git\git\RDMCT-A3C\cie\results\sensitivity\cie_sensitivity_600s_mem2048_repro_v1\seeds8to10\solutions\cie_sensitivity__cie_sensitivity_n024_f012_m012_motion120__scip_default__solverseed_10__trainseed_-1__unlabeled.sol,10,539.8030730000028,timelimit,cie_sensitivity,8.214490267330897,24,-1,checked active primary model at feasibility tolerance 1.000001e-06; removed 13 inactive auxiliaries,0.012778095971403582,auto
0.0456490773137761,0.0924393815603966,0.16737995015051235,0.08559201996333018,1,0.02377556110092505,10514.9989495,3.7322227490998947,cie_sensitivity_n024_f012_m012_nominal.lp,0.06428911721690134,0.07883976061066747,601.0,scip_default,1292.0,D:\git\git\RDMCT-A3C\cie\data\sensitivity\spbs\cie_sensitivity_n024_f012_m012_nominal.lp,42680.12689279208,6,0.24014605321403706,0.0,651.0,5112.0,True,,D:\git\git\RDMCT-A3C\cie\results\sensitivity\cie_sensitivity_600s_mem2048_repro_v1\seeds8to10\solutions\cie_sensitivity__cie_sensitivity_n024_f012_m012_nominal__scip_default__solverseed_8__trainseed_-1__unlabeled.sol,8,539.7542713999974,timelimit,cie_sensitivity,8.216833916479699,24,-1,checked active primary model at feasibility tolerance 1.000001e-06; removed 13 inactive auxiliaries,0.010651451373214422,auto
0.0456490773137761,0.0924393815603966,0.16737995015051235,0.08559201996333018,1,0.02377556110092505,10514.9989495,3.749322018292683,cie_sensitivity_n024_f012_m012_nominal.lp,0.07246791023561956,0.07066096759194926,601.0,scip_default,1292.0,D:\git\git\RDMCT-A3C\cie\data\sensitivity\spbs\cie_sensitivity_n024_f012_m012_nominal.lp,42703.08457459334,6,0.24014605321403706,0.0,651.0,5112.0,True,,D:\git\git\RDMCT-A3C\cie\results\sensitivity\cie_sensitivity_600s_mem2048_repro_v1\seeds8to10\solutions\cie_sensitivity__cie_sensitivity_n024_f012_m012_nominal__scip_default__solverseed_9__trainseed_-1__unlabeled.sol,9,539.7728787000015,timelimit,cie_sensitivity,8.216833916479699,24,-1,checked active primary model at feasibility tolerance 1.000001e-06; removed 13 inactive auxiliaries,0.010651451373214422,auto
0.0456490773137761,0.0924393815603966,0.16737995015051235,0.08559201996333018,1,0.02377556110092505,10514.9989495,3.7536161611663657,cie_sensitivity_n024_f012_m012_nominal.lp,0.06295768579524953,0.08017119203231927,601.0,scip_default,1292.0,D:\git\git\RDMCT-A3C\cie\data\sensitivity\spbs\cie_sensitivity_n024_f012_m012_nominal.lp,42705.08684007597,6,0.24014605321403706,0.0,651.0,5112.0,True,,D:\git\git\RDMCT-A3C\cie\results\sensitivity\cie_sensitivity_600s_mem2048_repro_v1\seeds8to10\solutions\cie_sensitivity__cie_sensitivity_n024_f012_m012_nominal__scip_default__solverseed_10__trainseed_-1__unlabeled.sol,10,539.8060157,timelimit,cie_sensitivity,8.216833916479699,24,-1,checked active primary model at feasibility tolerance 1.000001e-06; removed 13 inactive auxiliaries,0.010651451373214422,auto
0.04564907275150443,0.09243937232179647,0.1673799334221829,0.0855920114090708,1,0.02377555872474189,10515.0000003928,3.7279676256262206,cie_sensitivity_n024_f012_m012_pec10.lp,0.07398953875139676,0.08131241083861726,610.75,scip_default,956.0,D:\git\git\RDMCT-A3C\cie\data\sensitivity\spbs\cie_sensitivity_n024_f012_m012_pec10.lp,42659.21760184411,6,0.35178842050609477,0.0,418.0,5346.0,True,,D:\git\git\RDMCT-A3C\cie\results\sensitivity\cie_sensitivity_600s_mem2048_repro_v1\seeds8to10\solutions\cie_sensitivity__cie_sensitivity_n024_f012_m012_pec10__scip_default__solverseed_8__trainseed_-1__unlabeled.sol,8,539.7595393999982,timelimit,cie_sensitivity,8.216833095270797,24,-1,checked active primary model at feasibility tolerance 1.000001e-06; removed 13 inactive auxiliaries,0.010651450308684366,auto
0.04564907275150443,0.09243937232179647,0.1673799334221829,0.0855920114090708,1,0.02377555872474189,10515.0000003928,3.7450361008090023,cie_sensitivity_n024_f012_m012_pec10.lp,0.06362339514740929,0.09120304326810989,610.75,scip_default,956.0,D:\git\git\RDMCT-A3C\cie\data\sensitivity\spbs\cie_sensitivity_n024_f012_m012_pec10.lp,42684.31764081109,6,0.35178842050609477,0.0,418.0,5346.0,True,,D:\git\git\RDMCT-A3C\cie\results\sensitivity\cie_sensitivity_600s_mem2048_repro_v1\seeds8to10\solutions\cie_sensitivity__cie_sensitivity_n024_f012_m012_pec10__scip_default__solverseed_9__trainseed_-1__unlabeled.sol,9,539.788959999998,timelimit,cie_sensitivity,8.216833095270797,24,-1,checked active primary model at feasibility tolerance 1.000001e-06; removed 13 inactive auxiliaries,0.010651450308684366,auto
0.04564907275150443,0.09243937232179647,0.1673799334221829,0.0855920114090708,1,0.02377555872474189,10515.0000003928,3.74075743886058,cie_sensitivity_n024_f012_m012_pec10.lp,0.06495482643599484,0.09034712315401917,610.75,scip_default,965.0,D:\git\git\RDMCT-A3C\cie\data\sensitivity\spbs\cie_sensitivity_n024_f012_m012_pec10.lp,42681.027103483284,6,0.35178842050609477,0.0,418.0,5346.0,True,,D:\git\git\RDMCT-A3C\cie\results\sensitivity\cie_sensitivity_600s_mem2048_repro_v1\seeds8to10\solutions\cie_sensitivity__cie_sensitivity_n024_f012_m012_pec10__scip_default__solverseed_10__trainseed_-1__unlabeled.sol,10,539.7590987000003,timelimit,cie_sensitivity,8.216833095270797,24,-1,checked active primary model at feasibility tolerance 1.000001e-06; removed 13 inactive auxiliaries,0.010651450308684366,auto
0.2407221663787751,0.4874623869170197,0.7562688060399856,0.36108324956816296,1,0.12537612832227876,1994.000001,0.0,cie_sensitivity_n024_f012_m012_process080.lp,0.24974924811948393,0.37061183506990353,473.24999983333333,scip_default,803.0000000000001,D:\git\git\RDMCT-A3C\cie\data\sensitivity\spbs\cie_sensitivity_n024_f012_m012_process080.lp,34402.28299757474,6,0.2916059226525734,2.2737367544323206e-13,376.0,3342.000001,True,,D:\git\git\RDMCT-A3C\cie\results\sensitivity\cie_sensitivity_600s_mem2048_repro_v1\seeds8to10\solutions\cie_sensitivity__cie_sensitivity_n024_f012_m012_process080__scip_default__solverseed_8__trainseed_-1__unlabeled.sol,8,425.64313160000165,optimal,cie_sensitivity,43.32998994817954,24,-1,checked active primary model at feasibility tolerance 1.000001e-06; removed 13 inactive auxiliaries,0.056168505488381,auto
0.2407221663787751,0.4874623869170197,0.7562688060399856,0.36108324956816285,1,0.12537612832227876,1994.000001,0.0,cie_sensitivity_n024_f012_m012_process080.lp,0.24874623859140158,0.33500501487712825,509.99999987499996,scip_default,1013.0000000000001,D:\git\git\RDMCT-A3C\cie\data\sensitivity\spbs\cie_sensitivity_n024_f012_m012_process080.lp,38532.37291813854,6,0.2916059223550163,5.000001692678779e-07,429.0000000000001,4224.0,True,,D:\git\git\RDMCT-A3C\cie\results\sensitivity\cie_sensitivity_600s_mem2048_repro_v1\seeds8to10\solutions\cie_sensitivity__cie_sensitivity_n024_f012_m012_process080__scip_default__solverseed_9__trainseed_-1__unlabeled.sol,9,474.65364620000037,optimal,cie_sensitivity,43.32998994817954,24,-1,checked active primary model at feasibility tolerance 1.000001e-06; removed 13 inactive auxiliaries,0.056168505488381,auto
0.240722166378775,0.48746238691701893,0.7562688060399865,0.36108324956816373,1,0.12537612832227876,1994.000001,0.0,cie_sensitivity_n024_f012_m012_process080.lp,0.4461718486562187,0.3181210295963947,496.02777777777897,scip_default,989.000000000002,D:\git\git\RDMCT-A3C\cie\data\sensitivity\spbs\cie_sensitivity_n024_f012_m012_process080.lp,30563.723126309367,6,0.28529597712587007,1.0459189070388675e-11,299.0,3866.666666666684,True,,D:\git\git\RDMCT-A3C\cie\results\sensitivity\cie_sensitivity_600s_mem2048_repro_v1\seeds8to10\solutions\cie_sensitivity__cie_sensitivity_n024_f012_m012_process080__scip_default__solverseed_10__trainseed_-1__unlabeled.sol,10,375.67276140000104,optimal,cie_sensitivity,43.32998994817954,24,-1,checked active primary model at feasibility tolerance 1.000001e-06; removed 13 inactive auxiliaries,0.056168505488380656,auto
0.19215372290145977,0.3891112888754542,0.8054443551619513,0.43234587652828593,1,0.10008006401117692,2498.000001,0.0,cie_sensitivity_n024_f012_m012_process120.lp,0.20856685339929465,0.25260208156421016,551.0833334166676,scip_default,678.9999989999899,D:\git\git\RDMCT-A3C\cie\data\sensitivity\spbs\cie_sensitivity_n024_f012_m012_process120.lp,14103.926656565927,6,0.20412414523193192,9.094947017729282e-13,157.0,2618.000002000018,True,,D:\git\git\RDMCT-A3C\cie\results\sensitivity\cie_sensitivity_600s_mem2048_repro_v1\seeds8to10\solutions\cie_sensitivity__cie_sensitivity_n024_f012_m012_process120__scip_default__solverseed_8__trainseed_-1__unlabeled.sol,8,227.24699549999787,optimal,cie_sensitivity,34.58767012226274,24,-1,checked active primary model at feasibility tolerance 1.000001e-06; removed 13 inactive auxiliaries,0.044835868677007264,auto
0.0456490773137761,0.0924393815603966,0.1913457157402448,0.10271042395599622,1,0.02377556110092505,10514.9989495,3.260534419975689,cie_sensitivity_n024_f012_m012_process120.lp,0.05886828928589043,0.03708987531744308,602.5833333333334,scip_default,946.0,D:\git\git\RDMCT-A3C\cie\data\sensitivity\spbs\cie_sensitivity_n024_f012_m012_process120.lp,41397.182107504144,4,0.19375782341425943,0.0,360.0,3598.0,True,,D:\git\git\RDMCT-A3C\cie\results\sensitivity\cie_sensitivity_600s_mem2048_repro_v1\seeds8to10\solutions\cie_sensitivity__cie_sensitivity_n024_f012_m012_process120__scip_default__solverseed_9__trainseed_-1__unlabeled.sol,9,539.9181901999982,timelimit,cie_sensitivity,8.216833916479699,24,-1,checked active primary model at feasibility tolerance 1.000001e-06; removed 13 inactive auxiliaries,0.010651451373214422,auto
0.0456490773137761,0.0924393815603966,0.1913457157402448,0.10271042395599622,1,0.02377556110092505,10514.9989495,3.246768557552504,cie_sensitivity_n024_f012_m012_process120.lp,0.05886828928589043,0.03708987531744308,602.5833333333334,scip_default,946.0,D:\git\git\RDMCT-A3C\cie\data\sensitivity\spbs\cie_sensitivity_n024_f012_m012_process120.lp,41355.45266661372,4,0.19375782341425943,0.0,360.0,3598.0,True,,D:\git\git\RDMCT-A3C\cie\results\sensitivity\cie_sensitivity_600s_mem2048_repro_v1\seeds8to10\solutions\cie_sensitivity__cie_sensitivity_n024_f012_m012_process120__scip_default__solverseed_10__trainseed_-1__unlabeled.sol,10,539.7606111999994,timelimit,cie_sensitivity,8.216833916479699,24,-1,checked active primary model at feasibility tolerance 1.000001e-06; removed 13 inactive auxiliaries,0.010651451373214422,auto
